SaleID,ProductID,CustomerID,SalesAmount,Quantity,Timestamp
1,1020,460,1639.1,18,2024-08-09 20:21:00
2,1029,198,186.11,42,2024-11-28 05:01:00
3,1012,524,1712.72,49,2024-10-13 00:36:00
4,1016,285,1919.83,50,2024-07-06 23:39:00
5,1021,369,66.36,21,2024-06-08 19:58:00
6,1016,709,1705.51,31,2024-11-15 12:24:00
7,1047,929,1509.94,3,2024-08-28 05:43:00
8,1027,19,1635.15,25,2024-08-30 19:07:00
9,1020,983,1070.59,31,2024-10-22 15:17:00
10,1006,536,1097.0,2,2024-06-20 09:59:00
11,1005,164,683.83,38,2024-11-15 09:33:00
12,1017,955,1187.22,26,2024-07-07 00:55:00
13,1046,102,1660.55,37,2024-06-10 20:40:00
14,1039,246,1285.76,12,2024-10-31 22:31:00
15,1044,231,580.56,2,2024-10-30 09:54:00
16,1012,266,1729.19,38,2024-09-22 19:51:00
17,1018,558,1700.77,44,2024-09-28 12:04:00
18,1004,267,1685.47,20,2024-07-29 14:48:00
19,1023,647,960.8,37,2024-08-17 13:20:00
20,1030,99,1220.63,5,2024-08-20 12:26:00
21,1002,152,415.25,29,2024-09-12 16:38:00
22,1027,36,1493.54,42,2024-09-09 02:48:00
23,1027,23,1433.8,15,2024-11-01 03:59:00
24,1043,362,426.93,39,2024-06-17 01:40:00
25,1003,422,1428.43,35,2024-06-19 23:12:00
26,1040,709,312.35,2,2024-11-21 11:15:00
27,1003,743,416.27,4,2024-09-20 12:07:00
28,1029,308,1679.89,38,2024-10-08 19:53:00
29,1041,523,1660.59,5,2024-07-24 20:12:00
30,1023,736,1314.46,6,2024-08-01 05:18:00
31,1025,835,1298.54,12,2024-07-16 11:20:00
32,1005,140,318.78,22,2024-11-15 18:19:00
33,1011,355,407.13,12,2024-07-20 08:41:00
34,1023,408,149.62,38,2024-11-26 06:12:00
35,1011,67,117.33,43,2024-07-28 06:47:00
36,1049,581,566.6,24,2024-06-02 09:56:00
37,1000,10,63.47,39,2024-11-27 03:22:00
38,1026,527,1116.63,3,2024-10-25 16:12:00
39,1030,811,1475.13,26,2024-09-19 09:17:00
40,1006,755,1330.2,33,2024-06-28 11:37:00
41,1015,219,327.25,26,2024-11-17 14:28:00
42,1006,672,1828.59,39,2024-10-28 06:57:00
43,1014,815,1601.49,10,2024-09-17 10:24:00
44,1026,710,1803.84,23,2024-10-29 16:50:00
45,1017,199,454.09,23,2024-07-15 20:25:00
46,1045,750,920.92,24,2024-11-15 15:17:00
47,1027,669,1173.01,49,2024-10-14 18:44:00
48,1022,705,70.83,46,2024-06-12 19:38:00
49,1026,349,438.13,4,2024-07-24 05:39:00
50,1044,519,187.88,12,2024-08-01 21:46:00
51,1028,255,1430.55,10,2024-07-25 23:46:00
52,1011,242,87.0,4,2024-06-21 04:19:00
53,1036,484,1489.15,44,2024-07-09 12:50:00
54,1034,988,1369.19,13,2024-10-26 00:53:00
55,1046,719,547.12,34,2024-08-04 20:34:00
56,1009,300,630.2,38,2024-08-18 15:59:00
57,1017,232,534.62,24,2024-08-12 14:55:00
58,1044,256,184.42,26,2024-07-29 08:45:00
59,1017,735,1107.99,34,2024-11-12 19:34:00
60,1034,292,111.07,11,2024-06-26 10:00:00
61,1009,64,1685.41,50,2024-11-05 10:59:00
62,1040,749,1453.5,8,2024-10-31 07:48:00
63,1015,390,1379.18,21,2024-11-06 17:32:00
64,1017,598,1897.31,14,2024-11-17 22:27:00
65,1049,172,209.86,15,2024-08-24 02:47:00
66,1009,643,1125.76,8,2024-08-08 09:28:00
67,1037,265,74.77,3,2024-09-23 19:12:00
68,1007,482,421.24,10,2024-09-08 22:43:00
69,1033,854,321.19,3,2024-06-21 07:47:00
70,1021,804,178.51,30,2024-11-24 01:54:00
71,1049,490,706.35,35,2024-10-10 18:54:00
72,1026,920,1499.29,26,2024-10-17 17:43:00
73,1008,668,1482.66,7,2024-11-25 02:48:00
74,1036,853,1681.72,46,2024-07-09 14:14:00
75,1009,566,1680.94,17,2024-07-21 18:57:00
76,1027,736,858.03,10,2024-08-21 05:46:00
77,1027,363,1395.9,20,2024-07-28 17:46:00
78,1032,189,999.8,17,2024-06-20 01:06:00
79,1048,267,109.49,25,2024-06-04 09:35:00
80,1015,760,1842.46,2,2024-07-25 11:05:00
81,1005,261,1823.12,39,2024-10-01 12:50:00
82,1044,983,1704.28,48,2024-09-21 22:12:00
83,1018,198,493.34,47,2024-10-02 02:12:00
84,1025,856,1363.31,27,2024-08-03 08:22:00
85,1037,176,856.0,25,2024-11-01 03:16:00
86,1003,400,1893.26,5,2024-08-03 02:48:00
87,1010,261,1819.99,13,2024-11-21 13:06:00
88,1019,134,724.72,17,2024-07-09 15:36:00
89,1046,367,956.12,24,2024-07-31 16:27:00
90,1003,78,614.64,6,2024-06-29 11:22:00
91,1005,735,1185.03,38,2024-11-26 17:54:00
92,1041,958,581.96,29,2024-11-08 17:33:00
93,1005,432,1525.73,30,2024-06-22 07:36:00
94,1016,790,148.59,44,2024-11-15 18:18:00
95,1000,390,190.84,24,2024-06-22 20:14:00
96,1038,816,810.3,9,2024-07-05 02:51:00
97,1047,798,266.81,7,2024-07-20 01:19:00
98,1012,955,1921.64,45,2024-11-16 17:36:00
99,1029,673,810.58,13,2024-10-07 12:46:00
100,1018,225,944.71,43,2024-10-10 02:15:00
101,1026,178,1621.67,12,2024-07-05 02:52:00
102,1031,992,725.72,16,2024-10-25 23:17:00
103,1005,838,170.53,50,2024-07-09 07:57:00
104,1018,197,847.78,1,2024-09-19 04:35:00
105,1001,910,586.63,7,2024-07-31 03:53:00
106,1009,595,1290.08,47,2024-10-20 00:33:00
107,1006,502,1027.42,32,2024-08-01 02:58:00
108,1020,219,1275.15,9,2024-08-09 05:02:00
109,1000,990,91.38,6,2024-09-11 09:57:00
110,1045,60,265.11,39,2024-09-07 08:28:00
111,1009,219,1969.99,8,2024-10-03 05:36:00
112,1031,655,1649.13,17,2024-07-09 18:44:00
113,1024,513,691.78,50,2024-08-05 01:17:00
114,1014,463,1052.68,43,2024-06-03 15:48:00
115,1040,587,1556.93,24,2024-09-06 01:55:00
116,1010,34,1590.88,19,2024-09-27 01:07:00
117,1016,63,778.67,37,2024-09-23 21:05:00
118,1030,660,1850.28,22,2024-11-03 21:25:00
119,1049,538,1669.96,50,2024-11-17 14:32:00
120,1015,172,76.93,46,2024-07-25 03:14:00
121,1003,166,1629.51,28,2024-11-19 12:48:00
122,1010,555,1502.15,1,2024-07-02 17:36:00
123,1042,367,1304.7,9,2024-10-05 18:58:00
124,1014,477,141.84,41,2024-07-03 14:03:00
125,1023,0,620.28,26,2024-09-12 11:51:00
126,1035,38,1813.16,27,2024-10-06 16:41:00
127,1022,547,1263.16,37,2024-08-17 05:16:00
128,1000,423,1456.14,27,2024-10-15 06:28:00
129,1014,840,508.76,32,2024-08-07 09:47:00
130,1023,393,1885.0,43,2024-09-20 10:17:00
131,1008,395,1396.4,40,2024-10-04 23:21:00
132,1001,285,844.56,19,2024-08-05 23:45:00
133,1006,255,1755.93,39,2024-09-14 10:14:00
134,1039,206,1999.04,9,2024-11-17 23:07:00
135,1003,591,711.2,30,2024-06-18 01:09:00
136,1038,338,524.49,24,2024-06-02 12:59:00
137,1021,58,757.79,9,2024-07-16 11:22:00
138,1032,531,1764.41,43,2024-06-21 01:02:00
139,1022,499,1762.96,13,2024-07-23 19:56:00
140,1031,844,1242.79,42,2024-08-27 08:15:00
141,1045,878,887.35,5,2024-08-20 02:18:00
142,1025,749,732.2,5,2024-08-20 18:48:00
143,1025,365,317.1,6,2024-09-13 20:55:00
144,1004,65,791.08,5,2024-09-25 10:14:00
145,1047,854,1576.27,44,2024-06-05 07:21:00
146,1006,283,1360.31,4,2024-10-25 20:57:00
147,1033,763,1328.52,32,2024-08-28 00:38:00
148,1040,583,274.27,49,2024-10-04 07:25:00
149,1002,808,931.07,14,2024-09-22 22:18:00
150,1034,139,1265.97,36,2024-08-22 07:33:00
151,1047,830,730.26,48,2024-06-29 15:31:00
152,1010,310,467.04,38,2024-07-20 13:57:00
153,1012,430,1825.56,7,2024-09-29 18:08:00
154,1028,396,1128.17,6,2024-07-06 00:07:00
155,1008,736,1507.65,11,2024-10-17 10:15:00
156,1048,285,195.98,48,2024-09-12 20:17:00
157,1013,173,648.23,37,2024-08-18 14:02:00
158,1039,240,454.5,47,2024-06-10 21:03:00
159,1020,738,158.38,33,2024-08-06 02:25:00
160,1019,753,895.42,43,2024-10-22 01:49:00
161,1036,54,756.11,48,2024-07-30 22:55:00
162,1005,544,440.47,24,2024-09-28 10:09:00
163,1016,468,302.41,29,2024-07-28 13:48:00
164,1011,966,346.42,46,2024-09-11 22:34:00
165,1029,581,1154.3,7,2024-11-02 22:51:00
166,1024,471,1684.02,5,2024-08-12 21:44:00
167,1002,453,390.2,10,2024-06-11 14:57:00
168,1001,424,391.97,14,2024-06-16 00:46:00
169,1027,181,1296.95,22,2024-07-25 23:36:00
170,1039,143,1931.63,23,2024-06-14 17:17:00
171,1037,82,1000.84,2,2024-11-02 05:30:00
172,1024,959,1994.26,10,2024-08-30 19:51:00
173,1001,199,1951.98,22,2024-06-11 18:17:00
174,1029,698,1342.2,5,2024-09-06 12:32:00
175,1034,969,979.41,23,2024-06-30 10:14:00
176,1047,253,1261.43,5,2024-09-20 11:55:00
177,1004,562,212.05,20,2024-10-14 11:21:00
178,1018,318,461.93,5,2024-08-22 19:22:00
179,1032,964,1659.99,26,2024-07-20 20:59:00
180,1029,256,40458.92,26,2024-08-16 13:23:00
181,1020,67,184.41,4,2024-08-24 09:28:00
182,1043,840,1670.53,4,2024-07-09 13:05:00
183,1048,552,952.0,17,2024-07-30 07:11:00
184,1032,107,404.8,24,2024-06-16 23:40:00
185,1023,80,1702.72,1,2024-11-04 05:47:00
186,1012,640,1480.24,27,2024-08-05 15:58:00
187,1001,143,1214.65,42,2024-07-14 22:20:00
188,1039,228,1725.87,4,2024-06-12 10:03:00
189,1007,203,1578.34,10,2024-07-03 06:58:00
190,1029,408,285.35,48,2024-11-15 03:49:00
191,1024,136,1862.32,25,2024-07-04 15:41:00
192,1028,306,1291.35,27,2024-10-26 07:22:00
193,1019,461,1889.53,45,2024-11-03 05:32:00
194,1029,809,553.57,5,2024-10-31 22:08:00
195,1021,132,1605.14,5,2024-09-05 18:34:00
196,1015,632,224.59,3,2024-06-18 12:26:00
197,1033,915,1774.32,3,2024-08-12 10:49:00
198,1016,435,1205.8,34,2024-08-13 13:22:00
199,1033,756,1416.84,15,2024-09-30 16:13:00
200,1009,509,456.16,14,2024-09-25 17:03:00
201,1028,283,1948.54,46,2024-10-23 22:02:00
202,1032,472,269.89,20,2024-08-24 19:39:00
203,1003,686,610.38,4,2024-08-06 17:34:00
204,1019,653,77.91,10,2024-09-09 02:30:00
205,1041,467,1705.25,26,2024-07-09 23:30:00
206,1034,755,1825.9,49,2024-10-12 22:11:00
207,1037,10,812.31,11,2024-08-17 20:23:00
208,1034,445,385.25,7,2024-07-03 00:47:00
209,1040,634,1193.95,18,2024-09-30 06:54:00
210,1031,843,1542.34,14,2024-09-02 11:35:00
211,1049,857,576.87,20,2024-09-27 14:52:00
212,1016,844,1109.66,26,2024-08-01 17:30:00
213,1020,611,1508.14,25,2024-06-11 05:47:00
214,1029,468,1467.72,43,2024-08-27 11:04:00
215,1045,68,495.71,23,2024-10-25 15:40:00
216,1029,878,1139.88,28,2024-08-02 12:59:00
217,1003,399,188.21,37,2024-10-19 01:20:00
218,1006,349,1093.79,8,2024-08-29 22:10:00
219,1034,187,122.27,1,2024-09-03 04:32:00
220,1038,468,408.0,37,2024-11-09 17:06:00
221,1014,650,1705.99,19,2024-09-19 12:45:00
222,1049,682,324.91,9,2024-07-08 05:59:00
223,1026,749,1948.75,12,2024-08-21 01:40:00
224,1041,335,1641.06,43,2024-08-31 13:03:00
225,1039,267,1552.1,1,2024-11-24 22:52:00
226,1041,858,1901.81,45,2024-10-26 13:40:00
227,1011,590,1110.42,26,2024-08-19 13:02:00
228,1040,238,1932.05,12,2024-08-12 20:08:00
229,1025,446,427.15,41,2024-11-26 22:28:00
230,1038,0,1126.75,26,2024-11-12 09:07:00
231,1017,677,1832.12,24,2024-09-28 01:21:00
232,1049,633,1128.3,24,2024-08-04 09:54:00
233,1014,19,1509.9,4,2024-09-05 01:51:00
234,1000,408,97.51,4,2024-07-18 02:30:00
235,1015,934,648.29,30,2024-08-01 18:08:00
236,1028,37,411.33,43,2024-10-21 07:56:00
237,1010,680,687.33,1,2024-11-25 12:12:00
238,1022,715,782.01,15,2024-09-27 02:59:00
239,1041,307,1424.05,28,2024-10-12 22:26:00
240,1030,967,137.99,48,2024-07-04 22:24:00
241,1035,88,1969.76,35,2024-09-25 10:53:00
242,1020,140,1160.94,16,2024-06-11 20:32:00
243,1031,205,1748.4,45,2024-09-03 08:01:00
244,1022,607,1149.25,22,2024-11-01 16:46:00
245,1015,571,132.12,21,2024-07-25 01:10:00
246,1017,948,1483.7,44,2024-08-24 09:49:00
247,1028,650,100.83,6,2024-09-27 14:56:00
248,1020,886,159.84,5,2024-10-18 15:19:00
249,1037,420,1263.84,50,2024-08-22 07:07:00
250,1008,612,1260.57,40,2024-11-04 14:59:00
251,1030,726,1786.72,23,2024-07-06 06:03:00
252,1032,153,1985.11,16,2024-09-21 00:18:00
253,1026,100,1826.23,2,2024-11-03 06:54:00
254,1047,904,1977.55,33,2024-06-29 10:04:00
255,1005,895,213.28,1,2024-10-15 19:32:00
256,1049,342,1989.24,42,2024-07-20 08:56:00
257,1040,364,888.29,25,2024-10-01 23:42:00
258,1049,653,1854.3,5,2024-07-04 00:27:00
259,1006,70,330.41,17,2024-11-12 17:08:00
260,1045,210,1506.29,37,2024-11-04 21:22:00
261,1046,220,792.14,23,2024-08-11 14:20:00
262,1033,125,877.48,22,2024-08-17 09:20:00
263,1017,647,1111.11,1,2024-08-06 05:26:00
264,1001,162,1065.44,45,2024-07-16 10:55:00
265,1016,357,410.85,28,2024-10-05 10:51:00
266,1030,756,611.46,15,2024-07-21 06:18:00
267,1032,838,800.48,37,2024-10-08 23:22:00
268,1046,224,834.29,25,2024-06-19 14:44:00
269,1010,416,1507.34,27,2024-07-22 01:56:00
270,1039,984,1260.38,1,2024-06-23 08:20:00
271,1010,940,1751.49,48,2024-07-19 15:01:00
272,1013,840,1064.16,47,2024-08-05 13:00:00
273,1044,71,337.62,7,2024-11-24 03:14:00
274,1022,213,142.59,40,2024-10-06 02:31:00
275,1013,806,283.5,2,2024-07-02 14:29:00
276,1012,668,1111.17,28,2024-07-19 02:11:00
277,1039,658,972.39,28,2024-07-09 22:52:00
278,1046,690,991.88,43,2024-06-19 01:46:00
279,1002,24,359.55,5,2024-09-04 10:18:00
280,1023,494,997.67,27,2024-07-30 07:33:00
281,1041,377,1333.88,28,2024-10-13 11:44:00
282,1016,515,1305.48,34,2024-09-15 15:07:00
283,1035,525,1443.56,25,2024-06-17 11:56:00
284,1002,578,1762.83,20,2024-10-01 02:03:00
285,1019,595,657.18,16,2024-08-25 04:27:00
286,1025,410,1637.85,21,2024-08-26 06:57:00
287,1007,651,432.19,21,2024-08-21 04:32:00
288,1001,729,1575.75,8,2024-08-20 10:07:00
289,1016,826,760.7,23,2024-08-18 15:43:00
290,1001,828,416.38,3,2024-10-26 21:03:00
291,1012,48,298.28,37,2024-11-12 17:32:00
292,1037,517,997.36,1,2024-06-07 23:17:00
293,1003,125,326.09,9,2024-11-11 07:15:00
294,1025,369,174.36,23,2024-08-11 19:06:00
295,1009,812,1766.71,41,2024-06-27 19:17:00
296,1043,690,1187.47,27,2024-09-06 09:56:00
297,1034,821,1492.62,22,2024-08-20 20:50:00
298,1025,941,1319.48,45,2024-11-12 10:18:00
299,1039,890,1759.71,18,2024-06-04 18:49:00
300,1007,450,438.69,47,2024-09-21 06:06:00
301,1012,845,773.84,41,2024-09-06 02:27:00
302,1048,223,881.14,8,2024-09-30 12:20:00
303,1046,981,586.87,8,2024-07-25 19:40:00
304,1017,540,1952.6,13,2024-06-16 08:57:00
305,1014,14,1044.16,4,2024-08-07 14:12:00
306,1041,153,615.94,44,2024-08-04 23:14:00
307,1032,342,997.18,9,2024-09-23 16:41:00
308,1015,34,1981.83,19,2024-10-22 18:56:00
309,1028,910,144.75,49,2024-11-23 19:23:00
310,1049,910,267.82,31,2024-09-25 21:45:00
311,1043,949,171.11,33,2024-09-07 05:01:00
312,1027,324,1045.39,49,2024-06-12 12:48:00
313,1037,107,149.24,35,2024-08-26 14:11:00
314,1018,554,1323.79,28,2024-06-28 03:42:00
315,1035,425,1127.99,19,2024-09-02 18:02:00
316,1000,393,721.18,20,2024-11-19 14:42:00
317,1022,526,1197.85,27,2024-10-31 11:30:00
318,1026,395,1307.63,31,2024-06-12 11:29:00
319,1002,685,1359.2,16,2024-07-02 21:55:00
320,1043,622,788.89,37,2024-06-02 13:40:00
321,1030,370,1946.67,27,2024-09-11 20:40:00
322,1033,721,304.3,13,2024-07-30 22:06:00
323,1038,199,1721.94,13,2024-09-09 17:22:00
324,1044,57,1538.57,43,2024-10-27 03:10:00
325,1048,434,749.11,49,2024-11-03 05:46:00
326,1033,362,256.71,15,2024-10-04 15:36:00
327,1024,214,1986.46,21,2024-11-15 14:03:00
328,1030,206,1616.71,15,2024-06-03 10:52:00
329,1007,355,346.83,22,2024-08-10 08:50:00
330,1009,451,126.5,24,2024-10-29 12:21:00
331,1024,141,1121.56,19,2024-09-20 15:48:00
332,1006,569,1810.61,8,2024-10-14 18:12:00
333,1000,609,1375.11,19,2024-08-03 11:05:00
334,1020,825,859.82,35,2024-08-20 17:14:00
335,1003,622,864.52,48,2024-10-20 13:32:00
336,1011,367,788.07,5,2024-11-02 20:36:00
337,1006,148,584.7,48,2024-09-26 11:23:00
338,1002,423,436.45,4,2024-08-23 05:55:00
339,1041,382,133.51,41,2024-09-23 04:19:00
340,1014,303,1765.07,28,2024-06-24 07:22:00
341,1014,254,127.08,46,2024-08-11 20:01:00
342,1034,849,1718.59,10,2024-09-05 19:51:00
343,1045,993,380.14,30,2024-10-28 12:33:00
344,1046,141,1906.83,37,2024-10-08 07:41:00
345,1030,569,750.86,23,2024-07-31 17:23:00
346,1043,110,1532.87,33,2024-07-07 01:20:00
347,1047,678,800.42,21,2024-07-24 15:08:00
348,1007,331,1181.08,27,2024-06-19 22:25:00
349,1022,826,1076.87,20,2024-07-04 07:14:00
350,1044,596,1801.16,3,2024-07-30 12:09:00
351,1011,351,1313.15,44,2024-11-08 16:56:00
352,1000,655,1571.69,4,2024-09-26 04:59:00
353,1008,440,1454.39,4,2024-10-28 12:06:00
354,1022,587,1994.0,24,2024-07-01 09:29:00
355,1021,744,1233.32,26,2024-09-29 02:58:00
356,1005,296,1324.52,46,2024-08-21 13:48:00
357,1041,384,1887.52,50,2024-07-04 11:20:00
358,1008,852,1142.37,35,2024-06-05 03:23:00
359,1014,909,1749.17,42,2024-08-31 18:48:00
360,1024,322,1130.8,36,2024-07-09 15:48:00
361,1012,939,1042.18,36,2024-10-18 08:14:00
362,1045,838,200.36,14,2024-07-09 00:47:00
363,1014,616,1034.64,45,2024-08-20 19:12:00
364,1002,964,315.58,24,2024-09-09 12:13:00
365,1015,633,311.53,7,2024-08-13 14:47:00
366,1019,628,483.89,45,2024-11-07 20:12:00
367,1021,874,589.95,42,2024-06-23 03:05:00
368,1030,532,103.26,9,2024-09-19 07:57:00
369,1030,203,567.94,50,2024-07-01 15:32:00
370,1009,856,848.57,38,2024-08-03 14:54:00
371,1030,450,168.03,30,2024-08-17 10:49:00
372,1047,497,555.45,24,2024-07-01 20:04:00
373,1041,982,1516.04,6,2024-07-02 07:59:00
374,1008,400,558.62,15,2024-06-11 21:29:00
375,1010,909,596.24,24,2024-11-22 02:26:00
376,1006,522,406.61,31,2024-09-04 16:03:00
377,1021,438,391.49,20,2024-09-18 20:31:00
378,1034,129,828.68,21,2024-08-13 04:09:00
379,1037,187,1598.16,42,2024-06-26 13:59:00
380,1004,529,2104.69,50,2024-06-03 03:28:00
381,1009,687,417.73,17,2024-07-24 22:23:00
382,1028,648,1284.19,38,2024-07-07 09:09:00
383,1040,324,1537.04,7,2024-08-22 14:25:00
384,1045,129,344.78,38,2024-11-06 06:33:00
385,1031,678,370.42,31,2024-11-02 22:03:00
386,1019,617,261.8,4,2024-07-15 14:16:00
387,1020,323,1847.3,42,2024-06-05 04:41:00
388,1042,667,1867.58,21,2024-09-17 18:48:00
389,1011,806,578.23,9,2024-07-22 07:33:00
390,1012,907,1794.46,2,2024-07-19 01:24:00
391,1042,999,432.72,10,2024-07-09 03:28:00
392,1025,968,1365.22,45,2024-09-30 04:33:00
393,1045,168,350.25,5,2024-11-19 08:11:00
394,1024,918,946.8,41,2024-09-15 00:06:00
395,1015,828,1739.38,34,2024-10-02 13:10:00
396,1042,662,736.98,16,2024-11-15 18:46:00
397,1040,972,285.55,8,2024-11-26 19:41:00
398,1003,99,546.26,1,2024-08-22 09:18:00
399,1012,857,1822.76,44,2024-10-11 01:16:00
400,1048,845,363.1,3,2024-09-08 01:05:00
401,1019,609,1719.2,42,2024-09-13 13:19:00
402,1010,906,1396.67,19,2024-11-19 06:04:00
403,1007,486,91.29,2,2024-07-26 17:27:00
404,1008,165,1981.38,2,2024-10-26 14:29:00
405,1027,758,205.61,26,2024-06-18 01:07:00
406,1014,989,439.5,48,2024-07-01 18:03:00
407,1021,848,1878.19,7,2024-09-01 20:19:00
408,1048,676,167.28,4,2024-09-12 09:59:00
409,1035,256,926.62,13,2024-07-04 13:53:00
410,1044,275,1854.03,22,2024-07-23 13:24:00
411,1000,370,1837.53,24,2024-07-10 19:44:00
412,1043,113,1021.01,38,2024-06-30 22:01:00
413,1004,261,151.8,38,2024-09-24 06:24:00
414,1017,109,772.62,19,2024-06-28 00:36:00
415,1034,106,1554.5,49,2024-08-18 05:38:00
416,1045,47,1332.91,28,2024-06-08 13:24:00
417,1013,827,886.03,31,2024-09-27 09:13:00
418,1040,656,1181.63,38,2024-06-07 21:46:00
419,1028,840,507.38,9,2024-08-14 14:37:00
420,1042,378,414.09,41,2024-10-24 02:35:00
421,1031,106,90.17,43,2024-11-07 07:07:00
422,1043,957,420.4,20,2024-08-09 15:30:00
423,1009,122,1638.24,26,2024-06-21 05:24:00
424,1046,769,1315.97,27,2024-11-25 12:42:00
425,1043,488,833.76,18,2024-11-13 06:22:00
426,1009,71,1777.43,26,2024-06-22 11:20:00
427,1044,671,1923.11,47,2024-06-05 02:20:00
428,1022,82,962.34,13,2024-09-16 07:29:00
429,1040,100,1523.84,49,2024-11-12 09:06:00
430,1002,136,720.23,19,2024-06-18 20:41:00
431,1047,500,459.3,26,2024-10-22 02:59:00
432,1039,997,309.46,22,2024-11-09 09:01:00
433,1048,638,190.62,24,2024-11-08 05:21:00
434,1048,354,1190.01,28,2024-09-19 10:01:00
435,1003,916,975.98,30,2024-08-02 11:44:00
436,1000,45,152.86,34,2024-09-25 15:50:00
437,1006,834,52.18,8,2024-10-16 13:54:00
438,1011,155,444.08,40,2024-08-22 09:12:00
439,1003,580,969.41,42,2024-09-10 02:45:00
440,1046,80,506.61,41,2024-10-04 21:36:00
441,1000,64,746.15,40,2024-10-01 18:08:00
442,1023,708,569.2,32,2024-07-06 05:26:00
443,1020,860,182.06,21,2024-10-22 06:14:00
444,1002,432,232.77,27,2024-09-22 11:39:00
445,1038,477,779.3,36,2024-08-24 19:50:00
446,1016,360,1777.17,15,2024-10-12 00:56:00
447,1021,899,166.01,12,2024-08-01 07:36:00
448,1010,914,1254.11,14,2024-06-09 14:10:00
449,1043,204,428.32,13,2024-06-19 01:39:00
450,1024,268,871.73,17,2024-09-18 21:14:00
451,1000,789,1109.17,4,2024-10-17 21:37:00
452,1009,767,444.83,3,2024-10-12 13:03:00
453,1015,194,1582.4,35,2024-06-19 17:18:00
454,1047,568,1143.57,42,2024-09-08 13:51:00
455,1017,148,1151.51,32,2024-11-11 12:08:00
456,1039,622,1048.11,9,2024-06-10 12:58:00
457,1021,167,769.37,17,2024-06-07 02:43:00
458,1002,372,1329.46,40,2024-09-05 03:21:00
459,1043,528,706.64,14,2024-10-08 03:59:00
460,1042,121,1480.42,41,2024-09-17 08:07:00
461,1043,679,1280.5,10,2024-06-27 14:24:00
462,1042,534,323.77,1,2024-07-16 10:08:00
463,1018,499,1727.85,28,2024-08-19 12:19:00
464,1033,405,1365.0,44,2024-10-17 00:52:00
465,1035,516,1122.29,42,2024-07-23 10:21:00
466,1031,629,1592.99,41,2024-09-25 06:36:00
467,1046,337,1039.89,4,2024-10-10 05:23:00
468,1031,471,1500.07,15,2024-09-08 18:07:00
469,1028,170,1462.44,21,2024-10-26 04:50:00
470,1023,832,272.74,50,2024-08-17 12:13:00
471,1045,551,1994.99,16,2024-10-04 06:51:00
472,1001,638,178.83,42,2024-11-26 09:08:00
473,1026,586,325.88,20,2024-06-07 17:05:00
474,1014,17,1243.11,3,2024-09-18 06:50:00
475,1002,255,536.39,21,2024-10-30 06:24:00
476,1019,849,1317.24,30,2024-09-27 15:46:00
477,1007,658,1142.62,5,2024-09-13 11:36:00
478,1011,601,1611.87,38,2024-07-18 13:38:00
479,1024,127,1517.31,23,2024-06-25 17:18:00
480,1000,880,1057.4,41,2024-09-17 19:41:00
481,1006,90,1270.09,5,2024-08-14 01:31:00
482,1006,382,957.51,40,2024-06-20 02:04:00
483,1032,349,64357.03,39,2024-08-05 01:31:00
484,1009,306,511.67,24,2024-07-04 13:29:00
485,1000,29,1038.87,13,2024-09-19 01:08:00
486,1038,177,1062.42,40,2024-08-02 07:27:00
487,1048,152,281.37,34,2024-08-13 21:10:00
488,1002,209,1200.76,10,2024-10-11 19:01:00
489,1007,101,1367.41,44,2024-10-14 12:51:00
490,1033,753,908.81,1,2024-11-12 12:10:00
491,1036,485,1551.94,18,2024-06-22 11:27:00
492,1027,155,979.98,15,2024-11-11 13:44:00
493,1026,519,1554.73,20,2024-07-10 09:36:00
494,1015,194,474.31,32,2024-10-26 00:52:00
495,1035,187,1373.06,17,2024-11-13 02:41:00
496,1046,50,475.21,1,2024-09-03 09:16:00
497,1009,98,1979.5,5,2024-07-15 15:52:00
498,1038,730,385.99,42,2024-06-12 18:08:00
499,1002,388,619.99,44,2024-07-13 10:55:00
500,1033,380,55.62,32,2024-06-16 20:59:00
501,1017,937,915.13,22,2024-10-29 05:20:00
502,1046,957,600.87,30,2024-07-14 13:29:00
503,1017,965,793.89,35,2024-07-02 14:03:00
504,1009,662,1500.44,34,2024-07-26 23:26:00
505,1039,2,1174.18,19,2024-11-12 16:59:00
506,1031,48,749.57,27,2024-08-20 03:40:00
507,1007,762,447.29,19,2024-11-13 04:18:00
508,1032,518,845.81,29,2024-11-15 04:10:00
509,1014,976,951.52,36,2024-09-10 02:17:00
510,1014,322,641.87,29,2024-10-19 19:04:00
511,1022,327,1336.21,26,2024-10-08 12:50:00
512,1033,228,1336.77,47,2024-10-08 13:32:00
513,1009,792,1900.16,42,2024-09-19 18:35:00
514,1008,635,1932.3,24,2024-07-18 08:11:00
515,1009,812,1169.8,46,2024-11-03 18:07:00
516,1031,491,1778.29,20,2024-10-24 01:12:00
517,1018,811,323.84,29,2024-08-22 03:30:00
518,1017,677,1580.03,47,2024-11-03 22:15:00
519,1004,109,1809.19,1,2024-10-25 13:26:00
520,1038,335,1005.63,45,2024-06-20 22:30:00
521,1022,57,820.08,40,2024-06-25 01:02:00
522,1042,889,347.27,21,2024-09-13 21:02:00
523,1016,296,575.95,15,2024-06-15 06:54:00
524,1032,253,472.57,43,2024-11-09 02:46:00
525,1044,471,1807.8,42,2024-06-27 20:50:00
526,1015,835,1842.33,50,2024-09-02 08:10:00
527,1019,948,1942.15,45,2024-08-05 04:51:00
528,1032,418,1858.97,22,2024-06-23 13:30:00
529,1042,952,1439.33,11,2024-09-04 04:55:00
530,1035,260,363.9,32,2024-11-21 20:44:00
531,1007,919,586.02,45,2024-08-20 14:11:00
532,1001,888,724.95,20,2024-09-23 00:44:00
533,1049,559,208.7,23,2024-10-12 16:42:00
534,1009,643,780.05,24,2024-09-20 08:33:00
535,1045,470,729.78,19,2024-07-27 02:21:00
536,1023,250,1036.41,26,2024-06-10 05:43:00
537,1026,599,419.34,11,2024-07-12 01:27:00
538,1024,225,334.57,11,2024-08-21 10:09:00
539,1030,865,1174.82,41,2024-11-21 11:47:00
540,1006,355,454.88,13,2024-10-08 16:26:00
541,1018,187,1938.23,50,2024-10-06 04:04:00
542,1045,64,51858.11,33,2024-07-19 23:36:00
543,1044,227,1719.11,49,2024-10-15 18:54:00
544,1028,84,1393.49,18,2024-08-08 14:53:00
545,1030,25,250.43,42,2024-11-15 22:56:00
546,1009,812,492.95,3,2024-08-22 07:00:00
547,1009,777,641.19,27,2024-10-13 11:16:00
548,1034,819,1941.43,24,2024-11-09 19:43:00
549,1011,605,1457.97,4,2024-06-28 14:50:00
550,1029,625,1375.93,1,2024-11-21 06:52:00
551,1030,174,1620.23,43,2024-09-07 16:45:00
552,1022,47,1058.11,32,2024-06-11 01:15:00
553,1005,676,246.15,9,2024-07-28 07:23:00
554,1038,111,617.0,3,2024-09-24 01:44:00
555,1029,464,1954.18,33,2024-09-29 10:14:00
556,1020,877,51.28,30,2024-06-25 05:05:00
557,1005,747,658.46,30,2024-08-11 04:10:00
558,1043,515,1877.35,15,2024-11-18 09:42:00
559,1020,235,500.42,40,2024-06-26 05:17:00
560,1049,884,612.33,36,2024-10-17 12:23:00
561,1007,45,968.95,40,2024-06-09 22:29:00
562,1038,758,1070.18,13,2024-07-17 17:38:00
563,1022,437,519.27,46,2024-06-05 16:05:00
564,1021,729,265.4,2,2024-08-26 16:02:00
565,1006,861,815.51,18,2024-10-15 10:49:00
566,1018,223,396.18,7,2024-08-27 03:08:00
567,1033,963,61.42,41,2024-07-08 21:29:00
568,1020,842,894.76,30,2024-09-26 08:04:00
569,1000,305,1182.4,13,2024-11-02 02:32:00
570,1004,400,479.71,19,2024-08-30 22:24:00
571,1017,894,1001.48,22,2024-11-12 21:13:00
572,1022,805,1558.15,21,2024-10-22 23:31:00
573,1046,976,257.26,23,2024-10-28 17:12:00
574,1046,264,1256.69,27,2024-11-08 14:42:00
575,1019,840,823.0,28,2024-08-01 06:59:00
576,1006,856,545.69,23,2024-06-06 00:24:00
577,1027,157,732.55,19,2024-09-30 18:40:00
578,1044,971,1657.0,31,2024-06-07 03:44:00
579,1001,588,168.79,16,2024-10-27 06:18:00
580,1030,172,2378.68,48,2024-06-11 17:20:00
581,1034,156,1109.46,13,2024-10-22 16:20:00
582,1028,549,973.6,11,2024-11-08 04:24:00
583,1043,641,876.8,17,2024-08-15 12:52:00
584,1017,682,956.5,33,2024-08-25 14:07:00
585,1046,475,420.88,18,2024-07-12 01:08:00
586,1035,694,1881.85,49,2024-06-16 10:15:00
587,1008,924,1298.78,29,2024-08-23 02:10:00
588,1015,692,392.48,23,2024-09-26 03:13:00
589,1015,880,1656.92,27,2024-06-02 10:58:00
590,1014,222,943.34,7,2024-07-05 05:30:00
591,1031,261,148.86,40,2024-08-27 07:55:00
592,1035,207,576.79,32,2024-11-25 18:52:00
593,1015,606,1366.08,34,2024-10-01 05:16:00
594,1006,452,1975.8,49,2024-09-05 23:19:00
595,1011,31,1759.11,4,2024-11-20 16:52:00
596,1008,52,118.54,46,2024-11-13 06:30:00
597,1031,45,312.93,30,2024-10-09 12:02:00
598,1010,536,1413.87,22,2024-07-24 02:53:00
599,1001,50,734.29,46,2024-07-15 09:33:00
600,1013,999,1496.12,36,2024-06-05 21:05:00
601,1011,773,516.94,18,2024-07-05 09:44:00
602,1030,696,368.24,45,2024-10-17 04:33:00
603,1013,815,822.2,42,2024-06-19 13:26:00
604,1029,960,570.63,11,2024-11-13 08:15:00
605,1024,150,1717.1,47,2024-10-17 15:03:00
606,1022,745,650.79,50,2024-08-23 01:49:00
607,1043,598,1625.97,22,2024-11-02 14:31:00
608,1031,868,772.31,30,2024-11-01 02:35:00
609,1011,115,1501.32,6,2024-10-23 02:52:00
610,1012,19,813.31,26,2024-06-02 18:51:00
611,1012,883,397.91,42,2024-07-24 06:30:00
612,1023,552,1423.34,32,2024-08-15 14:52:00
613,1028,821,859.09,49,2024-08-07 16:25:00
614,1011,42,555.99,10,2024-07-31 01:43:00
615,1037,101,452.87,26,2024-10-31 12:58:00
616,1027,652,1800.26,25,2024-10-07 01:50:00
617,1032,330,933.25,35,2024-06-06 22:06:00
618,1000,690,361.53,50,2024-10-16 03:16:00
619,1043,448,1943.14,5,2024-06-18 19:39:00
620,1004,868,1843.2,30,2024-09-08 19:00:00
621,1048,783,384.11,6,2024-10-28 13:13:00
622,1013,753,1059.64,5,2024-10-15 13:53:00
623,1023,212,1585.7,25,2024-08-17 13:49:00
624,1032,454,1025.17,47,2024-09-16 09:01:00
625,1005,324,752.76,14,2024-11-20 18:26:00
626,1013,758,1498.0,38,2024-08-07 11:33:00
627,1001,209,1000.09,10,2024-08-05 06:28:00
628,1018,596,587.73,2,2024-07-16 12:49:00
629,1003,555,754.89,9,2024-07-01 09:21:00
630,1018,674,962.95,23,2024-09-26 03:25:00
631,1027,604,266.41,16,2024-11-09 09:18:00
632,1042,566,954.95,9,2024-07-19 11:42:00
633,1016,379,310.6,36,2024-10-24 00:11:00
634,1013,530,1564.74,36,2024-06-17 00:32:00
635,1024,115,1532.07,7,2024-06-10 01:33:00
636,1049,189,1983.94,6,2024-08-01 16:51:00
637,1007,896,660.05,12,2024-09-05 11:58:00
638,1045,340,773.87,49,2024-11-05 14:32:00
639,1004,559,505.13,12,2024-06-24 08:57:00
640,1006,654,1224.67,38,2024-07-14 11:35:00
641,1016,686,1493.59,5,2024-07-24 01:59:00
642,1028,585,929.64,8,2024-06-11 13:21:00
643,1014,889,1731.89,48,2024-06-26 08:00:00
644,1021,511,590.28,45,2024-09-29 03:38:00
645,1013,352,219.56,44,2024-09-27 09:15:00
646,1032,273,1923.15,48,2024-06-23 10:18:00
647,1043,709,1995.98,1,2024-07-26 19:40:00
648,1039,194,1137.66,10,2024-09-08 00:17:00
649,1012,623,396.85,10,2024-08-01 06:58:00
650,1015,123,1646.4,8,2024-07-15 01:55:00
651,1044,353,238.6,14,2024-06-19 20:28:00
652,1008,227,1228.96,33,2024-08-25 10:54:00
653,1003,504,1358.0,14,2024-11-26 15:32:00
654,1026,618,273.9,38,2024-09-29 03:40:00
655,1023,238,460.46,12,2024-10-02 10:15:00
656,1014,757,1580.42,39,2024-09-08 15:50:00
657,1041,539,1471.25,5,2024-11-21 17:19:00
658,1040,19,761.33,44,2024-06-15 14:03:00
659,1023,343,359.96,13,2024-11-23 16:42:00
660,1043,738,272.45,43,2024-09-18 20:08:00
661,1032,754,1061.32,24,2024-09-09 23:47:00
662,1042,206,155.13,5,2024-10-12 11:19:00
663,1040,368,594.68,33,2024-11-20 08:30:00
664,1028,1,79.99,6,2024-09-15 10:45:00
665,1048,181,800.11,21,2024-09-12 07:44:00
666,1028,570,1296.34,21,2024-10-27 03:28:00
667,1032,229,797.78,35,2024-09-22 20:18:00
668,1020,535,642.67,3,2024-07-17 13:41:00
669,1044,106,327.71,45,2024-10-21 14:34:00
670,1048,931,813.67,22,2024-06-03 12:49:00
671,1039,166,682.26,10,2024-06-26 21:45:00
672,1003,883,1061.96,14,2024-07-01 09:53:00
673,1047,65,1039.93,47,2024-10-21 13:34:00
674,1041,238,523.98,24,2024-11-24 12:11:00
675,1037,487,1016.58,25,2024-08-31 21:26:00
676,1004,586,363.8,33,2024-07-23 17:41:00
677,1000,65,322.79,20,2024-09-05 07:10:00
678,1016,292,1659.38,44,2024-08-25 11:22:00
679,1043,697,1527.23,13,2024-10-17 14:34:00
680,1027,908,852.05,37,2024-08-17 00:01:00
681,1013,139,1725.6,10,2024-11-14 18:48:00
682,1036,42,597.95,19,2024-08-14 17:11:00
683,1017,382,1816.62,4,2024-11-26 05:27:00
684,1020,646,1541.02,36,2024-08-31 23:15:00
685,1017,374,364.19,38,2024-11-01 04:32:00
686,1002,346,137.15,12,2024-11-15 22:46:00
687,1001,392,1770.35,29,2024-10-31 08:22:00
688,1030,67,265.57,31,2024-07-16 15:02:00
689,1035,688,1391.52,34,2024-08-01 08:19:00
690,1047,41,21176.88,5,2024-11-13 04:03:00
691,1031,849,1374.44,3,2024-07-02 13:20:00
692,1023,239,1962.39,11,2024-08-07 18:50:00
693,1044,914,478.4,21,2024-08-11 06:20:00
694,1020,845,1981.84,17,2024-11-26 07:13:00
695,1036,650,528.95,13,2024-09-14 15:42:00
696,1014,501,1637.48,46,2024-08-10 02:26:00
697,1040,153,1661.95,28,2024-11-02 22:04:00
698,1009,311,1246.43,33,2024-06-21 05:46:00
699,1022,383,194.59,14,2024-10-14 08:38:00
700,1047,458,457.47,11,2024-09-11 00:11:00
701,1023,11,380.69,10,2024-11-11 13:15:00
702,1029,656,531.07,36,2024-09-23 10:31:00
703,1028,274,371.77,48,2024-08-10 07:01:00
704,1021,368,614.32,16,2024-11-05 23:04:00
705,1016,764,303.26,42,2024-09-27 10:44:00
706,1026,675,1621.1,46,2024-10-28 11:58:00
707,1032,537,1211.85,2,2024-10-14 09:35:00
708,1004,707,1705.38,21,2024-08-11 23:26:00
709,1048,493,1251.31,9,2024-11-09 17:35:00
710,1041,683,1098.24,26,2024-06-14 03:26:00
711,1035,351,560.44,26,2024-08-06 19:51:00
712,1034,598,1584.41,36,2024-08-09 06:28:00
713,1020,461,488.53,41,2024-11-08 08:35:00
714,1046,67,889.86,9,2024-07-01 04:11:00
715,1010,668,2011.26,48,2024-07-05 04:19:00
716,1047,971,1720.56,25,2024-07-25 14:05:00
717,1043,613,1838.36,46,2024-10-24 12:09:00
718,1049,642,195.59,44,2024-06-29 08:31:00
719,1046,799,1337.22,42,2024-10-11 00:41:00
720,1017,663,938.23,44,2024-08-22 21:33:00
721,1014,534,1645.67,20,2024-07-18 20:11:00
722,1048,818,928.36,25,2024-10-24 13:39:00
723,1006,197,1361.64,20,2024-07-10 14:08:00
724,1013,490,499.01,23,2024-10-15 14:26:00
725,1018,749,1183.05,10,2024-11-24 12:29:00
726,1016,129,120.48,49,2024-08-02 02:51:00
727,1029,836,366.37,39,2024-09-30 11:39:00
728,1019,187,1662.1,24,2024-07-31 12:13:00
729,1025,706,876.27,30,2024-09-26 12:33:00
730,1017,533,1894.36,15,2024-07-16 15:51:00
731,1041,62,1329.03,9,2024-08-11 22:32:00
732,1027,815,247.87,1,2024-11-08 09:58:00
733,1038,878,1470.34,27,2024-10-24 02:09:00
734,1037,224,179.9,43,2024-08-22 03:01:00
735,1018,808,853.31,28,2024-10-19 08:07:00
736,1016,311,420.23,6,2024-07-18 14:05:00
737,1043,873,1486.05,3,2024-10-08 14:26:00
738,1028,495,1878.46,7,2024-07-16 17:54:00
739,1032,855,1734.73,6,2024-10-31 03:50:00
740,1031,615,1656.95,35,2024-07-22 10:18:00
741,1040,542,968.13,2,2024-11-04 16:09:00
742,1019,358,1560.6,9,2024-09-02 13:58:00
743,1035,540,1741.01,21,2024-08-30 14:41:00
744,1010,728,596.56,25,2024-09-28 06:30:00
745,1020,172,1396.65,18,2024-10-25 00:55:00
746,1020,241,1094.04,19,2024-10-11 10:29:00
747,1016,549,912.8,16,2024-11-08 05:30:00
748,1018,758,920.31,10,2024-06-10 11:05:00
749,1045,209,1186.63,31,2024-11-09 04:57:00
750,1016,635,1313.77,11,2024-09-02 13:27:00
751,1019,494,746.71,18,2024-08-31 00:49:00
752,1030,322,1987.33,4,2024-08-28 12:10:00
753,1017,663,1928.56,27,2024-06-27 11:08:00
754,1005,902,703.47,12,2024-09-16 06:08:00
755,1006,118,1659.27,10,2024-08-29 22:33:00
756,1025,459,999.34,2,2024-10-29 08:27:00
757,1004,864,1952.02,49,2024-09-01 00:50:00
758,1019,131,1396.51,34,2024-08-23 05:19:00
759,1035,327,474.99,8,2024-10-13 14:25:00
760,1011,433,1999.85,44,2024-11-17 06:47:00
761,1044,400,206.11,49,2024-07-21 15:58:00
762,1017,262,1671.34,12,2024-10-08 21:44:00
763,1025,405,1681.25,5,2024-11-17 15:52:00
764,1047,891,532.22,27,2024-09-12 23:08:00
765,1013,888,1029.57,37,2024-06-09 16:11:00
766,1000,414,1392.62,19,2024-11-15 18:41:00
767,1035,251,379.2,13,2024-10-16 05:55:00
768,1033,984,646.1,20,2024-11-01 22:57:00
769,1018,925,729.74,43,2024-11-10 03:45:00
770,1021,426,1413.44,7,2024-06-12 22:38:00
771,1007,442,1335.6,24,2024-08-30 20:00:00
772,1009,989,1858.66,9,2024-06-08 12:59:00
773,1019,945,471.89,17,2024-08-27 06:51:00
774,1037,122,1586.53,27,2024-07-25 22:09:00
775,1042,434,165.57,25,2024-06-17 21:05:00
776,1038,663,847.21,44,2024-07-16 13:35:00
777,1026,63,786.79,9,2024-10-24 12:25:00
778,1042,751,1517.93,36,2024-06-15 03:29:00
779,1025,515,1899.47,42,2024-09-15 08:21:00
780,1003,622,1839.98,3,2024-11-21 00:02:00
781,1001,804,627.81,17,2024-11-03 10:43:00
782,1033,572,1601.12,46,2024-11-13 12:02:00
783,1030,199,1466.61,45,2024-11-25 19:06:00
784,1031,93,409.24,30,2024-07-21 21:24:00
785,1006,628,533.08,28,2024-10-12 01:13:00
786,1000,821,451.42,31,2024-09-26 05:20:00
787,1004,426,61821.5,15,2024-11-09 11:31:00
788,1004,771,149.67,11,2024-06-09 06:56:00
789,1038,461,1198.5,42,2024-07-16 05:45:00
790,1039,839,1806.84,40,2024-09-19 03:05:00
791,1037,89,1294.87,9,2024-11-07 17:37:00
792,1048,853,742.73,16,2024-07-04 19:11:00
793,1004,856,631.41,15,2024-07-01 00:30:00
794,1000,370,779.08,18,2024-10-26 02:03:00
795,1032,7,1784.61,14,2024-06-17 14:29:00
796,1046,451,1709.84,14,2024-11-10 21:42:00
797,1049,558,1290.41,21,2024-06-20 08:56:00
798,1043,322,745.45,44,2024-10-26 08:28:00
799,1033,273,1252.76,48,2024-09-11 22:00:00
800,1024,995,411.84,21,2024-10-06 01:49:00
801,1008,374,207.48,41,2024-06-12 20:34:00
802,1040,774,1540.74,29,2024-07-11 23:47:00
803,1008,517,786.25,49,2024-06-05 05:52:00
804,1024,437,333.49,30,2024-06-11 11:19:00
805,1003,642,319.41,20,2024-09-14 02:09:00
806,1007,341,1992.96,47,2024-07-17 16:42:00
807,1038,105,1517.9,12,2024-10-21 21:05:00
808,1043,972,1257.92,27,2024-10-19 06:48:00
809,1038,983,59.05,49,2024-08-27 12:17:00
810,1036,869,1417.91,21,2024-07-22 03:20:00
811,1032,487,295.59,3,2024-10-05 17:01:00
812,1019,221,1755.86,22,2024-06-19 07:50:00
813,1017,439,840.0,26,2024-10-08 11:31:00
814,1038,555,739.14,39,2024-07-05 21:03:00
815,1014,37,1266.97,16,2024-10-01 01:14:00
816,1042,960,741.42,17,2024-06-20 19:17:00
817,1014,908,840.24,23,2024-09-12 08:12:00
818,1046,49,172.67,5,2024-10-03 01:06:00
819,1035,727,959.91,34,2024-08-01 07:37:00
820,1035,187,1954.46,9,2024-08-26 12:03:00
821,1004,821,913.57,46,2024-06-04 04:55:00
822,1044,528,937.61,13,2024-07-05 05:36:00
823,1017,826,475.75,11,2024-09-26 04:27:00
824,1025,652,1554.56,2,2024-10-01 05:28:00
825,1029,325,1093.49,2,2024-09-18 16:55:00
826,1004,195,1988.94,6,2024-11-23 17:59:00
827,1029,845,1023.11,24,2024-11-05 17:07:00
828,1035,332,1774.98,34,2024-11-14 06:52:00
829,1014,273,1236.56,6,2024-06-08 22:16:00
830,1023,623,542.73,48,2024-09-19 18:45:00
831,1010,901,1341.32,34,2024-11-28 03:49:00
832,1035,989,1769.94,23,2024-10-17 15:40:00
833,1002,262,1408.81,15,2024-06-08 09:44:00
834,1015,355,1458.49,24,2024-07-01 10:07:00
835,1000,393,742.07,5,2024-10-29 11:28:00
836,1006,621,1181.23,15,2024-06-03 04:44:00
837,1017,114,1015.69,2,2024-09-14 13:01:00
838,1018,79,851.54,2,2024-10-11 04:34:00
839,1043,429,210.27,19,2024-08-11 06:33:00
840,1015,844,1009.48,49,2024-07-06 20:31:00
841,1001,538,611.33,26,2024-07-26 16:04:00
842,1001,567,1413.55,29,2024-07-29 21:03:00
843,1010,200,1218.29,4,2024-07-24 05:39:00
844,1025,758,1449.25,35,2024-09-08 00:56:00
845,1008,799,1783.25,39,2024-08-24 00:21:00
846,1004,914,391.7,11,2024-08-15 12:29:00
847,1048,909,1077.51,47,2024-11-21 14:55:00
848,1018,437,814.59,33,2024-11-21 20:45:00
849,1038,782,280.08,23,2024-06-16 16:45:00
850,1030,691,1363.58,46,2024-08-27 08:33:00
851,1013,972,1944.7,29,2024-09-19 07:59:00
852,1029,983,1380.18,32,2024-10-20 02:23:00
853,1003,991,1565.9,30,2024-08-18 15:25:00
854,1039,343,91.74,2,2024-07-17 11:59:00
855,1040,237,1035.44,36,2024-11-07 07:04:00
856,1032,356,485.12,7,2024-08-27 17:31:00
857,1017,834,1297.51,30,2024-08-01 23:02:00
858,1011,852,1090.03,49,2024-11-14 23:10:00
859,1028,605,1061.31,28,2024-06-23 22:20:00
860,1015,512,1463.12,3,2024-11-08 23:31:00
861,1012,385,1451.27,26,2024-07-04 11:40:00
862,1037,887,1377.36,29,2024-07-30 23:10:00
863,1036,401,1457.33,39,2024-07-15 03:12:00
864,1028,462,1372.78,8,2024-09-03 11:05:00
865,1017,398,1561.2,5,2024-09-07 07:05:00
866,1048,744,108.05,22,2024-07-19 09:19:00
867,1027,495,1305.21,47,2024-11-20 06:25:00
868,1019,592,70.41,44,2024-11-28 09:15:00
869,1013,383,1317.33,27,2024-10-04 07:05:00
870,1018,237,1967.45,31,2024-06-03 13:11:00
871,1004,848,629.34,6,2024-11-24 17:28:00
872,1011,393,780.49,3,2024-07-07 03:28:00
873,1042,82,1201.68,11,2024-11-26 01:03:00
874,1049,440,119.22,22,2024-08-10 02:10:00
875,1020,199,882.29,15,2024-11-03 08:06:00
876,1018,567,1258.01,16,2024-10-22 01:29:00
877,1000,113,902.43,29,2024-10-13 11:44:00
878,1041,894,665.56,8,2024-06-01 18:03:00
879,1003,525,927.96,34,2024-10-11 15:23:00
880,1032,380,342.1,16,2024-07-21 04:32:00
881,1046,28,1466.48,45,2024-07-03 12:28:00
882,1013,721,1033.63,32,2024-08-16 08:06:00
883,1040,256,962.94,16,2024-09-01 06:49:00
884,1006,826,828.27,24,2024-06-11 07:45:00
885,1017,47,399.51,46,2024-11-22 05:35:00
886,1031,286,301.18,49,2024-09-10 16:26:00
887,1033,893,1744.02,48,2024-07-12 19:37:00
888,1043,842,136.69,26,2024-09-14 03:24:00
889,1013,871,143.73,49,2024-06-15 00:11:00
890,1041,407,437.7,2,2024-09-13 05:18:00
891,1043,228,229.0,14,2024-10-10 06:09:00
892,1019,893,1598.95,9,2024-07-24 05:19:00
893,1012,973,1665.32,9,2024-10-07 06:07:00
894,1042,73,1189.45,27,2024-07-20 02:10:00
895,1004,425,80.16,23,2024-11-15 13:48:00
896,1017,74,1293.51,6,2024-07-28 03:37:00
897,1003,216,686.24,15,2024-10-08 08:11:00
898,1010,396,771.17,9,2024-09-14 05:36:00
899,1041,312,1665.3,2,2024-11-10 10:28:00
900,1007,612,944.93,30,2024-11-03 00:12:00
901,1025,187,1956.67,29,2024-09-09 22:03:00
902,1007,390,1294.69,41,2024-08-19 11:16:00
903,1014,858,1404.62,17,2024-06-24 12:25:00
904,1046,966,1866.26,46,2024-10-23 22:59:00
905,1030,685,888.46,34,2024-07-30 12:59:00
906,1022,732,459.92,4,2024-06-16 00:40:00
907,1032,318,605.96,8,2024-10-19 09:19:00
908,1003,400,404.0,44,2024-11-23 04:17:00
909,1032,371,199.9,42,2024-06-24 21:52:00
910,1036,805,1565.72,22,2024-09-24 22:06:00
911,1043,882,2111.06,48,2024-10-27 08:41:00
912,1042,829,406.88,19,2024-07-17 19:30:00
913,1038,117,487.15,17,2024-06-24 17:11:00
914,1044,473,1723.44,45,2024-08-15 13:24:00
915,1042,794,437.26,1,2024-09-05 14:13:00
916,1016,574,219.31,42,2024-06-23 10:17:00
917,1046,199,1394.16,7,2024-10-16 05:03:00
918,1006,27,241.78,4,2024-08-29 12:52:00
919,1017,166,1396.42,44,2024-09-21 13:34:00
920,1007,337,1841.35,37,2024-08-02 16:14:00
921,1014,982,765.88,21,2024-09-17 22:03:00
922,1003,864,1483.63,27,2024-08-26 23:19:00
923,1012,978,813.34,17,2024-07-24 00:48:00
924,1014,804,820.14,20,2024-11-04 07:19:00
925,1037,843,964.45,45,2024-10-06 10:00:00
926,1007,412,712.49,28,2024-11-13 18:09:00
927,1041,816,27093.6,28,2024-11-02 17:24:00
928,1017,187,1682.76,4,2024-09-14 20:46:00
929,1020,411,556.15,44,2024-11-15 18:07:00
930,1005,636,1466.36,33,2024-08-09 12:38:00
931,1002,677,216.34,12,2024-11-19 08:39:00
932,1021,555,1004.83,21,2024-10-02 19:25:00
933,1004,912,1318.95,17,2024-10-03 22:17:00
934,1036,791,1963.74,39,2024-11-18 16:43:00
935,1002,242,642.84,27,2024-09-25 19:40:00
936,1020,61,539.73,31,2024-11-17 18:47:00
937,1040,91,1266.1,34,2024-07-18 08:01:00
938,1034,201,939.31,30,2024-11-08 19:01:00
939,1048,712,1801.48,47,2024-11-12 15:01:00
940,1039,24,427.45,46,2024-10-05 05:40:00
941,1036,846,1903.06,7,2024-10-29 05:14:00
942,1043,435,1363.39,31,2024-09-27 15:20:00
943,1035,887,1176.62,19,2024-06-29 10:54:00
944,1046,344,482.12,49,2024-08-13 01:50:00
945,1029,295,1004.13,18,2024-08-22 04:07:00
946,1007,924,1023.9,24,2024-06-16 21:33:00
947,1003,138,683.77,13,2024-11-24 20:44:00
948,1044,60,298.98,34,2024-09-20 19:31:00
949,1025,486,1929.12,31,2024-06-12 17:35:00
950,1044,787,1303.11,45,2024-08-15 20:03:00
951,1044,811,1087.68,9,2024-11-02 10:08:00
952,1038,23,1378.68,41,2024-10-03 16:40:00
953,1012,24,1752.12,29,2024-08-08 22:14:00
954,1028,785,331.15,42,2024-07-27 00:41:00
955,1014,587,655.42,25,2024-11-06 08:48:00
956,1046,362,218.87,3,2024-11-16 06:02:00
957,1044,234,1591.58,14,2024-08-05 17:55:00
958,1032,142,1732.6,1,2024-08-13 12:29:00
959,1018,826,1204.7,29,2024-07-27 09:43:00
960,1045,650,609.0,19,2024-11-04 05:57:00
961,1042,899,1962.16,11,2024-07-24 22:53:00
962,1013,308,1085.22,24,2024-07-30 18:08:00
963,1038,225,1818.16,45,2024-10-14 12:10:00
964,1027,913,1693.52,35,2024-08-06 04:05:00
965,1032,918,1205.15,16,2024-10-03 07:44:00
966,1005,256,873.53,6,2024-08-31 11:26:00
967,1030,261,861.99,11,2024-10-27 13:26:00
968,1020,100,1981.54,36,2024-08-06 04:44:00
969,1036,403,935.79,9,2024-11-18 19:57:00
970,1049,736,121.78,18,2024-08-22 19:26:00
971,1004,182,460.56,18,2024-09-13 10:51:00
972,1013,336,1280.43,2,2024-11-15 15:51:00
973,1045,277,652.44,8,2024-10-11 13:22:00
974,1015,694,1596.08,7,2024-06-16 14:17:00
975,1019,417,1651.14,39,2024-09-01 22:17:00
976,1004,520,137.57,26,2024-09-07 19:01:00
977,1005,489,1507.52,50,2024-08-13 05:57:00
978,1009,658,429.97,41,2024-06-14 01:50:00
979,1024,781,1795.96,32,2024-08-05 04:52:00
980,1031,312,1132.38,42,2024-07-07 08:16:00
981,1008,43,1149.64,25,2024-10-28 03:22:00
982,1027,553,1748.35,11,2024-10-09 05:47:00
983,1010,24,1956.64,24,2024-11-16 07:52:00
984,1009,650,1156.94,14,2024-09-26 12:10:00
985,1005,802,1217.5,15,2024-06-10 12:01:00
986,1034,342,186.5,20,2024-09-30 07:52:00
987,1010,586,335.21,8,2024-10-17 05:18:00
988,1037,976,1392.01,35,2024-09-27 11:59:00
989,1011,607,1847.57,25,2024-10-14 19:32:00
990,1026,59,106.71,35,2024-09-30 05:52:00
991,1027,472,1665.44,30,2024-09-15 00:21:00
992,1049,210,1172.8,34,2024-07-22 22:23:00
993,1049,122,646.39,38,2024-11-16 19:32:00
994,1012,889,1169.29,20,2024-07-02 20:06:00
995,1045,568,511.13,10,2024-06-20 07:26:00
996,1031,475,715.07,23,2024-11-04 23:22:00
997,1028,677,764.5,18,2024-08-20 13:05:00
998,1045,978,534.35,34,2024-08-09 01:57:00
999,1027,858,902.18,9,2024-09-28 15:17:00
1000,1039,266,911.76,10,2024-08-06 19:14:00
1001,1020,864,71218.31,22,2024-09-09 09:06:00
1002,1021,933,617.0,9,2024-10-21 18:50:00
1003,1046,919,1811.52,5,2024-07-07 20:24:00
1004,1013,813,1512.62,23,2024-10-27 06:47:00
1005,1037,59,959.48,35,2024-08-16 01:20:00
1006,1018,751,734.99,21,2024-06-18 13:16:00
1007,1018,985,392.26,29,2024-07-13 11:14:00
1008,1049,299,244.12,46,2024-08-01 06:35:00
1009,1033,960,1104.15,19,2024-11-09 04:45:00
1010,1025,410,1833.73,41,2024-08-28 16:12:00
1011,1035,188,600.06,4,2024-10-18 11:00:00
1012,1006,475,1849.34,29,2024-09-14 15:49:00
1013,1041,412,377.24,44,2024-09-21 02:45:00
1014,1010,402,1225.04,40,2024-09-01 00:05:00
1015,1008,446,1944.5,16,2024-06-09 15:36:00
1016,1007,250,527.81,41,2024-09-02 07:40:00
1017,1034,616,1220.7,25,2024-11-13 13:04:00
1018,1020,904,463.62,45,2024-07-17 00:50:00
1019,1021,632,1252.48,10,2024-07-27 03:33:00
1020,1022,855,525.52,19,2024-11-05 00:22:00
1021,1045,578,1453.08,45,2024-07-23 08:16:00
1022,1014,808,555.06,29,2024-07-02 00:44:00
1023,1049,128,526.25,24,2024-10-20 16:18:00
1024,1023,643,1547.01,15,2024-07-09 07:49:00
1025,1022,186,906.71,24,2024-07-22 00:46:00
1026,1032,930,115.22,47,2024-09-18 11:31:00
1027,1003,992,1720.23,15,2024-10-08 05:29:00
1028,1014,571,1291.95,25,2024-08-25 04:33:00
1029,1011,325,1799.24,3,2024-07-01 10:45:00
1030,1011,120,1349.8,13,2024-08-25 08:56:00
1031,1038,722,1182.6,25,2024-06-05 08:20:00
1032,1013,620,1276.23,27,2024-08-28 15:04:00
1033,1009,509,759.63,34,2024-11-11 17:31:00
1034,1035,263,1380.48,18,2024-07-27 07:16:00
1035,1016,649,1777.59,45,2024-10-21 15:06:00
1036,1006,924,1968.57,50,2024-10-16 14:10:00
1037,1026,672,1434.23,16,2024-10-11 08:23:00
1038,1047,621,690.21,24,2024-09-20 20:14:00
1039,1010,235,796.12,19,2024-07-28 19:30:00
1040,1046,547,327.39,3,2024-07-18 02:07:00
1041,1014,850,1327.7,14,2024-11-05 19:31:00
1042,1013,646,408.61,3,2024-08-12 00:26:00
1043,1035,127,1336.79,41,2024-09-12 20:50:00
1044,1004,599,1718.5,41,2024-10-03 13:35:00
1045,1046,476,1503.76,33,2024-06-16 18:44:00
1046,1006,232,713.47,9,2024-08-03 03:35:00
1047,1047,234,499.14,25,2024-09-22 00:47:00
1048,1009,261,161.05,43,2024-07-17 05:25:00
1049,1028,998,265.3,44,2024-06-12 04:28:00
1050,1005,884,1725.85,38,2024-10-03 05:27:00
1051,1048,295,950.41,50,2024-11-07 06:23:00
1052,1043,253,1260.07,27,2024-08-07 00:53:00
1053,1029,199,608.23,40,2024-08-01 07:17:00
1054,1037,542,447.78,41,2024-08-20 20:56:00
1055,1021,763,1655.45,10,2024-10-17 04:37:00
1056,1033,903,997.14,25,2024-07-22 05:12:00
1057,1003,755,840.68,4,2024-10-01 23:27:00
1058,1003,471,1332.31,42,2024-06-20 02:43:00
1059,1006,285,483.7,39,2024-06-16 21:30:00
1060,1041,133,1930.43,35,2024-07-13 09:41:00
1061,1005,261,1136.44,47,2024-06-06 04:19:00
1062,1038,748,1381.88,13,2024-07-08 13:38:00
1063,1017,500,1116.07,9,2024-07-14 15:49:00
1064,1013,808,209.03,42,2024-10-31 12:10:00
1065,1035,281,447.38,4,2024-10-19 05:19:00
1066,1001,735,877.25,33,2024-08-02 16:20:00
1067,1012,100,1817.87,37,2024-09-18 09:47:00
1068,1046,979,1882.08,6,2024-09-24 02:41:00
1069,1049,848,1392.61,38,2024-09-23 03:58:00
1070,1012,527,439.18,17,2024-08-29 13:56:00
1071,1037,706,1929.2,25,2024-07-24 09:27:00
1072,1034,340,595.94,1,2024-10-15 23:47:00
1073,1034,61,1530.6,38,2024-06-09 17:57:00
1074,1038,685,486.88,2,2024-07-23 12:53:00
1075,1031,794,1283.66,47,2024-08-17 09:49:00
1076,1044,506,72.93,48,2024-11-02 03:09:00
1077,1038,388,1422.57,27,2024-09-19 11:37:00
1078,1020,89,68890.36,5,2024-06-10 08:35:00
1079,1029,446,67.98,28,2024-08-03 00:43:00
1080,1042,620,1184.73,35,2024-06-10 11:23:00
1081,1003,737,1722.31,17,2024-06-11 21:00:00
1082,1031,195,1399.99,50,2024-09-21 16:44:00
1083,1011,9,909.46,17,2024-09-07 13:12:00
1084,1049,904,1421.61,46,2024-07-05 04:12:00
1085,1021,234,239.45,6,2024-11-04 21:03:00
1086,1049,420,124.82,44,2024-06-17 22:59:00
1087,1021,949,1832.77,31,2024-09-05 03:15:00
1088,1027,148,223.02,3,2024-08-16 04:03:00
1089,1038,10,844.66,16,2024-07-06 02:05:00
1090,1030,381,59612.02,13,2024-10-08 11:52:00
1091,1004,883,503.26,33,2024-09-23 16:11:00
1092,1035,657,1572.27,32,2024-09-24 16:07:00
1093,1002,798,739.22,27,2024-10-10 13:54:00
1094,1037,549,1447.99,33,2024-10-29 22:46:00
1095,1019,666,225.94,14,2024-09-05 21:54:00
1096,1036,517,696.89,49,2024-08-20 21:56:00
1097,1021,145,899.34,31,2024-08-16 22:29:00
1098,1017,674,337.22,36,2024-09-10 13:39:00
1099,1005,673,93.15,11,2024-11-19 14:44:00
1100,1042,42,1966.15,10,2024-07-11 15:10:00
1101,1021,708,1749.33,26,2024-07-20 01:45:00
1102,1033,314,1251.44,9,2024-10-17 10:16:00
1103,1010,350,781.27,8,2024-11-01 01:36:00
1104,1015,213,426.78,43,2024-10-31 13:52:00
1105,1046,292,1000.7,4,2024-09-03 00:53:00
1106,1040,803,1487.38,49,2024-11-17 22:00:00
1107,1038,254,289.34,48,2024-10-21 21:16:00
1108,1007,70,729.55,9,2024-09-20 06:22:00
1109,1002,294,582.08,15,2024-11-12 07:42:00
1110,1023,532,1192.25,1,2024-06-16 05:26:00
1111,1036,865,1747.45,47,2024-07-25 17:00:00
1112,1001,786,931.61,39,2024-11-20 15:18:00
1113,1041,975,300.12,2,2024-07-19 23:24:00
1114,1013,889,76.06,23,2024-10-27 00:00:00
1115,1006,6,1081.42,29,2024-07-18 00:12:00
1116,1007,588,1530.12,38,2024-07-29 20:49:00
1117,1045,97,110.13,4,2024-09-26 16:59:00
1118,1026,466,614.73,8,2024-09-22 20:03:00
1119,1030,267,587.14,14,2024-10-13 04:45:00
1120,1034,722,525.14,49,2024-06-04 01:29:00
1121,1004,100,1008.61,16,2024-10-27 10:07:00
1122,1049,885,972.96,50,2024-10-05 20:26:00
1123,1020,846,1086.52,31,2024-11-26 10:07:00
1124,1002,133,216.53,16,2024-09-10 09:32:00
1125,1045,377,121.29,4,2024-09-15 01:07:00
1126,1000,919,1580.92,32,2024-10-24 00:04:00
1127,1010,903,1041.58,15,2024-08-21 08:01:00
1128,1035,3,495.15,17,2024-09-28 13:25:00
1129,1043,918,1980.8,43,2024-09-26 05:08:00
1130,1038,91,1641.28,47,2024-11-14 12:35:00
1131,1029,346,1872.66,46,2024-10-07 03:48:00
1132,1005,194,1860.38,18,2024-06-06 10:43:00
1133,1017,824,1046.78,13,2024-08-07 06:06:00
1134,1040,393,869.26,49,2024-07-01 19:31:00
1135,1045,20,1959.33,4,2024-06-01 12:26:00
1136,1021,315,281.93,9,2024-11-05 20:28:00
1137,1042,678,1588.9,4,2024-10-17 09:36:00
1138,1042,167,1980.02,21,2024-07-13 03:03:00
1139,1035,312,1252.31,37,2024-06-29 10:15:00
1140,1043,958,1407.38,32,2024-10-19 10:14:00
1141,1009,241,1800.42,17,2024-09-05 10:18:00
1142,1029,288,1237.57,29,2024-06-09 00:22:00
1143,1019,517,1490.11,37,2024-06-11 17:11:00
1144,1010,171,694.36,46,2024-06-19 00:42:00
1145,1043,784,843.34,30,2024-06-25 04:11:00
1146,1014,241,229.53,27,2024-09-12 20:53:00
1147,1034,826,892.02,35,2024-08-10 13:57:00
1148,1003,270,1719.26,2,2024-09-27 23:57:00
1149,1032,730,1238.51,30,2024-10-07 19:42:00
1150,1009,692,377.71,10,2024-09-17 15:07:00
1151,1029,834,1796.69,27,2024-07-02 21:52:00
1152,1000,52,147.39,14,2024-07-26 23:13:00
1153,1002,266,1595.77,37,2024-10-19 17:54:00
1154,1032,627,1582.5,38,2024-10-23 19:54:00
1155,1033,570,144.18,46,2024-10-09 01:53:00
1156,1031,309,848.92,25,2024-06-06 15:59:00
1157,1001,664,1077.86,23,2024-06-28 21:42:00
1158,1017,746,307.77,23,2024-10-09 08:00:00
1159,1022,429,372.81,45,2024-10-23 15:50:00
1160,1002,85,1404.17,42,2024-09-23 23:03:00
1161,1002,500,121.76,45,2024-11-06 11:55:00
1162,1038,669,174.83,44,2024-11-02 07:38:00
1163,1027,198,1413.27,4,2024-08-02 14:12:00
1164,1008,225,1117.23,30,2024-09-17 05:54:00
1165,1021,960,1758.22,46,2024-08-14 10:12:00
1166,1042,813,943.71,20,2024-10-14 06:10:00
1167,1033,255,58.91,16,2024-10-10 11:32:00
1168,1037,697,59.07,14,2024-07-28 11:40:00
1169,1044,763,170.39,4,2024-09-11 23:11:00
1170,1033,535,1794.85,45,2024-10-26 06:38:00
1171,1006,729,548.09,21,2024-06-03 13:28:00
1172,1046,605,1357.65,25,2024-08-23 07:44:00
1173,1006,419,1758.81,16,2024-11-13 09:42:00
1174,1029,330,1962.09,6,2024-06-02 03:05:00
1175,1025,528,1358.05,23,2024-11-09 20:11:00
1176,1033,575,1512.51,11,2024-10-12 04:07:00
1177,1048,95,408.83,42,2024-11-25 19:40:00
1178,1004,121,821.17,18,2024-09-08 13:59:00
1179,1006,253,972.94,23,2024-08-22 17:00:00
1180,1039,336,1342.66,3,2024-08-24 01:17:00
1181,1001,374,1657.99,7,2024-08-05 05:51:00
1182,1041,663,1374.98,4,2024-08-03 09:58:00
1183,1008,765,144.78,24,2024-07-10 19:22:00
1184,1041,328,1577.13,22,2024-10-16 16:19:00
1185,1001,273,989.11,29,2024-10-22 14:21:00
1186,1039,634,710.68,35,2024-10-06 22:04:00
1187,1036,766,711.34,34,2024-11-20 00:47:00
1188,1029,981,1729.52,49,2024-10-08 23:05:00
1189,1022,885,1188.93,44,2024-09-09 02:39:00
1190,1038,637,1165.42,2,2024-11-11 23:18:00
1191,1001,886,1016.42,37,2024-09-23 13:24:00
1192,1011,423,1336.01,31,2024-10-26 03:48:00
1193,1047,946,1669.69,20,2024-09-29 04:37:00
1194,1033,736,1771.33,1,2024-06-21 03:28:00
1195,1031,26,569.24,37,2024-06-24 04:24:00
1196,1014,237,1104.97,31,2024-08-29 09:26:00
1197,1012,133,399.99,7,2024-08-21 13:50:00
1198,1037,626,1034.32,19,2024-07-14 10:22:00
1199,1044,658,1724.37,19,2024-09-08 01:40:00
1200,1024,939,606.47,16,2024-07-14 16:19:00
1201,1038,860,1260.88,7,2024-09-15 21:56:00
1202,1004,654,1733.65,24,2024-09-18 11:33:00
1203,1014,340,1053.97,36,2024-07-21 08:03:00
1204,1019,25,1597.73,37,2024-10-21 03:01:00
1205,1032,772,1090.08,23,2024-06-30 06:56:00
1206,1039,549,940.54,23,2024-08-27 02:58:00
1207,1012,375,1369.61,16,2024-08-17 05:56:00
1208,1037,746,991.53,32,2024-06-23 13:36:00
1209,1041,723,1775.02,42,2024-07-31 08:46:00
1210,1011,190,1764.95,5,2024-09-27 12:43:00
1211,1005,257,1644.1,37,2024-09-08 04:43:00
1212,1039,584,159.0,20,2024-09-16 13:21:00
1213,1021,519,632.85,14,2024-06-09 09:40:00
1214,1031,107,1191.49,37,2024-07-07 21:47:00
1215,1007,996,1178.56,19,2024-07-01 03:12:00
1216,1046,67,484.11,48,2024-06-29 14:55:00
1217,1042,312,582.79,21,2024-06-17 07:14:00
1218,1000,127,890.12,49,2024-10-26 15:26:00
1219,1002,399,1345.6,42,2024-10-05 15:46:00
1220,1026,974,24318.23,8,2024-09-25 19:24:00
1221,1022,225,1995.09,43,2024-10-02 23:34:00
1222,1016,200,1072.18,25,2024-07-13 20:25:00
1223,1032,482,248.59,32,2024-06-25 06:59:00
1224,1029,379,1993.73,24,2024-06-23 03:50:00
1225,1017,780,1674.43,6,2024-08-04 14:46:00
1226,1015,564,921.77,36,2024-09-23 00:25:00
1227,1046,865,1303.9,5,2024-08-20 05:45:00
1228,1021,450,515.87,43,2024-07-12 05:34:00
1229,1004,608,229.52,35,2024-06-08 06:54:00
1230,1018,494,519.33,41,2024-06-10 13:17:00
1231,1019,869,865.28,48,2024-09-21 13:48:00
1232,1010,174,1141.07,30,2024-07-22 06:58:00
1233,1029,449,1672.64,48,2024-08-27 17:06:00
1234,1031,893,324.63,16,2024-10-12 01:22:00
1235,1034,573,1978.25,44,2024-11-20 22:05:00
1236,1012,927,244.56,36,2024-09-04 00:23:00
1237,1020,660,673.15,10,2024-06-25 19:32:00
1238,1032,835,1263.03,37,2024-08-11 00:57:00
1239,1037,378,139.69,10,2024-11-17 13:43:00
1240,1017,148,1250.07,11,2024-09-29 22:37:00
1241,1034,142,856.18,12,2024-11-18 04:37:00
1242,1048,763,587.37,30,2024-07-22 12:34:00
1243,1047,433,311.54,4,2024-07-20 12:33:00
1244,1020,722,1370.66,1,2024-10-28 01:36:00
1245,1035,780,1152.34,34,2024-07-23 00:12:00
1246,1009,520,1213.33,13,2024-09-27 05:44:00
1247,1011,155,1875.11,25,2024-08-05 01:41:00
1248,1033,825,918.44,31,2024-06-22 18:17:00
1249,1047,8,1943.44,23,2024-08-12 12:52:00
1250,1044,914,1165.31,27,2024-09-10 03:44:00
1251,1006,358,1081.9,16,2024-08-05 06:33:00
1252,1014,588,1486.34,40,2024-06-30 11:18:00
1253,1030,199,1057.41,20,2024-11-24 23:11:00
1254,1024,253,665.24,45,2024-08-28 22:06:00
1255,1039,516,466.51,40,2024-10-17 11:23:00
1256,1002,654,700.23,49,2024-06-05 23:42:00
1257,1021,98,139.71,39,2024-07-19 23:32:00
1258,1000,32,362.55,49,2024-08-31 03:52:00
1259,1003,69,1617.12,28,2024-06-19 15:58:00
1260,1044,898,128.45,45,2024-11-08 10:57:00
1261,1041,51,727.4,2,2024-08-08 04:43:00
1262,1036,537,694.31,31,2024-07-07 23:27:00
1263,1035,727,1138.16,30,2024-11-26 14:20:00
1264,1041,885,901.62,15,2024-06-20 18:53:00
1265,1002,480,1237.45,8,2024-10-13 12:53:00
1266,1022,351,1487.06,25,2024-09-08 16:06:00
1267,1047,113,1813.83,50,2024-07-08 01:07:00
1268,1014,653,712.76,25,2024-07-09 20:04:00
1269,1030,187,1518.71,14,2024-09-16 12:04:00
1270,1006,965,1585.65,22,2024-10-19 10:00:00
1271,1046,551,105.94,38,2024-07-29 08:03:00
1272,1032,846,1870.51,8,2024-08-12 09:36:00
1273,1036,172,1227.71,42,2024-11-23 10:21:00
1274,1019,571,243.0,7,2024-08-05 15:40:00
1275,1044,380,2087.26,49,2024-06-18 01:48:00
1276,1007,940,1555.53,34,2024-11-16 17:08:00
1277,1026,730,82.72,40,2024-10-15 09:06:00
1278,1031,504,199.63,31,2024-09-04 05:02:00
1279,1018,269,141.2,21,2024-08-19 17:47:00
1280,1025,142,1680.65,25,2024-10-28 16:26:00
1281,1049,943,509.0,21,2024-06-28 05:34:00
1282,1022,927,361.65,10,2024-11-22 17:52:00
1283,1023,199,1963.54,20,2024-11-20 18:05:00
1284,1026,841,1867.99,49,2024-09-18 11:08:00
1285,1012,944,1345.16,24,2024-11-07 07:18:00
1286,1022,171,1333.96,6,2024-09-19 01:51:00
1287,1014,44,942.73,25,2024-08-18 11:44:00
1288,1044,953,277.78,26,2024-08-04 06:40:00
1289,1045,143,1969.76,36,2024-11-26 06:26:00
1290,1007,930,1749.01,40,2024-06-22 04:57:00
1291,1028,175,629.01,12,2024-07-24 13:31:00
1292,1001,238,1603.6,10,2024-11-18 01:47:00
1293,1010,151,187.75,12,2024-11-21 23:30:00
1294,1043,153,1025.04,38,2024-10-17 12:41:00
1295,1037,657,1084.0,46,2024-07-14 00:45:00
1296,1031,889,974.69,12,2024-07-23 05:59:00
1297,1033,338,68.9,25,2024-06-17 08:31:00
1298,1012,534,1629.63,41,2024-08-06 10:44:00
1299,1027,198,1896.57,8,2024-06-29 20:06:00
1300,1017,100,538.91,24,2024-08-26 14:22:00
1301,1029,691,1696.2,8,2024-11-16 02:41:00
1302,1049,659,1491.83,36,2024-11-06 14:41:00
1303,1025,596,1007.28,1,2024-07-06 12:51:00
1304,1020,645,1276.88,45,2024-10-12 11:55:00
1305,1014,399,913.3,25,2024-11-11 06:17:00
1306,1027,113,1708.13,25,2024-07-18 00:11:00
1307,1002,251,652.33,6,2024-10-02 02:04:00
1308,1003,858,1369.63,5,2024-10-18 22:12:00
1309,1013,971,298.22,8,2024-10-20 05:14:00
1310,1030,786,1771.4,14,2024-06-25 03:06:00
1311,1036,632,174.46,37,2024-11-25 06:21:00
1312,1045,676,1745.37,7,2024-10-08 13:11:00
1313,1022,769,1490.18,49,2024-11-18 09:07:00
1314,1043,303,427.9,35,2024-07-16 10:27:00
1315,1024,667,291.73,10,2024-06-02 03:12:00
1316,1048,445,1463.7,35,2024-08-28 17:48:00
1317,1049,541,550.17,24,2024-07-05 18:44:00
1318,1006,498,1279.62,45,2024-09-01 22:40:00
1319,1039,317,993.42,39,2024-10-05 15:30:00
1320,1010,893,1033.6,13,2024-06-11 18:17:00
1321,1029,949,39984.31,45,2024-08-07 12:24:00
1322,1028,252,1686.8,50,2024-09-07 10:16:00
1323,1014,558,944.87,43,2024-07-15 18:44:00
1324,1029,940,313.04,46,2024-09-07 12:10:00
1325,1014,192,422.19,10,2024-10-08 20:30:00
1326,1041,449,664.6,33,2024-10-04 00:16:00
1327,1026,714,1086.08,36,2024-08-15 08:44:00
1328,1024,368,83.4,14,2024-11-27 14:54:00
1329,1012,130,368.32,6,2024-09-22 05:38:00
1330,1003,389,1502.92,9,2024-09-01 16:25:00
1331,1032,145,697.54,2,2024-09-30 16:01:00
1332,1003,872,1283.42,40,2024-06-17 04:31:00
1333,1040,253,1098.03,38,2024-09-27 12:32:00
1334,1035,711,1935.61,16,2024-09-20 00:42:00
1335,1011,63,1075.87,24,2024-10-04 14:54:00
1336,1015,866,647.32,10,2024-06-10 03:42:00
1337,1047,854,1371.32,4,2024-08-26 16:44:00
1338,1032,961,1942.03,6,2024-09-12 07:29:00
1339,1042,26,1931.3,11,2024-09-25 07:53:00
1340,1004,915,1060.15,32,2024-08-09 22:11:00
1341,1029,731,221.42,6,2024-11-18 12:16:00
1342,1013,7,1307.0,4,2024-06-14 06:42:00
1343,1047,607,847.96,37,2024-09-16 13:26:00
1344,1045,223,1766.31,42,2024-09-02 01:54:00
1345,1000,737,1907.04,28,2024-08-08 08:20:00
1346,1034,124,1032.92,9,2024-09-02 21:57:00
1347,1045,781,1624.02,7,2024-11-09 00:56:00
1348,1002,548,1162.39,24,2024-10-23 04:29:00
1349,1039,702,582.46,34,2024-10-28 14:59:00
1350,1027,869,1434.98,11,2024-09-29 12:19:00
1351,1030,126,151.42,14,2024-06-24 07:31:00
1352,1030,264,949.36,17,2024-09-11 22:28:00
1353,1039,505,1911.95,7,2024-11-20 19:26:00
1354,1015,456,1220.41,8,2024-09-24 09:30:00
1355,1040,476,784.16,30,2024-11-13 06:47:00
1356,1001,909,429.92,12,2024-07-10 06:42:00
1357,1001,244,509.6,32,2024-07-16 08:02:00
1358,1024,605,1693.51,5,2024-06-12 21:49:00
1359,1047,577,1117.08,10,2024-08-31 00:44:00
1360,1017,75,392.87,19,2024-09-27 23:20:00
1361,1027,283,1868.58,26,2024-11-04 03:18:00
1362,1004,753,649.29,4,2024-11-12 14:50:00
1363,1027,314,1041.29,49,2024-11-20 23:40:00
1364,1037,126,833.61,12,2024-06-11 05:41:00
1365,1019,141,1170.46,4,2024-08-17 04:40:00
1366,1035,663,501.75,15,2024-08-07 11:43:00
1367,1021,947,1288.91,45,2024-06-28 23:50:00
1368,1027,552,274.88,43,2024-06-24 10:09:00
1369,1041,215,689.35,22,2024-09-03 02:23:00
1370,1043,820,1847.18,42,2024-10-25 15:26:00
1371,1038,78,180.2,31,2024-11-06 01:06:00
1372,1040,936,1480.1,27,2024-10-17 13:22:00
1373,1046,864,1701.0,8,2024-09-21 23:58:00
1374,1037,280,1598.69,21,2024-09-27 22:11:00
1375,1012,755,1984.23,50,2024-07-20 13:53:00
1376,1017,373,219.62,4,2024-11-28 00:52:00
1377,1038,30,122.47,25,2024-09-03 22:18:00
1378,1017,516,422.23,13,2024-08-15 17:10:00
1379,1047,256,77.7,33,2024-07-23 06:53:00
1380,1036,746,1313.13,16,2024-11-27 22:24:00
1381,1030,701,1124.98,3,2024-08-11 03:04:00
1382,1014,169,1852.13,1,2024-06-18 11:51:00
1383,1008,178,1429.53,35,2024-08-06 16:20:00
1384,1030,333,51539.45,1,2024-11-19 19:00:00
1385,1001,456,1786.07,36,2024-08-19 18:14:00
1386,1032,432,533.71,32,2024-07-30 16:51:00
1387,1011,78,641.91,34,2024-10-28 08:23:00
1388,1041,856,816.76,41,2024-07-04 04:58:00
1389,1026,558,98.03,31,2024-08-02 15:39:00
1390,1014,416,292.26,8,2024-10-04 14:24:00
1391,1040,385,1749.56,2,2024-08-30 22:42:00
1392,1046,329,918.1,37,2024-07-13 18:54:00
1393,1044,673,1543.43,37,2024-06-17 06:59:00
1394,1006,613,758.1,29,2024-07-17 22:06:00
1395,1006,661,851.72,3,2024-09-25 18:09:00
1396,1048,863,1375.23,1,2024-08-01 15:30:00
1397,1040,458,1118.24,4,2024-09-09 14:07:00
1398,1049,689,1599.4,10,2024-06-12 01:05:00
1399,1041,119,326.46,42,2024-06-21 03:06:00
1400,1029,684,500.86,23,2024-11-17 02:55:00
1401,1033,187,226.83,44,2024-07-01 02:37:00
1402,1035,395,1251.71,22,2024-11-19 19:12:00
1403,1044,120,212.99,5,2024-10-18 17:49:00
1404,1000,200,518.3,9,2024-10-08 09:47:00
1405,1039,732,986.53,30,2024-08-06 21:20:00
1406,1039,876,165.13,28,2024-09-13 13:58:00
1407,1033,350,1758.77,30,2024-09-18 17:36:00
1408,1047,810,82.06,43,2024-11-24 13:39:00
1409,1043,280,1462.96,37,2024-07-12 01:40:00
1410,1040,166,1876.74,18,2024-11-02 08:26:00
1411,1010,372,1622.7,14,2024-10-11 18:53:00
1412,1008,335,606.5,31,2024-11-02 11:36:00
1413,1005,721,1599.99,50,2024-07-26 04:42:00
1414,1003,305,347.09,26,2024-09-26 16:11:00
1415,1001,733,1154.65,19,2024-08-10 11:16:00
1416,1031,755,1242.45,6,2024-10-18 20:31:00
1417,1008,533,889.99,36,2024-08-24 14:33:00
1418,1022,908,152.78,4,2024-06-27 18:53:00
1419,1039,675,300.4,37,2024-06-20 16:26:00
1420,1008,239,1412.89,49,2024-06-02 01:55:00
1421,1028,857,1896.64,47,2024-09-04 22:24:00
1422,1007,441,794.75,38,2024-11-27 11:34:00
1423,1004,187,631.41,15,2024-10-25 19:29:00
1424,1000,620,1948.76,38,2024-07-28 10:59:00
1425,1046,954,135.73,28,2024-10-12 00:15:00
1426,1011,920,500.6,13,2024-09-14 14:29:00
1427,1015,661,712.13,14,2024-07-06 02:36:00
1428,1024,603,603.73,24,2024-08-15 22:34:00
1429,1015,515,225.84,24,2024-08-17 11:49:00
1430,1041,850,464.66,12,2024-06-18 04:58:00
1431,1031,914,420.92,8,2024-11-10 13:46:00
1432,1030,301,1068.5,17,2024-10-06 19:26:00
1433,1030,402,1331.97,45,2024-06-19 04:31:00
1434,1016,390,497.6,17,2024-10-13 08:40:00
1435,1046,424,1019.74,6,2024-09-03 13:05:00
1436,1030,912,699.66,28,2024-06-09 01:50:00
1437,1043,463,86.32,40,2024-08-30 17:44:00
1438,1036,130,1458.99,7,2024-11-08 18:39:00
1439,1047,297,927.24,36,2024-06-22 02:31:00
1440,1025,812,1472.22,34,2024-09-02 07:40:00
1441,1033,802,1057.3,2,2024-08-03 11:34:00
1442,1039,799,1137.79,9,2024-08-31 21:30:00
1443,1023,101,356.5,12,2024-11-11 01:02:00
1444,1031,96,1828.85,49,2024-09-30 20:10:00
1445,1007,976,390.4,26,2024-11-03 06:47:00
1446,1013,256,1039.3,42,2024-06-15 11:28:00
1447,1009,485,103.96,24,2024-09-29 14:15:00
1448,1032,416,812.42,50,2024-09-04 02:31:00
1449,1038,968,436.78,10,2024-10-23 18:08:00
1450,1004,605,1254.52,13,2024-08-21 18:23:00
1451,1046,239,448.54,44,2024-06-01 12:07:00
1452,1004,295,1049.66,31,2024-09-04 21:30:00
1453,1008,237,1686.42,26,2024-09-15 07:37:00
1454,1033,98,456.13,12,2024-11-14 18:01:00
1455,1048,913,1355.55,23,2024-10-11 02:10:00
1456,1021,217,1037.6,26,2024-10-22 13:56:00
1457,1007,795,1888.69,11,2024-08-16 00:35:00
1458,1020,587,1802.88,18,2024-09-06 16:25:00
1459,1018,742,1612.0,30,2024-06-18 21:18:00
1460,1001,206,804.05,36,2024-11-12 06:14:00
1461,1034,497,1304.18,5,2024-08-31 12:05:00
1462,1020,318,620.34,16,2024-08-06 00:54:00
1463,1028,664,1633.91,11,2024-07-06 03:48:00
1464,1031,633,1635.21,14,2024-10-28 01:32:00
1465,1004,382,1494.12,10,2024-08-13 10:56:00
1466,1008,673,1839.64,3,2024-11-07 03:06:00
1467,1027,705,501.04,47,2024-06-27 11:34:00
1468,1018,46,1196.17,48,2024-10-19 07:19:00
1469,1032,920,908.16,4,2024-10-22 16:39:00
1470,1027,920,343.62,4,2024-10-06 13:56:00
1471,1005,409,508.01,24,2024-08-24 03:40:00
1472,1027,855,754.51,6,2024-06-14 03:07:00
1473,1046,182,1766.72,9,2024-10-09 03:34:00
1474,1016,977,1463.44,30,2024-07-08 06:02:00
1475,1015,284,1123.65,27,2024-07-28 10:41:00
1476,1005,181,1028.6,35,2024-06-05 15:45:00
1477,1047,785,566.0,47,2024-10-29 05:39:00
1478,1007,163,1344.28,40,2024-10-30 10:10:00
1479,1007,680,1249.72,47,2024-09-08 12:56:00
1480,1013,553,1249.89,9,2024-09-26 05:09:00
1481,1012,482,1722.91,46,2024-07-28 09:18:00
1482,1021,904,1439.71,33,2024-07-07 19:42:00
1483,1042,289,1336.57,8,2024-08-13 17:01:00
1484,1005,71,1843.56,4,2024-10-21 03:51:00
1485,1040,44,1050.09,6,2024-08-28 19:22:00
1486,1035,716,813.27,41,2024-11-11 14:14:00
1487,1016,75,271.42,17,2024-06-22 21:44:00
1488,1039,645,57.18,3,2024-08-14 00:46:00
1489,1033,31,1007.19,38,2024-10-03 07:59:00
1490,1016,304,410.61,25,2024-10-01 08:34:00
1491,1018,998,1344.95,6,2024-11-23 23:26:00
1492,1045,462,268.73,7,2024-08-31 04:19:00
1493,1005,931,748.22,49,2024-10-28 00:54:00
1494,1031,176,1835.88,21,2024-06-16 19:57:00
1495,1008,450,1729.4,29,2024-07-26 02:28:00
1496,1044,223,192.54,46,2024-10-26 02:45:00
1497,1045,854,447.44,14,2024-08-28 02:11:00
1498,1046,259,888.83,21,2024-09-28 20:20:00
1499,1023,517,1892.1,9,2024-10-28 03:47:00
1500,1016,979,115.19,3,2024-08-17 04:01:00
1501,1044,416,80.2,27,2024-09-01 04:31:00
1502,1025,595,1602.04,37,2024-10-05 03:49:00
1503,1038,550,1050.31,23,2024-11-09 23:47:00
1504,1038,777,369.67,49,2024-09-17 22:24:00
1505,1027,900,839.37,48,2024-06-22 02:18:00
1506,1020,421,165.05,42,2024-10-22 10:20:00
1507,1007,436,1902.5,5,2024-10-24 12:47:00
1508,1048,31,1521.42,43,2024-08-10 01:37:00
1509,1018,344,1169.91,21,2024-09-17 18:46:00
1510,1035,184,1868.36,50,2024-06-02 09:18:00
1511,1048,48,1260.99,17,2024-10-27 15:22:00
1512,1044,135,1029.67,3,2024-06-18 23:44:00
1513,1037,630,1892.69,13,2024-06-11 15:26:00
1514,1006,759,1524.76,5,2024-09-02 21:50:00
1515,1038,501,55.09,17,2024-07-11 14:00:00
1516,1017,436,1592.86,32,2024-08-09 08:19:00
1517,1020,610,570.36,28,2024-07-05 00:56:00
1518,1040,714,66.05,50,2024-08-21 11:21:00
1519,1031,742,1348.54,32,2024-06-05 03:38:00
1520,1004,876,151.96,12,2024-09-30 19:48:00
1521,1021,536,1432.27,1,2024-10-16 08:19:00
1522,1045,696,100.81,19,2024-07-06 13:03:00
1523,1038,243,1389.57,34,2024-11-07 11:20:00
1524,1035,214,1136.21,45,2024-07-04 01:12:00
1525,1047,253,620.07,22,2024-08-22 15:37:00
1526,1037,228,1322.6,49,2024-06-14 11:50:00
1527,1020,960,1564.09,5,2024-09-10 09:16:00
1528,1016,449,1610.97,47,2024-06-04 09:30:00
1529,1049,808,1012.91,1,2024-11-11 12:53:00
1530,1000,970,122.45,26,2024-07-04 14:01:00
1531,1018,525,917.78,10,2024-09-15 11:11:00
1532,1001,235,618.45,16,2024-09-07 23:11:00
1533,1039,82,258.76,14,2024-10-20 08:57:00
1534,1027,832,329.62,3,2024-06-09 06:27:00
1535,1028,170,386.12,29,2024-09-03 01:12:00
1536,1031,113,794.04,5,2024-07-18 06:40:00
1537,1027,813,1148.89,26,2024-06-20 00:50:00
1538,1025,50,421.96,32,2024-09-30 09:58:00
1539,1000,283,803.76,1,2024-07-03 12:47:00
1540,1009,495,47036.37,19,2024-07-17 04:22:00
1541,1045,705,1835.78,15,2024-06-25 23:23:00
1542,1026,237,1671.13,12,2024-10-16 18:55:00
1543,1030,831,731.22,37,2024-06-26 10:45:00
1544,1004,316,389.88,13,2024-08-10 15:39:00
1545,1033,716,737.91,34,2024-11-07 16:41:00
1546,1041,476,285.9,23,2024-08-24 01:49:00
1547,1030,733,1705.18,20,2024-09-14 11:20:00
1548,1019,443,1359.44,27,2024-08-12 12:46:00
1549,1001,824,503.95,15,2024-11-08 14:49:00
1550,1006,804,243.36,2,2024-07-24 06:15:00
1551,1019,164,1095.77,33,2024-11-15 01:23:00
1552,1001,513,612.04,33,2024-06-29 17:57:00
1553,1038,708,1721.79,17,2024-09-23 11:50:00
1554,1014,233,759.16,19,2024-06-04 17:51:00
1555,1037,495,1601.3,13,2024-10-15 20:14:00
1556,1026,815,146.92,1,2024-10-07 23:57:00
1557,1004,204,440.37,35,2024-11-21 03:12:00
1558,1041,828,1326.91,43,2024-10-03 20:07:00
1559,1005,94,418.15,8,2024-07-03 05:57:00
1560,1042,592,1012.69,31,2024-11-24 22:31:00
1561,1018,470,942.32,23,2024-10-22 13:20:00
1562,1001,749,1667.79,35,2024-07-05 02:45:00
1563,1036,803,957.64,49,2024-10-03 20:12:00
1564,1034,5,1842.52,34,2024-10-24 11:12:00
1565,1049,283,706.2,47,2024-09-09 20:16:00
1566,1034,920,342.32,47,2024-08-19 10:54:00
1567,1035,397,428.02,36,2024-08-10 11:17:00
1568,1006,892,539.74,30,2024-08-25 00:35:00
1569,1022,440,428.47,45,2024-11-09 15:27:00
1570,1004,800,1019.89,40,2024-08-22 23:23:00
1571,1039,757,592.67,1,2024-07-16 15:15:00
1572,1003,598,550.59,8,2024-07-01 02:24:00
1573,1029,998,936.33,23,2024-09-02 16:21:00
1574,1042,836,689.72,25,2024-10-04 23:37:00
1575,1012,543,1972.6,41,2024-11-09 21:38:00
1576,1044,870,1035.97,46,2024-08-10 16:20:00
1577,1044,515,357.47,34,2024-07-16 18:09:00
1578,1002,212,1489.49,24,2024-06-21 15:37:00
1579,1008,303,1376.81,47,2024-10-25 09:57:00
1580,1034,229,1323.84,30,2024-10-23 00:58:00
1581,1003,976,533.73,21,2024-07-19 01:43:00
1582,1000,186,1186.78,44,2024-11-03 22:59:00
1583,1021,970,66.22,30,2024-07-15 09:49:00
1584,1003,80,1269.92,40,2024-11-09 15:08:00
1585,1049,164,349.39,32,2024-09-04 07:18:00
1586,1002,590,1669.39,4,2024-10-04 14:31:00
1587,1009,296,1561.51,5,2024-11-12 10:23:00
1588,1032,616,919.21,24,2024-09-09 12:25:00
1589,1025,452,933.84,18,2024-11-26 15:52:00
1590,1030,862,325.81,42,2024-08-08 02:48:00
1591,1045,927,571.15,42,2024-11-08 15:30:00
1592,1012,379,1571.63,39,2024-09-17 06:27:00
1593,1025,116,451.13,42,2024-10-20 10:40:00
1594,1027,681,454.08,30,2024-10-12 22:30:00
1595,1017,313,1485.76,31,2024-08-19 02:03:00
1596,1036,115,187.47,36,2024-07-04 01:08:00
1597,1027,912,1721.47,25,2024-08-09 23:19:00
1598,1027,900,1493.19,20,2024-11-07 10:52:00
1599,1008,400,1601.83,32,2024-06-14 06:45:00
1600,1027,984,1614.5,11,2024-10-12 08:03:00
1601,1021,41,1304.55,21,2024-06-24 14:22:00
1602,1019,615,717.34,26,2024-09-23 19:49:00
1603,1016,349,112.69,27,2024-07-07 03:40:00
1604,1000,849,1702.66,34,2024-09-04 21:29:00
1605,1010,399,957.58,48,2024-09-16 15:26:00
1606,1030,160,1164.79,9,2024-06-03 09:57:00
1607,1013,706,117.18,35,2024-10-05 10:15:00
1608,1018,675,1982.59,37,2024-06-10 17:49:00
1609,1031,345,1612.79,15,2024-10-16 14:37:00
1610,1029,742,97.6,23,2024-08-15 13:33:00
1611,1029,338,430.89,29,2024-07-28 07:56:00
1612,1046,167,427.85,13,2024-08-23 14:03:00
1613,1028,817,1867.59,25,2024-09-04 09:11:00
1614,1021,229,1035.34,25,2024-11-27 10:30:00
1615,1024,138,279.11,12,2024-11-16 16:09:00
1616,1030,241,288.67,26,2024-06-10 10:58:00
1617,1047,617,528.95,15,2024-09-16 01:43:00
1618,1030,747,907.94,3,2024-08-17 10:54:00
1619,1045,577,424.65,1,2024-11-13 10:51:00
1620,1042,900,1391.44,33,2024-07-17 13:28:00
1621,1011,262,334.42,25,2024-10-31 03:20:00
1622,1010,591,399.5,34,2024-07-15 07:30:00
1623,1012,950,974.19,44,2024-10-20 16:12:00
1624,1019,376,780.0,14,2024-06-03 07:18:00
1625,1011,670,1171.85,27,2024-06-11 21:23:00
1626,1025,173,1436.06,31,2024-09-13 20:35:00
1627,1029,588,1994.65,25,2024-06-25 13:55:00
1628,1022,606,739.03,42,2024-09-19 20:52:00
1629,1038,603,1619.34,19,2024-06-06 07:08:00
1630,1002,69,181.38,5,2024-11-03 19:25:00
1631,1036,119,1857.13,10,2024-10-27 21:38:00
1632,1035,460,1122.92,32,2024-08-26 07:42:00
1633,1015,714,1068.09,24,2024-07-03 04:22:00
1634,1007,175,801.94,17,2024-10-14 13:45:00
1635,1019,12,1159.58,23,2024-08-03 06:47:00
1636,1027,63,490.61,17,2024-10-24 22:27:00
1637,1015,309,921.73,39,2024-10-11 00:43:00
1638,1038,102,1310.23,35,2024-09-07 11:18:00
1639,1040,906,375.42,40,2024-08-23 21:24:00
1640,1023,388,677.01,14,2024-07-03 21:41:00
1641,1033,675,518.47,27,2024-09-19 13:02:00
1642,1014,518,573.56,2,2024-11-03 09:06:00
1643,1022,446,951.55,40,2024-09-25 02:15:00
1644,1043,137,651.6,25,2024-10-08 03:15:00
1645,1012,898,1456.42,34,2024-06-16 02:58:00
1646,1014,466,1529.06,36,2024-08-19 16:26:00
1647,1002,543,416.44,2,2024-07-10 21:27:00
1648,1003,964,253.39,35,2024-08-20 05:13:00
1649,1008,783,89.41,22,2024-10-13 13:17:00
1650,1012,174,121.08,50,2024-06-18 11:43:00
1651,1033,410,1395.99,35,2024-11-11 08:52:00
1652,1043,440,1231.45,28,2024-10-30 19:13:00
1653,1022,338,1730.46,40,2024-08-05 23:56:00
1654,1039,760,108.92,49,2024-10-08 17:58:00
1655,1041,679,1920.77,34,2024-11-24 12:27:00
1656,1001,130,1189.2,18,2024-10-17 21:22:00
1657,1010,768,626.87,36,2024-11-07 01:11:00
1658,1044,516,1282.99,40,2024-09-03 00:18:00
1659,1049,67,1951.04,46,2024-09-01 08:26:00
1660,1030,511,303.81,6,2024-07-08 22:06:00
1661,1001,669,36387.05,7,2024-10-05 20:46:00
1662,1043,494,97.75,17,2024-09-06 09:45:00
1663,1038,126,1417.6,17,2024-08-25 19:44:00
1664,1007,820,105.82,27,2024-10-14 10:57:00
1665,1024,470,1450.06,15,2024-07-07 02:17:00
1666,1047,18,1607.17,10,2024-09-29 19:14:00
1667,1041,409,1952.75,5,2024-08-12 08:37:00
1668,1013,594,843.1,45,2024-08-30 01:56:00
1669,1028,134,1596.24,13,2024-10-05 22:45:00
1670,1044,346,1777.43,26,2024-09-28 04:30:00
1671,1047,765,546.24,29,2024-11-09 02:23:00
1672,1029,409,1916.56,40,2024-11-04 03:32:00
1673,1048,956,353.75,15,2024-08-15 05:47:00
1674,1034,918,338.41,5,2024-07-31 22:26:00
1675,1002,110,1343.24,46,2024-09-07 00:30:00
1676,1043,66,446.55,35,2024-06-12 06:41:00
1677,1018,435,1213.4,37,2024-09-04 16:03:00
1678,1038,763,791.46,49,2024-10-20 09:03:00
1679,1015,337,472.64,4,2024-11-17 10:19:00
1680,1032,877,1981.82,41,2024-06-15 16:58:00
1681,1027,334,1256.49,6,2024-09-18 08:32:00
1682,1012,864,1227.76,24,2024-07-05 11:14:00
1683,1002,546,1532.05,10,2024-07-29 22:19:00
1684,1046,267,1436.36,26,2024-06-06 16:16:00
1685,1048,705,723.92,32,2024-08-28 08:23:00
1686,1002,609,1526.18,26,2024-09-24 18:13:00
1687,1048,13,1798.26,43,2024-07-09 01:10:00
1688,1001,273,211.52,3,2024-08-14 04:08:00
1689,1036,881,1705.17,10,2024-07-10 12:32:00
1690,1014,790,304.46,28,2024-11-22 11:51:00
1691,1026,295,520.07,14,2024-11-02 13:00:00
1692,1034,165,598.66,7,2024-08-17 06:25:00
1693,1002,855,609.03,25,2024-09-05 09:14:00
1694,1009,984,828.05,28,2024-11-09 02:31:00
1695,1002,82,805.38,45,2024-10-06 18:03:00
1696,1012,763,1435.26,50,2024-09-22 19:57:00
1697,1006,434,908.86,47,2024-07-07 07:44:00
1698,1048,860,1866.78,10,2024-08-12 15:12:00
1699,1034,21,588.33,15,2024-08-24 15:36:00
1700,1049,835,1262.93,41,2024-07-28 13:08:00
1701,1047,694,567.54,42,2024-10-12 16:15:00
1702,1008,542,1248.45,24,2024-10-05 10:19:00
1703,1018,553,327.38,21,2024-11-10 23:08:00
1704,1031,967,1698.62,31,2024-08-08 08:46:00
1705,1046,303,1210.95,43,2024-06-08 18:38:00
1706,1030,665,167.07,48,2024-09-21 13:17:00
1707,1005,701,446.94,23,2024-09-10 15:29:00
1708,1025,815,1693.89,48,2024-09-08 21:10:00
1709,1019,308,273.0,19,2024-08-30 09:08:00
1710,1004,67,1499.69,34,2024-09-25 18:13:00
1711,1037,993,215.21,24,2024-11-06 11:29:00
1712,1006,724,63230.03,44,2024-11-05 12:24:00
1713,1006,842,1238.75,14,2024-11-12 14:57:00
1714,1012,386,1428.64,36,2024-10-22 23:43:00
1715,1020,234,1824.39,7,2024-06-24 10:54:00
1716,1016,817,507.13,34,2024-06-08 19:14:00
1717,1027,371,1692.48,22,2024-08-12 23:18:00
1718,1042,757,1024.08,33,2024-09-11 01:19:00
1719,1034,206,2448.09,50,2024-07-09 16:03:00
1720,1016,378,23450.28,13,2024-10-07 13:32:00
1721,1003,938,1368.22,30,2024-07-17 05:14:00
1722,1020,835,59.61,5,2024-10-12 17:11:00
1723,1023,695,987.69,29,2024-06-09 05:52:00
1724,1005,723,195.8,36,2024-09-05 13:33:00
1725,1012,266,1263.68,2,2024-06-27 00:32:00
1726,1024,833,1921.04,23,2024-06-20 05:23:00
1727,1046,809,989.76,40,2024-11-04 22:56:00
1728,1024,134,924.41,49,2024-07-15 17:16:00
1729,1037,685,1888.16,18,2024-07-15 06:33:00
1730,1031,477,572.97,14,2024-07-23 10:52:00
1731,1041,287,1654.32,6,2024-11-07 11:45:00
1732,1041,793,1839.19,7,2024-09-23 04:40:00
1733,1042,170,661.95,22,2024-10-17 22:10:00
1734,1022,435,522.37,24,2024-08-20 02:36:00
1735,1013,937,173.41,15,2024-07-21 04:50:00
1736,1004,738,884.99,37,2024-10-01 20:10:00
1737,1028,451,682.06,30,2024-07-18 22:51:00
1738,1013,905,1947.26,1,2024-11-19 17:47:00
1739,1018,300,365.04,50,2024-06-03 02:40:00
1740,1004,338,1063.15,24,2024-07-15 17:12:00
1741,1008,210,1713.09,46,2024-07-23 14:09:00
1742,1012,574,1971.71,39,2024-09-28 11:31:00
1743,1037,965,1096.16,8,2024-10-28 00:31:00
1744,1022,462,1702.0,39,2024-10-14 13:49:00
1745,1000,233,1648.28,40,2024-10-07 18:26:00
1746,1047,765,1937.41,17,2024-08-14 22:59:00
1747,1046,606,1052.18,39,2024-08-21 14:27:00
1748,1023,435,1990.64,38,2024-08-09 22:27:00
1749,1022,728,1092.12,8,2024-06-27 22:30:00
1750,1032,70,1301.77,10,2024-08-21 04:20:00
1751,1023,659,627.65,4,2024-06-11 15:30:00
1752,1031,630,226.12,16,2024-09-03 20:55:00
1753,1043,809,1947.15,28,2024-08-24 06:09:00
1754,1038,178,1616.99,12,2024-06-29 18:37:00
1755,1002,916,1235.5,40,2024-10-03 02:44:00
1756,1045,875,1645.47,7,2024-08-11 12:58:00
1757,1010,87,1924.55,43,2024-06-12 22:52:00
1758,1032,304,1711.14,35,2024-10-26 08:44:00
1759,1046,604,175.05,16,2024-08-08 10:31:00
1760,1032,628,1538.91,7,2024-11-17 03:04:00
1761,1038,331,93.89,40,2024-11-11 05:11:00
1762,1040,236,1510.1,46,2024-10-08 04:50:00
1763,1047,852,1532.69,33,2024-06-12 16:21:00
1764,1037,235,204.84,48,2024-06-23 08:08:00
1765,1024,785,691.82,30,2024-07-23 16:17:00
1766,1005,460,1340.87,22,2024-07-22 02:00:00
1767,1045,128,1683.75,14,2024-06-04 07:48:00
1768,1021,709,1572.25,16,2024-09-24 23:02:00
1769,1007,707,1490.22,16,2024-07-06 04:45:00
1770,1007,515,1857.62,8,2024-06-03 11:30:00
1771,1005,932,569.18,36,2024-09-19 06:47:00
1772,1030,33,1266.11,45,2024-11-06 04:51:00
1773,1016,477,1821.4,44,2024-09-10 10:42:00
1774,1046,963,1354.29,38,2024-08-17 02:00:00
1775,1035,999,528.99,48,2024-06-22 18:03:00
1776,1005,379,490.16,7,2024-08-09 23:50:00
1777,1043,547,522.07,24,2024-09-06 00:24:00
1778,1004,79,55.53,45,2024-08-13 13:51:00
1779,1045,195,738.18,13,2024-10-06 00:45:00
1780,1011,211,463.18,9,2024-11-24 15:07:00
1781,1047,526,58.87,10,2024-06-10 10:02:00
1782,1036,706,136.85,36,2024-10-08 12:57:00
1783,1028,778,1364.39,44,2024-08-11 06:31:00
1784,1037,546,893.7,50,2024-11-12 19:29:00
1785,1046,133,104.87,49,2024-08-09 21:43:00
1786,1025,751,728.43,49,2024-09-01 03:59:00
1787,1019,123,1526.67,47,2024-08-07 16:06:00
1788,1022,393,662.41,3,2024-09-16 00:33:00
1789,1036,294,403.01,43,2024-08-01 02:09:00
1790,1037,400,1943.04,35,2024-07-01 05:37:00
1791,1040,415,1384.23,12,2024-10-17 03:47:00
1792,1013,553,1957.21,37,2024-07-13 19:42:00
1793,1036,774,1513.97,15,2024-09-03 03:47:00
1794,1002,878,964.57,31,2024-09-01 20:54:00
1795,1009,345,579.81,10,2024-07-25 17:30:00
1796,1049,746,1139.63,16,2024-11-23 15:10:00
1797,1032,489,1491.62,19,2024-09-26 03:07:00
1798,1016,470,834.73,37,2024-06-28 19:24:00
1799,1003,461,1729.79,50,2024-07-30 01:04:00
1800,1012,736,1109.95,23,2024-11-13 18:29:00
1801,1009,711,396.17,19,2024-09-17 00:43:00
1802,1021,495,817.68,45,2024-08-23 12:59:00
1803,1001,837,187.69,12,2024-10-03 11:42:00
1804,1010,655,1656.68,49,2024-07-11 13:51:00
1805,1035,58,1694.72,31,2024-10-03 02:51:00
1806,1043,174,1616.98,37,2024-10-02 19:50:00
1807,1008,993,1525.44,15,2024-07-30 07:10:00
1808,1010,761,1397.81,4,2024-09-16 00:30:00
1809,1028,385,1212.05,19,2024-10-22 19:30:00
1810,1014,769,1481.76,5,2024-06-28 00:46:00
1811,1042,503,833.69,16,2024-10-19 15:05:00
1812,1012,208,1871.69,4,2024-08-24 08:44:00
1813,1006,305,472.46,12,2024-07-30 20:21:00
1814,1019,38,729.82,47,2024-06-15 17:32:00
1815,1017,792,195.07,22,2024-07-09 12:10:00
1816,1044,403,1123.23,33,2024-11-28 07:21:00
1817,1006,932,616.41,16,2024-10-27 15:44:00
1818,1027,495,1171.75,11,2024-11-14 00:36:00
1819,1046,165,1452.16,6,2024-08-06 06:50:00
1820,1032,429,285.0,33,2024-09-25 06:13:00
1821,1007,621,1570.24,50,2024-10-02 13:35:00
1822,1004,395,504.22,17,2024-11-15 14:13:00
1823,1006,205,989.69,38,2024-09-12 21:35:00
1824,1028,457,821.12,23,2024-08-31 19:14:00
1825,1018,909,1530.66,20,2024-06-15 00:33:00
1826,1004,104,1988.93,11,2024-06-04 06:22:00
1827,1029,70,1995.81,26,2024-07-11 06:33:00
1828,1017,118,377.32,12,2024-11-16 02:22:00
1829,1043,998,746.65,2,2024-06-27 09:13:00
1830,1034,767,352.3,12,2024-08-19 10:14:00
1831,1036,731,1072.38,10,2024-11-06 13:44:00
1832,1031,393,171.09,6,2024-09-27 17:43:00
1833,1028,393,1366.8,21,2024-08-06 10:48:00
1834,1017,515,1635.35,22,2024-10-17 17:45:00
1835,1030,433,1055.48,1,2024-07-14 20:51:00
1836,1020,144,1803.32,41,2024-10-21 14:51:00
1837,1041,226,498.92,19,2024-09-24 14:32:00
1838,1011,566,1755.2,12,2024-09-05 22:06:00
1839,1002,244,1770.82,35,2024-11-21 20:42:00
1840,1037,686,1842.74,25,2024-11-28 07:02:00
1841,1007,302,277.02,35,2024-10-13 19:38:00
1842,1038,854,812.33,43,2024-07-22 03:46:00
1843,1010,268,605.92,48,2024-09-08 10:51:00
1844,1033,606,898.77,25,2024-09-30 16:44:00
1845,1029,38,853.27,37,2024-09-25 14:25:00
1846,1042,826,1805.21,13,2024-07-25 11:14:00
1847,1028,175,556.44,8,2024-06-05 00:03:00
1848,1046,295,486.41,27,2024-06-05 16:20:00
1849,1049,479,1597.74,19,2024-10-08 09:33:00
1850,1013,491,770.71,44,2024-10-27 05:03:00
1851,1045,441,127.68,14,2024-09-15 21:42:00
1852,1003,996,1472.26,32,2024-08-20 07:58:00
1853,1044,566,279.0,7,2024-07-15 15:20:00
1854,1041,523,40218.96,19,2024-10-14 02:16:00
1855,1048,977,1298.18,11,2024-09-03 11:25:00
1856,1022,71,903.3,4,2024-10-16 19:31:00
1857,1027,192,245.35,2,2024-11-01 07:01:00
1858,1043,34,1297.44,34,2024-07-20 04:38:00
1859,1010,572,1035.54,28,2024-08-23 20:19:00
1860,1049,123,1188.29,31,2024-11-12 17:38:00
1861,1045,603,519.32,24,2024-06-14 00:52:00
1862,1018,561,763.2,7,2024-11-18 02:04:00
1863,1017,404,1624.88,48,2024-07-16 18:02:00
1864,1037,965,63435.42,47,2024-08-22 05:01:00
1865,1035,191,309.7,1,2024-07-18 17:31:00
1866,1002,537,1825.73,27,2024-08-17 09:46:00
1867,1045,436,1850.72,38,2024-09-02 22:48:00
1868,1031,464,1491.83,19,2024-08-24 05:10:00
1869,1031,953,1483.21,10,2024-11-25 13:59:00
1870,1017,735,757.56,45,2024-10-29 19:32:00
1871,1014,824,712.67,26,2024-07-21 23:15:00
1872,1036,225,1660.61,20,2024-07-08 04:02:00
1873,1012,484,518.25,34,2024-10-26 13:10:00
1874,1032,632,1454.99,16,2024-06-20 19:20:00
1875,1032,280,1654.93,30,2024-07-21 03:07:00
1876,1039,672,1285.05,13,2024-08-17 17:13:00
1877,1017,940,302.75,7,2024-08-03 13:04:00
1878,1036,722,1496.69,36,2024-09-26 16:10:00
1879,1012,987,1685.76,12,2024-06-22 23:46:00
1880,1016,454,833.68,12,2024-06-23 15:11:00
1881,1024,475,288.63,49,2024-07-19 03:30:00
1882,1039,891,777.23,41,2024-09-04 19:10:00
1883,1021,872,1918.94,13,2024-10-13 19:06:00
1884,1027,575,1914.64,43,2024-06-16 17:34:00
1885,1001,202,119.74,4,2024-09-11 19:22:00
1886,1039,423,463.02,13,2024-08-02 10:23:00
1887,1001,475,469.29,27,2024-09-17 08:52:00
1888,1003,764,1482.14,14,2024-06-26 11:19:00
1889,1035,187,933.6,11,2024-08-08 21:58:00
1890,1048,518,743.82,4,2024-11-16 20:59:00
1891,1008,331,445.68,36,2024-09-24 01:21:00
1892,1013,426,1995.67,25,2024-10-17 14:29:00
1893,1006,967,93.72,13,2024-07-31 10:20:00
1894,1011,120,1752.23,49,2024-08-31 18:47:00
1895,1036,756,783.81,37,2024-07-07 03:55:00
1896,1020,379,1630.78,38,2024-06-06 04:40:00
1897,1025,394,1053.82,7,2024-07-04 15:13:00
1898,1009,168,1543.87,44,2024-07-13 17:07:00
1899,1001,793,245.11,36,2024-06-21 15:37:00
1900,1012,630,145.21,11,2024-08-26 12:08:00
1901,1043,59,1535.72,19,2024-08-08 14:53:00
1902,1032,194,1599.25,17,2024-09-15 16:42:00
1903,1016,311,619.15,16,2024-06-19 20:33:00
1904,1045,97,538.59,25,2024-07-22 04:13:00
1905,1043,187,630.54,49,2024-07-25 08:30:00
1906,1035,940,664.79,3,2024-09-27 15:49:00
1907,1004,165,294.66,7,2024-10-16 09:05:00
1908,1047,264,681.72,44,2024-10-28 04:37:00
1909,1005,863,1743.4,26,2024-07-24 14:46:00
1910,1020,313,974.17,49,2024-06-05 14:03:00
1911,1002,655,964.46,25,2024-07-27 09:06:00
1912,1020,873,72.41,14,2024-07-25 01:34:00
1913,1009,562,1601.56,3,2024-08-18 04:39:00
1914,1007,693,595.69,8,2024-10-05 15:20:00
1915,1034,368,1753.36,28,2024-06-16 23:32:00
1916,1039,306,1542.87,49,2024-11-25 07:34:00
1917,1009,137,1425.39,32,2024-08-04 03:48:00
1918,1001,686,560.36,28,2024-07-20 06:19:00
1919,1004,63,392.96,24,2024-09-26 03:57:00
1920,1027,534,193.27,46,2024-11-17 20:42:00
1921,1002,935,554.97,30,2024-06-03 05:15:00
1922,1026,636,472.3,42,2024-11-10 02:32:00
1923,1049,314,205.22,31,2024-07-07 12:32:00
1924,1015,67,351.52,19,2024-11-09 14:58:00
1925,1001,255,1898.89,19,2024-08-26 19:21:00
1926,1008,586,1488.42,41,2024-10-23 22:04:00
1927,1000,46,671.37,5,2024-08-01 11:20:00
1928,1020,668,1918.38,27,2024-07-23 23:49:00
1929,1040,374,674.73,6,2024-09-27 11:42:00
1930,1017,593,1390.38,29,2024-06-04 21:52:00
1931,1014,719,1078.89,39,2024-10-12 16:53:00
1932,1009,947,139.07,41,2024-07-27 11:17:00
1933,1019,526,278.26,47,2024-07-19 16:59:00
1934,1018,674,127.89,35,2024-11-07 12:24:00
1935,1007,370,1050.43,9,2024-10-17 15:06:00
1936,1019,123,335.53,31,2024-09-11 00:46:00
1937,1007,423,66.38,45,2024-07-01 12:03:00
1938,1046,643,1290.14,50,2024-08-02 15:53:00
1939,1017,558,133.53,2,2024-10-03 09:44:00
1940,1009,846,810.52,39,2024-10-09 10:26:00
1941,1045,744,175.8,21,2024-10-30 13:37:00
1942,1036,946,1332.22,35,2024-07-04 00:15:00
1943,1018,746,1913.43,18,2024-08-29 15:12:00
1944,1022,867,1390.72,28,2024-06-21 01:26:00
1945,1028,228,1667.34,18,2024-07-07 10:27:00
1946,1044,837,1580.63,47,2024-06-12 00:53:00
1947,1040,9,1698.34,30,2024-06-24 13:16:00
1948,1039,360,532.51,29,2024-09-07 05:57:00
1949,1048,26,833.45,9,2024-06-27 01:21:00
1950,1018,531,105.12,36,2024-07-10 22:55:00
1951,1046,239,177.62,37,2024-09-04 16:20:00
1952,1015,362,1624.23,38,2024-07-20 11:37:00
1953,1033,363,289.51,13,2024-10-13 00:37:00
1954,1021,607,612.6,47,2024-06-07 04:23:00
1955,1045,111,952.57,32,2024-09-14 17:02:00
1956,1008,926,484.13,13,2024-11-05 11:31:00
1957,1018,801,464.01,15,2024-08-28 17:12:00
1958,1040,162,1406.67,19,2024-10-27 00:12:00
1959,1033,300,1015.3,8,2024-08-17 15:28:00
1960,1021,938,1895.44,4,2024-08-21 21:07:00
1961,1021,305,1697.32,34,2024-11-25 05:33:00
1962,1008,989,429.55,10,2024-10-25 16:52:00
1963,1030,822,1564.77,25,2024-10-07 19:38:00
1964,1006,407,1408.5,27,2024-08-03 12:10:00
1965,1003,51,1306.0,32,2024-08-04 21:57:00
1966,1015,119,1910.17,33,2024-11-14 05:49:00
1967,1032,685,694.45,31,2024-06-29 05:02:00
1968,1030,111,512.8,30,2024-06-14 15:26:00
1969,1039,129,1621.58,33,2024-07-26 21:03:00
1970,1005,246,533.22,12,2024-11-10 00:08:00
1971,1040,987,258.41,4,2024-10-31 03:37:00
1972,1033,341,1472.73,40,2024-07-22 03:53:00
1973,1013,890,1516.97,13,2024-10-28 07:23:00
1974,1030,394,1265.85,44,2024-07-11 17:50:00
1975,1039,263,452.51,20,2024-09-16 21:16:00
1976,1042,672,1920.15,44,2024-10-10 10:22:00
1977,1013,709,488.58,16,2024-08-15 14:28:00
1978,1038,107,1428.17,33,2024-10-17 17:11:00
1979,1002,518,483.39,14,2024-10-20 05:41:00
1980,1041,89,1611.51,29,2024-08-11 09:43:00
1981,1010,285,1001.28,32,2024-09-16 14:48:00
1982,1034,372,1703.35,42,2024-06-19 08:49:00
1983,1026,133,1799.87,22,2024-09-02 03:29:00
1984,1019,191,1602.74,28,2024-08-04 12:06:00
1985,1044,6,922.81,24,2024-10-28 09:59:00
1986,1001,983,1374.09,43,2024-10-24 20:41:00
1987,1049,258,1249.91,32,2024-11-15 20:20:00
1988,1007,441,1659.65,21,2024-07-31 12:09:00
1989,1035,649,1091.34,17,2024-07-15 15:01:00
1990,1028,747,1943.5,9,2024-11-22 04:28:00
1991,1008,23,1303.44,35,2024-06-15 11:07:00
1992,1025,987,1071.61,24,2024-10-08 09:45:00
1993,1046,598,382.62,22,2024-07-29 19:56:00
1994,1024,557,1715.02,11,2024-09-02 18:44:00
1995,1019,510,1398.24,23,2024-07-12 17:10:00
1996,1011,516,617.74,8,2024-09-18 14:04:00
1997,1004,44,1551.96,22,2024-10-30 22:39:00
1998,1046,235,1702.81,49,2024-10-28 21:16:00
1999,1020,217,1495.13,47,2024-07-22 20:16:00
2000,1010,603,286.52,5,2024-11-14 13:56:00
2001,1004,374,1421.67,23,2024-11-07 23:52:00
2002,1046,884,508.0,32,2024-09-30 06:33:00
2003,1033,31,1020.71,32,2024-07-22 16:24:00
2004,1006,551,983.67,39,2024-10-23 01:07:00
2005,1031,855,1383.26,13,2024-09-01 19:56:00
2006,1031,484,732.12,23,2024-10-25 20:28:00
2007,1037,216,1902.17,32,2024-11-04 08:57:00
2008,1001,924,498.28,25,2024-07-02 12:45:00
2009,1002,798,154.0,4,2024-09-23 07:15:00
2010,1018,780,996.6,5,2024-08-25 02:43:00
2011,1006,64,916.81,1,2024-07-29 11:18:00
2012,1014,498,305.48,46,2024-09-14 18:14:00
2013,1041,869,611.97,34,2024-09-19 06:31:00
2014,1032,524,1414.68,2,2024-10-10 13:38:00
2015,1023,728,1392.71,27,2024-11-06 20:30:00
2016,1007,36,802.3,36,2024-10-17 17:10:00
2017,1041,938,206.44,31,2024-11-02 02:58:00
2018,1047,863,914.67,8,2024-11-09 20:55:00
2019,1014,375,1462.55,19,2024-09-13 06:50:00
2020,1004,434,1935.25,4,2024-07-08 16:32:00
2021,1032,152,835.42,46,2024-07-31 09:38:00
2022,1048,678,203.35,39,2024-06-13 08:50:00
2023,1011,666,1702.41,24,2024-06-28 09:20:00
2024,1012,335,615.86,22,2024-08-17 23:20:00
2025,1000,922,1075.44,5,2024-07-07 19:17:00
2026,1003,642,891.83,31,2024-10-09 12:20:00
2027,1033,733,1520.53,40,2024-06-22 17:46:00
2028,1014,909,71457.75,39,2024-08-24 12:38:00
2029,1047,352,176.21,29,2024-06-16 17:30:00
2030,1037,769,909.33,19,2024-10-11 01:15:00
2031,1019,237,228.08,20,2024-09-14 09:22:00
2032,1007,844,1611.65,28,2024-06-14 16:27:00
2033,1020,144,196.94,28,2024-07-10 05:23:00
2034,1002,629,556.29,42,2024-09-15 21:53:00
2035,1031,866,523.06,4,2024-07-16 20:45:00
2036,1034,413,469.89,36,2024-08-23 05:49:00
2037,1011,804,893.2,22,2024-07-12 05:31:00
2038,1021,822,1741.92,49,2024-09-30 18:27:00
2039,1014,671,243.2,27,2024-10-28 02:08:00
2040,1039,183,1705.67,31,2024-10-21 02:20:00
2041,1030,909,570.07,35,2024-11-25 04:22:00
2042,1004,22,1287.26,1,2024-10-15 20:38:00
2043,1005,915,1696.69,19,2024-07-30 10:06:00
2044,1000,691,988.97,24,2024-06-26 17:30:00
2045,1004,119,378.28,40,2024-09-23 12:11:00
2046,1016,213,553.75,29,2024-07-27 16:38:00
2047,1037,56,1723.13,14,2024-07-30 23:37:00
2048,1000,996,1278.33,34,2024-07-13 22:14:00
2049,1028,154,1147.85,27,2024-11-27 19:30:00
2050,1019,672,698.89,43,2024-07-19 12:11:00
2051,1002,63,1121.29,34,2024-07-01 06:40:00
2052,1031,220,1836.3,15,2024-06-12 01:06:00
2053,1039,754,1440.46,35,2024-09-06 12:29:00
2054,1039,193,1065.63,11,2024-07-09 16:17:00
2055,1000,735,369.76,25,2024-09-06 11:29:00
2056,1009,990,1601.67,21,2024-07-31 07:36:00
2057,1037,588,790.58,42,2024-07-06 20:48:00
2058,1008,374,957.74,33,2024-09-25 06:23:00
2059,1005,654,714.61,47,2024-09-02 03:10:00
2060,1033,430,712.87,33,2024-11-25 09:39:00
2061,1028,999,555.43,17,2024-08-23 15:36:00
2062,1044,699,1735.34,8,2024-07-06 12:03:00
2063,1045,697,1416.29,6,2024-07-03 00:05:00
2064,1034,971,1827.01,27,2024-10-07 22:38:00
2065,1035,380,1291.38,16,2024-06-28 08:21:00
2066,1035,797,1934.54,21,2024-09-18 01:45:00
2067,1042,896,1724.53,40,2024-10-26 14:16:00
2068,1005,971,1609.39,21,2024-06-20 09:43:00
2069,1024,530,883.02,19,2024-07-31 01:30:00
2070,1019,495,1471.14,50,2024-06-22 11:10:00
2071,1037,98,329.29,40,2024-10-22 17:07:00
2072,1033,304,296.19,43,2024-09-30 07:33:00
2073,1025,967,679.9,3,2024-10-16 02:00:00
2074,1013,21,1081.76,32,2024-09-09 20:17:00
2075,1009,733,743.09,11,2024-09-29 01:16:00
2076,1048,199,74.4,32,2024-09-11 23:16:00
2077,1024,401,741.28,34,2024-06-08 20:26:00
2078,1029,309,361.61,27,2024-06-22 15:30:00
2079,1006,707,637.35,22,2024-10-08 05:19:00
2080,1049,964,1566.25,20,2024-11-22 00:09:00
2081,1039,571,853.6,21,2024-10-18 11:24:00
2082,1037,882,834.34,26,2024-11-14 22:25:00
2083,1044,614,733.93,17,2024-09-01 20:57:00
2084,1021,235,1644.81,48,2024-08-24 09:38:00
2085,1003,889,181.24,3,2024-08-04 15:58:00
2086,1026,250,1279.37,34,2024-08-18 21:54:00
2087,1044,431,367.88,2,2024-08-02 02:33:00
2088,1038,395,141.15,27,2024-08-10 16:40:00
2089,1015,313,1598.99,45,2024-11-22 19:56:00
2090,1022,243,808.78,31,2024-07-01 19:50:00
2091,1047,248,1806.16,26,2024-08-06 10:18:00
2092,1016,912,822.74,11,2024-10-11 12:50:00
2093,1032,123,1624.12,33,2024-08-19 12:43:00
2094,1025,51,1761.94,14,2024-07-22 04:41:00
2095,1020,464,802.16,18,2024-06-27 09:16:00
2096,1033,35,1156.68,29,2024-11-27 16:49:00
2097,1032,408,1913.47,11,2024-07-25 00:25:00
2098,1034,885,587.0,50,2024-10-25 22:32:00
2099,1010,256,335.21,8,2024-10-18 17:59:00
2100,1034,569,345.02,48,2024-08-07 03:35:00
2101,1004,936,715.6,17,2024-07-20 09:03:00
2102,1039,501,261.44,32,2024-09-18 15:35:00
2103,1048,52,990.84,27,2024-07-23 00:36:00
2104,1041,302,1060.31,32,2024-06-19 19:50:00
2105,1034,779,1740.76,19,2024-10-23 22:25:00
2106,1039,6,1019.68,21,2024-06-05 02:52:00
2107,1009,103,938.3,22,2024-11-27 21:28:00
2108,1046,631,327.48,24,2024-06-02 15:54:00
2109,1017,50,194.98,9,2024-10-24 14:06:00
2110,1009,835,290.75,36,2024-06-15 18:01:00
2111,1045,203,686.43,36,2024-07-02 01:43:00
2112,1010,854,804.5,22,2024-07-28 23:21:00
2113,1028,316,506.48,31,2024-10-15 02:41:00
2114,1017,111,865.01,20,2024-06-30 23:55:00
2115,1029,857,1053.1,26,2024-07-24 06:30:00
2116,1019,174,934.78,24,2024-07-29 22:17:00
2117,1041,297,1332.8,47,2024-08-01 02:34:00
2118,1028,870,1796.73,25,2024-10-27 02:39:00
2119,1019,989,668.51,43,2024-10-05 17:25:00
2120,1000,983,803.1,43,2024-08-15 02:37:00
2121,1025,313,478.28,19,2024-11-11 06:48:00
2122,1012,941,1290.25,37,2024-08-14 10:31:00
2123,1035,234,1836.13,48,2024-10-30 08:49:00
2124,1027,831,1529.4,44,2024-10-15 03:31:00
2125,1045,71,234.73,36,2024-09-08 08:42:00
2126,1032,306,945.32,18,2024-10-08 11:29:00
2127,1027,988,362.74,33,2024-09-10 12:35:00
2128,1008,16,501.61,31,2024-09-18 07:31:00
2129,1031,632,1921.51,36,2024-11-24 23:41:00
2130,1044,547,1371.04,21,2024-07-10 22:13:00
2131,1012,577,243.64,7,2024-07-04 04:02:00
2132,1010,618,1254.15,50,2024-08-12 05:30:00
2133,1045,484,735.98,43,2024-10-09 20:29:00
2134,1020,131,609.99,27,2024-08-21 10:46:00
2135,1016,693,1637.36,5,2024-09-22 13:58:00
2136,1010,942,1660.97,3,2024-06-15 09:55:00
2137,1046,320,82.48,26,2024-09-03 10:15:00
2138,1011,795,1100.36,47,2024-07-01 04:58:00
2139,1011,832,492.12,16,2024-07-07 05:28:00
2140,1042,52,96.89,30,2024-09-08 19:11:00
2141,1018,885,221.58,36,2024-07-13 07:17:00
2142,1015,106,1825.87,12,2024-10-27 15:44:00
2143,1019,638,504.18,27,2024-07-29 16:11:00
2144,1012,968,162.37,33,2024-10-24 21:47:00
2145,1043,310,360.68,34,2024-09-03 06:03:00
2146,1021,180,623.07,26,2024-08-28 09:25:00
2147,1010,939,828.05,24,2024-09-13 14:36:00
2148,1025,520,1817.78,33,2024-09-11 02:21:00
2149,1015,917,89.95,16,2024-09-28 18:23:00
2150,1005,226,52.98,22,2024-06-09 00:57:00
2151,1000,968,1527.23,12,2024-08-24 19:22:00
2152,1035,836,1905.19,43,2024-11-27 02:59:00
2153,1039,276,173.36,9,2024-08-19 17:30:00
2154,1000,304,395.35,4,2024-06-13 11:42:00
2155,1049,184,1743.18,47,2024-10-31 10:14:00
2156,1008,755,973.43,43,2024-09-01 07:30:00
2157,1029,583,1416.69,50,2024-06-27 15:46:00
2158,1020,594,1708.41,37,2024-11-11 00:52:00
2159,1017,55,349.21,22,2024-10-18 09:37:00
2160,1043,769,1106.47,25,2024-08-29 12:20:00
2161,1045,991,1665.79,47,2024-11-03 06:11:00
2162,1017,18,797.72,1,2024-11-03 19:01:00
2163,1045,942,794.17,30,2024-08-23 18:12:00
2164,1004,68,250.81,6,2024-07-11 09:42:00
2165,1037,640,1037.15,24,2024-09-02 03:25:00
2166,1018,512,1744.25,12,2024-09-21 23:34:00
2167,1004,915,1148.74,40,2024-09-30 13:32:00
2168,1032,155,429.91,25,2024-11-23 16:54:00
2169,1048,242,1154.65,32,2024-06-23 10:19:00
2170,1017,676,1548.87,8,2024-10-02 23:54:00
2171,1042,67,500.89,38,2024-08-28 09:19:00
2172,1033,426,504.14,48,2024-08-21 14:19:00
2173,1048,194,280.11,9,2024-06-11 19:08:00
2174,1038,380,609.1,41,2024-09-13 00:26:00
2175,1047,83,729.64,46,2024-07-24 11:27:00
2176,1030,433,825.15,9,2024-07-03 05:42:00
2177,1046,3,281.81,17,2024-07-08 16:27:00
2178,1015,861,318.56,18,2024-08-04 18:58:00
2179,1047,714,477.13,42,2024-11-18 16:42:00
2180,1013,6,1330.73,30,2024-07-13 22:16:00
2181,1010,707,1092.36,42,2024-11-09 01:33:00
2182,1045,853,1137.07,40,2024-07-07 01:38:00
2183,1026,359,1372.4,36,2024-08-23 06:55:00
2184,1005,464,851.93,5,2024-08-08 11:51:00
2185,1048,127,1678.23,16,2024-06-02 14:23:00
2186,1025,980,349.94,25,2024-09-29 23:09:00
2187,1037,895,1710.36,1,2024-07-02 11:56:00
2188,1007,691,79.33,50,2024-09-20 13:55:00
2189,1014,515,1415.96,24,2024-09-20 18:55:00
2190,1026,612,1191.75,11,2024-08-03 03:57:00
2191,1040,23,145.9,16,2024-08-05 10:12:00
2192,1020,611,1171.16,18,2024-07-11 18:21:00
2193,1024,546,1063.85,3,2024-08-12 18:54:00
2194,1023,524,83.1,26,2024-06-18 08:51:00
2195,1025,151,1632.38,48,2024-08-30 07:30:00
2196,1017,811,875.66,43,2024-06-01 11:54:00
2197,1039,326,492.24,47,2024-10-17 14:32:00
2198,1025,109,291.36,5,2024-09-06 16:55:00
2199,1029,854,1628.3,17,2024-08-01 05:39:00
2200,1010,505,806.89,20,2024-06-27 23:26:00
2201,1009,591,574.12,24,2024-11-28 03:47:00
2202,1012,710,1825.5,46,2024-08-14 06:39:00
2203,1004,930,1695.27,36,2024-06-02 04:24:00
2204,1022,303,808.39,35,2024-07-29 17:21:00
2205,1007,858,1013.31,46,2024-08-10 13:05:00
2206,1010,197,1776.94,19,2024-07-14 04:24:00
2207,1027,422,1666.41,37,2024-11-08 06:53:00
2208,1017,847,1466.17,21,2024-09-29 07:24:00
2209,1045,44,316.44,19,2024-09-06 11:13:00
2210,1023,479,1504.21,18,2024-07-10 10:15:00
2211,1047,707,1597.87,28,2024-11-24 23:24:00
2212,1010,582,1405.73,38,2024-11-23 09:02:00
2213,1047,188,1491.82,3,2024-11-03 23:56:00
2214,1020,557,384.11,7,2024-09-13 21:56:00
2215,1002,909,750.63,39,2024-07-15 00:38:00
2216,1001,945,425.0,41,2024-06-03 02:06:00
2217,1024,793,1491.32,16,2024-06-17 18:14:00
2218,1017,416,360.24,49,2024-09-03 02:30:00
2219,1045,735,327.61,2,2024-07-28 10:20:00
2220,1021,38,1902.59,44,2024-11-26 02:28:00
2221,1022,93,1177.8,1,2024-08-10 20:42:00
2222,1027,617,1582.77,19,2024-10-01 03:44:00
2223,1012,142,971.27,24,2024-09-18 05:52:00
2224,1047,887,1829.13,30,2024-08-10 16:43:00
2225,1001,995,235.33,18,2024-07-26 19:37:00
2226,1035,767,788.84,49,2024-11-12 03:14:00
2227,1033,330,613.96,16,2024-06-16 00:03:00
2228,1038,479,92.99,44,2024-09-07 04:03:00
2229,1040,996,1776.9,26,2024-08-18 09:32:00
2230,1041,92,709.79,14,2024-10-12 18:25:00
2231,1003,63,1442.35,49,2024-09-15 22:37:00
2232,1040,803,1087.08,15,2024-10-24 01:37:00
2233,1046,561,1807.81,15,2024-06-04 16:41:00
2234,1047,680,66.74,27,2024-11-27 00:33:00
2235,1041,116,1189.77,39,2024-09-23 18:01:00
2236,1006,680,1648.27,30,2024-08-29 01:41:00
2237,1005,862,977.57,22,2024-11-10 03:46:00
2238,1003,294,1052.85,48,2024-10-27 19:18:00
2239,1034,125,151.86,3,2024-08-19 03:55:00
2240,1001,931,551.61,42,2024-07-17 05:37:00
2241,1002,852,1822.17,39,2024-07-04 23:27:00
2242,1035,854,530.5,22,2024-07-24 04:55:00
2243,1033,76,1757.05,42,2024-09-20 05:44:00
2244,1004,914,1769.94,16,2024-11-15 02:06:00
2245,1039,461,727.94,40,2024-09-14 05:38:00
2246,1029,97,832.32,16,2024-11-27 10:47:00
2247,1003,302,294.89,50,2024-09-05 16:20:00
2248,1014,654,1684.41,47,2024-09-19 16:27:00
2249,1041,536,1817.29,43,2024-06-02 23:44:00
2250,1046,896,1269.88,7,2024-08-12 17:28:00
2251,1027,405,945.8,21,2024-09-05 19:52:00
2252,1038,865,215.12,32,2024-08-16 20:27:00
2253,1017,256,254.66,38,2024-10-03 03:19:00
2254,1039,328,900.75,43,2024-08-02 05:04:00
2255,1010,593,764.92,32,2024-10-19 04:02:00
2256,1020,338,1663.33,11,2024-10-21 01:10:00
2257,1006,641,991.95,5,2024-08-14 10:00:00
2258,1029,543,337.88,16,2024-08-02 13:19:00
2259,1002,756,1015.26,18,2024-09-19 01:02:00
2260,1034,345,328.09,15,2024-06-22 06:58:00
2261,1048,27,937.41,41,2024-08-02 00:38:00
2262,1036,446,812.26,24,2024-07-31 23:56:00
2263,1030,70,81.4,20,2024-09-22 15:23:00
2264,1032,507,1198.23,42,2024-11-07 00:35:00
2265,1004,854,532.41,30,2024-07-01 01:01:00
2266,1023,84,502.64,21,2024-09-21 10:56:00
2267,1034,702,131.93,19,2024-10-25 11:45:00
2268,1029,872,198.03,33,2024-09-09 06:46:00
2269,1034,119,1379.57,43,2024-10-15 18:26:00
2270,1028,485,1348.08,16,2024-07-02 23:42:00
2271,1018,798,1261.55,18,2024-07-31 11:56:00
2272,1040,80,1142.66,45,2024-09-29 10:17:00
2273,1041,300,1770.62,25,2024-08-10 18:39:00
2274,1034,17,802.8,34,2024-06-24 03:27:00
2275,1014,469,915.28,41,2024-10-30 12:44:00
2276,1007,979,1137.67,6,2024-06-21 20:17:00
2277,1020,188,1783.53,40,2024-10-07 01:22:00
2278,1019,676,1367.89,3,2024-11-18 18:10:00
2279,1013,47,445.14,36,2024-08-07 04:23:00
2280,1006,771,75.74,1,2024-10-26 11:16:00
2281,1043,294,630.74,18,2024-07-28 01:32:00
2282,1039,179,1421.38,27,2024-11-14 22:53:00
2283,1008,738,1269.12,40,2024-06-27 14:11:00
2284,1047,404,1379.14,35,2024-09-28 17:31:00
2285,1036,153,67.69,2,2024-08-13 07:06:00
2286,1027,432,1264.99,40,2024-10-13 05:10:00
2287,1004,885,971.29,50,2024-08-08 06:41:00
2288,1015,726,303.96,36,2024-07-04 14:51:00
2289,1020,801,670.12,26,2024-08-25 23:05:00
2290,1041,414,1125.7,44,2024-08-31 11:10:00
2291,1027,343,1580.15,44,2024-10-13 10:43:00
2292,1036,371,1102.34,39,2024-07-15 01:03:00
2293,1039,87,1238.29,13,2024-07-09 21:39:00
2294,1029,962,119.71,5,2024-08-11 09:23:00
2295,1002,197,229.19,36,2024-09-11 02:51:00
2296,1015,524,606.01,8,2024-06-03 16:37:00
2297,1010,429,589.19,31,2024-10-14 18:56:00
2298,1024,837,1862.89,8,2024-07-14 21:26:00
2299,1026,163,1974.95,46,2024-06-12 07:55:00
2300,1033,871,1465.68,11,2024-09-20 20:46:00
2301,1032,279,1102.33,5,2024-10-12 01:27:00
2302,1049,298,266.25,46,2024-11-28 02:28:00
2303,1044,158,340.78,8,2024-09-19 11:11:00
2304,1018,633,1085.53,37,2024-07-05 04:19:00
2305,1001,499,1803.48,29,2024-09-20 04:17:00
2306,1040,759,1972.0,29,2024-07-04 06:12:00
2307,1002,457,1065.04,47,2024-08-26 10:44:00
2308,1009,533,673.63,19,2024-08-21 18:30:00
2309,1040,166,1962.89,9,2024-10-16 12:49:00
2310,1023,944,1576.21,13,2024-06-25 08:24:00
2311,1046,212,479.34,16,2024-07-27 14:42:00
2312,1029,649,1193.66,22,2024-09-15 05:26:00
2313,1036,381,658.84,48,2024-11-14 08:16:00
2314,1048,236,1059.97,1,2024-08-16 04:24:00
2315,1013,830,908.99,11,2024-09-27 12:09:00
2316,1021,797,1298.43,50,2024-10-13 13:22:00
2317,1029,922,57392.45,14,2024-11-23 14:51:00
2318,1038,708,1095.34,7,2024-10-06 02:24:00
2319,1012,826,1429.81,47,2024-09-20 14:22:00
2320,1033,294,1368.74,35,2024-07-15 00:23:00
2321,1006,909,1239.87,43,2024-09-17 06:17:00
2322,1007,157,1359.9,12,2024-10-27 08:02:00
2323,1009,721,1463.86,11,2024-11-10 20:30:00
2324,1002,305,322.1,49,2024-10-08 01:09:00
2325,1040,479,720.13,22,2024-11-16 02:36:00
2326,1036,100,1348.83,49,2024-08-23 19:42:00
2327,1007,769,203.33,15,2024-10-23 15:19:00
2328,1039,238,436.36,6,2024-10-02 05:48:00
2329,1022,813,213.09,8,2024-08-13 20:22:00
2330,1009,517,1556.12,45,2024-06-25 03:28:00
2331,1007,266,499.03,8,2024-07-22 10:00:00
2332,1009,588,1899.6,13,2024-07-05 21:34:00
2333,1014,106,910.3,19,2024-09-04 13:39:00
2334,1048,905,1063.38,37,2024-08-27 16:21:00
2335,1007,523,102.61,46,2024-08-04 09:37:00
2336,1025,800,1306.25,37,2024-06-06 16:01:00
2337,1023,684,357.63,18,2024-09-26 18:04:00
2338,1034,782,1900.78,12,2024-11-13 22:26:00
2339,1041,640,957.82,25,2024-10-16 11:45:00
2340,1049,977,1207.43,34,2024-06-10 22:32:00
2341,1026,629,255.24,25,2024-06-04 06:37:00
2342,1044,567,1537.63,11,2024-08-28 17:31:00
2343,1042,243,76.01,17,2024-07-11 00:18:00
2344,1000,131,1973.09,24,2024-07-03 16:08:00
2345,1006,912,906.28,10,2024-07-06 10:27:00
2346,1038,800,631.92,45,2024-06-08 02:35:00
2347,1003,896,523.59,17,2024-06-20 15:25:00
2348,1036,229,138.24,16,2024-11-03 13:28:00
2349,1006,937,1714.39,47,2024-09-04 11:19:00
2350,1001,750,289.65,10,2024-10-10 15:06:00
2351,1046,811,871.29,44,2024-10-25 23:10:00
2352,1009,511,1597.61,15,2024-11-24 15:29:00
2353,1045,56,1808.91,14,2024-07-10 09:54:00
2354,1028,884,1833.49,45,2024-08-23 08:32:00
2355,1046,548,82.61,5,2024-07-02 12:03:00
2356,1011,210,1104.45,48,2024-07-09 13:34:00
2357,1029,51,1460.02,33,2024-07-28 11:38:00
2358,1005,338,1776.34,27,2024-10-08 01:45:00
2359,1033,742,624.92,23,2024-08-01 17:42:00
2360,1016,759,403.77,5,2024-06-22 20:21:00
2361,1036,655,1815.44,37,2024-06-26 23:04:00
2362,1030,122,1678.08,25,2024-09-30 06:36:00
2363,1003,611,749.07,35,2024-09-01 07:38:00
2364,1011,619,1259.32,33,2024-06-30 06:20:00
2365,1020,208,1917.24,48,2024-11-14 09:39:00
2366,1008,286,1533.5,16,2024-07-13 17:48:00
2367,1018,800,199.13,15,2024-09-18 20:07:00
2368,1030,530,1159.33,5,2024-06-27 03:47:00
2369,1020,84,1924.84,23,2024-09-09 12:05:00
2370,1017,654,880.21,3,2024-09-06 21:04:00
2371,1012,123,970.46,28,2024-06-03 01:31:00
2372,1033,838,398.01,18,2024-07-14 23:33:00
2373,1026,133,1469.53,9,2024-06-10 06:35:00
2374,1011,404,753.06,22,2024-07-07 15:24:00
2375,1007,572,336.99,8,2024-07-26 14:24:00
2376,1047,931,838.53,22,2024-10-28 05:32:00
2377,1037,718,1073.69,24,2024-08-21 16:36:00
2378,1043,439,934.53,3,2024-07-26 00:02:00
2379,1044,645,973.26,7,2024-09-12 10:34:00
2380,1009,122,834.18,29,2024-06-30 01:31:00
2381,1010,116,1034.06,10,2024-09-12 10:39:00
2382,1048,531,869.4,36,2024-09-11 23:29:00
2383,1039,566,690.37,9,2024-10-22 17:44:00
2384,1028,423,837.62,47,2024-07-09 11:59:00
2385,1027,151,150.18,23,2024-08-03 21:11:00
2386,1004,190,233.94,26,2024-09-30 02:10:00
2387,1007,231,742.02,38,2024-08-07 20:09:00
2388,1043,465,1748.2,47,2024-10-24 04:27:00
2389,1025,231,945.23,2,2024-11-14 04:17:00
2390,1033,463,106.42,13,2024-07-01 00:10:00
2391,1000,892,1143.66,41,2024-08-07 16:32:00
2392,1006,838,183.47,7,2024-06-15 14:09:00
2393,1040,843,1558.25,26,2024-07-31 10:10:00
2394,1006,646,65364.17,7,2024-08-11 11:15:00
2395,1034,408,1492.69,15,2024-06-19 13:37:00
2396,1036,407,336.02,21,2024-08-26 07:04:00
2397,1005,199,723.55,46,2024-09-30 17:22:00
2398,1009,859,694.06,9,2024-08-17 03:37:00
2399,1037,23,685.75,43,2024-07-03 02:43:00
2400,1008,485,662.21,42,2024-07-06 23:19:00
2401,1018,279,1889.8,47,2024-08-07 07:47:00
2402,1000,405,452.19,9,2024-09-10 14:36:00
2403,1037,371,503.52,22,2024-11-14 21:51:00
2404,1022,251,1477.68,9,2024-09-20 12:41:00
2405,1012,157,177.32,10,2024-09-18 06:38:00
2406,1018,273,1018.24,12,2024-09-20 11:11:00
2407,1038,45,1761.83,8,2024-11-06 19:47:00
2408,1022,285,342.57,13,2024-06-28 08:45:00
2409,1032,41,833.46,10,2024-09-02 15:14:00
2410,1027,77,524.24,8,2024-09-16 22:14:00
2411,1046,905,914.91,1,2024-10-23 11:02:00
2412,1009,965,1957.94,29,2024-10-30 23:41:00
2413,1033,292,772.53,46,2024-10-31 21:11:00
2414,1008,304,1290.28,46,2024-06-11 12:02:00
2415,1007,331,1657.5,6,2024-08-19 07:26:00
2416,1048,23,878.22,21,2024-07-03 00:56:00
2417,1018,225,1613.76,22,2024-10-04 01:19:00
2418,1030,331,1040.67,21,2024-10-15 19:19:00
2419,1033,480,1406.24,21,2024-10-21 07:36:00
2420,1012,671,801.39,18,2024-09-14 07:54:00
2421,1005,663,323.32,41,2024-10-10 00:29:00
2422,1025,94,991.5,19,2024-11-01 14:39:00
2423,1046,490,85.94,40,2024-07-04 20:32:00
2424,1045,489,1019.89,32,2024-07-11 10:22:00
2425,1032,986,504.31,35,2024-08-30 06:38:00
2426,1002,261,1049.51,28,2024-09-19 12:27:00
2427,1048,790,376.38,9,2024-08-26 16:24:00
2428,1033,853,1553.75,10,2024-10-02 15:20:00
2429,1045,382,949.16,47,2024-07-18 21:11:00
2430,1026,763,1335.88,42,2024-07-29 09:29:00
2431,1009,5,789.45,30,2024-06-29 13:43:00
2432,1006,780,478.81,14,2024-07-20 03:55:00
2433,1032,222,627.71,26,2024-07-01 00:54:00
2434,1000,260,440.43,19,2024-10-17 18:32:00
2435,1021,748,783.93,34,2024-09-20 23:07:00
2436,1020,383,952.02,46,2024-07-01 08:26:00
2437,1010,485,442.32,13,2024-06-14 02:11:00
2438,1029,203,836.99,14,2024-10-22 01:29:00
2439,1035,176,1251.2,21,2024-11-20 02:40:00
2440,1007,964,934.4,10,2024-06-26 23:48:00
2441,1039,245,882.7,9,2024-11-20 23:02:00
2442,1041,578,392.58,31,2024-07-27 08:43:00
2443,1014,926,123.81,19,2024-09-17 07:35:00
2444,1012,479,1369.09,33,2024-08-27 23:49:00
2445,1036,555,784.41,44,2024-09-23 13:12:00
2446,1048,305,368.77,44,2024-11-13 05:15:00
2447,1019,414,1860.03,44,2024-07-26 16:54:00
2448,1032,513,1310.03,23,2024-10-09 19:54:00
2449,1017,533,576.0,24,2024-10-13 14:47:00
2450,1020,391,1785.51,40,2024-10-29 11:53:00
2451,1048,478,1767.01,34,2024-11-26 18:02:00
2452,1038,34,1837.18,39,2024-09-02 06:32:00
2453,1031,259,157.42,47,2024-10-04 23:13:00
2454,1016,322,101.16,43,2024-09-11 12:42:00
2455,1001,160,1341.83,43,2024-10-12 03:19:00
2456,1035,349,1726.75,37,2024-11-16 01:27:00
2457,1032,515,337.46,24,2024-06-17 02:13:00
2458,1047,920,49516.53,2,2024-08-09 19:49:00
2459,1002,507,156.47,16,2024-08-02 16:29:00
2460,1029,305,1596.32,9,2024-09-20 07:27:00
2461,1011,552,1024.24,35,2024-10-04 19:26:00
2462,1046,526,329.98,8,2024-06-05 01:09:00
2463,1045,735,1930.53,22,2024-06-02 20:09:00
2464,1015,452,1157.1,26,2024-08-03 11:09:00
2465,1011,112,1296.2,5,2024-07-20 10:06:00
2466,1024,412,1908.4,31,2024-09-21 09:17:00
2467,1047,845,1318.73,49,2024-09-10 00:53:00
2468,1007,745,59279.62,35,2024-11-07 21:57:00
2469,1039,136,833.28,7,2024-08-01 07:07:00
2470,1019,555,236.66,45,2024-11-26 01:18:00
2471,1030,463,1655.07,10,2024-10-13 05:23:00
2472,1038,654,1858.83,3,2024-07-23 10:30:00
2473,1019,120,384.53,40,2024-11-14 16:08:00
2474,1004,20,1916.76,2,2024-06-15 11:52:00
2475,1048,446,1129.14,27,2024-06-16 16:01:00
2476,1043,821,799.15,5,2024-09-09 00:24:00
2477,1005,939,1506.63,28,2024-06-24 03:11:00
2478,1028,705,448.11,41,2024-11-05 12:57:00
2479,1033,466,1025.23,48,2024-10-27 13:27:00
2480,1038,133,146.02,4,2024-08-28 03:00:00
2481,1029,128,669.52,16,2024-09-02 11:51:00
2482,1036,24,252.72,46,2024-08-31 15:07:00
2483,1027,630,876.72,5,2024-10-01 12:35:00
2484,1013,420,768.28,44,2024-09-26 23:37:00
2485,1045,527,696.95,9,2024-10-20 18:46:00
2486,1033,80,1041.26,47,2024-09-21 07:45:00
2487,1002,724,687.38,38,2024-07-31 05:48:00
2488,1024,348,1393.83,7,2024-10-06 22:53:00
2489,1041,19,320.06,26,2024-08-07 13:14:00
2490,1038,85,780.07,24,2024-11-27 14:14:00
2491,1031,990,1695.87,45,2024-11-09 18:38:00
2492,1011,338,1746.77,12,2024-09-06 11:36:00
2493,1000,225,91.56,10,2024-07-12 14:54:00
2494,1040,433,1951.67,1,2024-06-14 19:18:00
2495,1037,106,1252.42,43,2024-09-21 09:53:00
2496,1005,175,1109.41,23,2024-09-18 01:44:00
2497,1002,921,1424.76,39,2024-06-09 00:10:00
2498,1022,494,377.75,22,2024-10-04 14:08:00
2499,1026,53,1152.03,10,2024-10-22 00:20:00
2500,1005,570,604.69,1,2024-09-21 08:21:00
2501,1001,291,545.57,40,2024-07-23 16:10:00
2502,1006,333,913.74,46,2024-07-26 18:20:00
2503,1024,472,333.93,7,2024-09-05 05:21:00
2504,1010,978,50662.51,20,2024-11-27 15:13:00
2505,1034,808,146.2,41,2024-11-13 02:58:00
2506,1019,619,409.38,21,2024-09-27 12:11:00
2507,1018,814,611.94,6,2024-10-23 03:12:00
2508,1013,162,1170.21,37,2024-06-30 09:13:00
2509,1003,94,1308.85,20,2024-06-27 01:39:00
2510,1030,883,749.61,31,2024-11-24 08:22:00
2511,1029,12,614.82,35,2024-10-14 15:23:00
2512,1032,174,805.3,19,2024-10-29 01:26:00
2513,1049,205,81.44,13,2024-08-17 06:59:00
2514,1013,385,584.66,5,2024-06-01 11:35:00
2515,1035,270,1288.08,33,2024-08-04 19:52:00
2516,1038,475,831.28,8,2024-11-13 23:57:00
2517,1017,964,1067.84,46,2024-10-04 09:29:00
2518,1029,966,1107.19,6,2024-08-01 10:07:00
2519,1043,915,738.69,42,2024-07-07 00:42:00
2520,1043,438,210.35,42,2024-10-09 12:58:00
2521,1049,433,962.85,3,2024-11-18 16:15:00
2522,1020,129,1765.54,5,2024-11-03 21:15:00
2523,1047,71,1526.18,26,2024-07-22 23:45:00
2524,1000,534,1983.39,38,2024-10-29 19:29:00
2525,1024,330,827.88,37,2024-11-28 07:00:00
2526,1005,224,1341.04,7,2024-07-17 08:14:00
2527,1022,735,127.54,34,2024-06-07 12:35:00
2528,1037,693,1480.42,30,2024-06-15 13:43:00
2529,1031,3,1010.18,22,2024-06-02 17:24:00
2530,1018,41,1717.55,40,2024-08-06 20:40:00
2531,1022,524,319.45,26,2024-07-20 13:18:00
2532,1030,509,1527.0,30,2024-07-05 10:04:00
2533,1035,345,397.23,9,2024-06-09 19:18:00
2534,1035,942,1608.15,49,2024-07-26 16:02:00
2535,1033,712,1490.33,25,2024-07-01 10:12:00
2536,1036,343,169.22,5,2024-08-04 04:11:00
2537,1035,224,1502.13,33,2024-10-07 22:22:00
2538,1025,187,73.7,27,2024-06-06 13:24:00
2539,1030,119,674.9,9,2024-09-23 18:21:00
2540,1013,29,496.57,15,2024-11-21 11:10:00
2541,1020,173,369.76,7,2024-11-24 21:47:00
2542,1026,294,1567.72,50,2024-08-17 09:49:00
2543,1043,943,183.66,18,2024-08-31 02:39:00
2544,1004,532,201.74,39,2024-07-10 04:22:00
2545,1048,862,1227.69,39,2024-08-02 21:04:00
2546,1047,140,1487.84,11,2024-07-06 20:29:00
2547,1033,62,1391.04,45,2024-09-27 22:29:00
2548,1027,947,53.64,36,2024-07-21 07:57:00
2549,1007,512,683.24,8,2024-07-09 15:52:00
2550,1036,700,1148.05,9,2024-11-24 13:26:00
2551,1013,807,733.75,10,2024-06-14 17:10:00
2552,1047,874,676.53,38,2024-08-24 08:21:00
2553,1036,247,1339.3,44,2024-08-30 13:35:00
2554,1022,591,968.65,11,2024-11-16 13:33:00
2555,1044,946,1747.89,32,2024-10-17 21:26:00
2556,1049,24,244.91,47,2024-10-27 04:58:00
2557,1018,786,1430.34,46,2024-09-17 00:50:00
2558,1024,758,1676.28,41,2024-07-25 03:39:00
2559,1046,540,898.4,10,2024-08-17 16:10:00
2560,1035,837,701.49,24,2024-09-12 03:57:00
2561,1020,791,1596.65,21,2024-09-18 13:29:00
2562,1017,788,1965.76,14,2024-07-24 08:05:00
2563,1016,437,334.91,50,2024-09-19 23:02:00
2564,1016,752,1501.86,46,2024-07-30 18:56:00
2565,1014,61,811.83,33,2024-06-24 00:48:00
2566,1013,43,1864.06,12,2024-11-26 05:48:00
2567,1033,220,391.39,9,2024-07-11 00:44:00
2568,1028,864,132.82,48,2024-07-23 18:07:00
2569,1009,67,1264.57,49,2024-07-05 07:38:00
2570,1021,201,399.08,10,2024-06-07 15:57:00
2571,1043,758,292.17,16,2024-08-12 15:36:00
2572,1049,423,1459.23,39,2024-10-16 05:49:00
2573,1023,723,1129.08,45,2024-11-09 15:15:00
2574,1025,333,401.59,30,2024-09-11 10:10:00
2575,1032,943,974.84,23,2024-09-06 10:03:00
2576,1018,46,1031.01,46,2024-10-01 21:14:00
2577,1038,530,1049.31,28,2024-07-12 15:02:00
2578,1002,345,471.93,46,2024-10-07 17:16:00
2579,1047,416,1062.26,35,2024-07-05 06:23:00
2580,1006,532,1207.28,47,2024-06-15 17:12:00
2581,1012,625,1839.41,14,2024-08-31 12:37:00
2582,1043,425,954.79,17,2024-08-27 22:43:00
2583,1036,663,1585.0,22,2024-10-22 17:53:00
2584,1022,972,1848.15,38,2024-09-28 22:20:00
2585,1045,815,997.64,29,2024-08-10 21:13:00
2586,1036,694,1484.04,8,2024-08-29 11:42:00
2587,1034,666,153.34,22,2024-09-01 23:06:00
2588,1024,394,727.61,4,2024-08-26 14:46:00
2589,1034,816,434.74,26,2024-08-02 03:41:00
2590,1038,568,976.0,42,2024-07-28 11:08:00
2591,1014,364,1752.39,31,2024-08-15 19:25:00
2592,1029,959,947.17,37,2024-08-19 16:02:00
2593,1002,522,921.45,4,2024-09-07 05:58:00
2594,1003,881,1573.53,13,2024-11-19 03:53:00
2595,1000,494,1907.66,21,2024-09-10 02:05:00
2596,1031,849,1331.07,39,2024-09-02 06:25:00
2597,1006,51,1897.14,49,2024-08-31 01:49:00
2598,1000,51,1560.07,15,2024-07-24 22:34:00
2599,1023,515,320.88,25,2024-08-12 00:13:00
2600,1022,735,831.04,27,2024-11-20 21:51:00
2601,1011,338,1733.15,6,2024-07-18 05:14:00
2602,1029,40,1091.2,46,2024-08-23 22:44:00
2603,1030,686,1392.1,18,2024-08-29 15:52:00
2604,1032,910,1514.9,25,2024-08-17 22:58:00
2605,1000,139,572.75,18,2024-08-10 22:19:00
2606,1013,332,673.94,21,2024-10-24 21:47:00
2607,1021,732,1683.9,3,2024-06-22 08:05:00
2608,1032,296,119.87,19,2024-06-03 08:13:00
2609,1000,184,1874.22,28,2024-11-09 12:51:00
2610,1048,620,1313.44,22,2024-09-21 04:46:00
2611,1004,542,1208.63,34,2024-11-16 17:25:00
2612,1044,196,85.19,2,2024-06-25 07:18:00
2613,1006,706,1636.47,13,2024-08-10 15:00:00
2614,1003,653,459.77,9,2024-06-09 14:16:00
2615,1048,532,925.14,23,2024-10-28 13:50:00
2616,1043,154,1746.47,24,2024-10-01 22:31:00
2617,1006,901,1961.26,49,2024-10-15 02:14:00
2618,1027,824,1995.84,23,2024-06-03 15:26:00
2619,1035,139,1467.93,9,2024-08-07 01:39:00
2620,1017,126,1853.61,14,2024-07-31 09:22:00
2621,1009,479,729.06,43,2024-08-31 23:55:00
2622,1037,565,389.28,1,2024-06-23 19:42:00
2623,1037,194,976.99,19,2024-07-06 23:37:00
2624,1008,657,234.78,42,2024-07-06 08:52:00
2625,1021,83,1555.78,48,2024-06-08 21:24:00
2626,1038,45,820.68,2,2024-07-11 03:25:00
2627,1005,82,1544.61,40,2024-09-30 08:29:00
2628,1003,330,2040.62,50,2024-10-16 11:01:00
2629,1045,930,307.12,8,2024-08-25 16:03:00
2630,1013,34,555.95,16,2024-08-12 08:48:00
2631,1044,565,516.53,12,2024-07-30 15:47:00
2632,1012,827,1594.13,11,2024-08-21 16:18:00
2633,1047,278,156.54,18,2024-11-12 06:18:00
2634,1014,814,1799.07,40,2024-09-24 01:04:00
2635,1014,479,727.0,48,2024-08-03 05:24:00
2636,1018,330,1747.94,44,2024-06-23 02:27:00
2637,1016,128,317.87,41,2024-06-02 07:19:00
2638,1014,757,881.46,30,2024-09-16 21:16:00
2639,1027,673,465.47,19,2024-10-30 08:28:00
2640,1031,508,617.56,36,2024-08-17 16:20:00
2641,1013,452,1848.84,45,2024-06-27 08:29:00
2642,1031,570,72139.19,32,2024-08-01 19:33:00
2643,1041,855,1431.78,28,2024-09-15 10:14:00
2644,1027,983,1809.9,36,2024-09-25 13:47:00
2645,1030,47,1387.57,28,2024-07-29 16:09:00
2646,1047,965,534.19,37,2024-07-11 08:11:00
2647,1018,543,477.48,19,2024-07-30 22:49:00
2648,1005,401,815.72,10,2024-06-23 19:50:00
2649,1037,819,224.91,3,2024-07-26 11:24:00
2650,1032,110,93.33,38,2024-09-13 06:53:00
2651,1029,519,1438.57,37,2024-11-11 20:15:00
2652,1020,936,932.26,19,2024-08-12 06:43:00
2653,1031,278,898.75,45,2024-09-26 15:46:00
2654,1010,87,1962.27,3,2024-06-14 11:52:00
2655,1039,629,502.81,2,2024-08-12 22:30:00
2656,1020,533,1648.74,50,2024-08-16 01:05:00
2657,1004,361,1611.78,25,2024-11-17 21:40:00
2658,1046,756,786.49,31,2024-09-22 12:59:00
2659,1002,400,77.0,2,2024-08-18 10:52:00
2660,1010,85,1306.78,38,2024-08-08 21:29:00
2661,1028,219,160.9,23,2024-10-27 07:19:00
2662,1002,318,303.67,42,2024-09-24 04:53:00
2663,1011,613,948.42,29,2024-08-01 18:48:00
2664,1037,482,586.3,32,2024-07-22 10:51:00
2665,1031,822,1856.0,2,2024-08-09 21:55:00
2666,1049,555,990.95,48,2024-07-23 05:20:00
2667,1004,372,1929.96,33,2024-09-03 02:08:00
2668,1017,201,1523.55,18,2024-09-29 10:33:00
2669,1004,125,757.69,18,2024-06-02 06:02:00
2670,1037,940,620.42,5,2024-06-07 07:53:00
2671,1022,773,476.1,5,2024-10-03 21:33:00
2672,1049,673,1740.88,19,2024-06-22 21:34:00
2673,1006,822,394.44,29,2024-06-02 18:21:00
2674,1041,871,1583.54,40,2024-10-15 09:08:00
2675,1025,858,441.28,8,2024-09-01 17:02:00
2676,1001,404,1285.28,17,2024-07-21 16:30:00
2677,1003,526,393.61,34,2024-06-10 05:47:00
2678,1028,357,1146.94,8,2024-09-11 06:29:00
2679,1002,684,1860.64,1,2024-07-07 10:53:00
2680,1016,856,1230.79,28,2024-08-27 21:47:00
2681,1047,658,677.51,39,2024-07-29 18:08:00
2682,1034,120,315.93,24,2024-07-11 15:12:00
2683,1037,30,548.46,47,2024-08-05 21:45:00
2684,1046,717,1678.33,34,2024-08-31 13:35:00
2685,1011,142,1662.66,16,2024-09-08 20:04:00
2686,1018,640,1574.18,24,2024-11-04 21:37:00
2687,1024,977,134.9,20,2024-11-22 11:54:00
2688,1027,746,1962.01,7,2024-06-18 04:26:00
2689,1009,380,1456.39,1,2024-07-14 17:45:00
2690,1036,254,1145.75,31,2024-10-03 11:12:00
2691,1012,740,769.96,26,2024-09-08 23:40:00
2692,1007,326,1483.37,23,2024-09-03 01:45:00
2693,1013,952,1059.3,45,2024-11-02 08:40:00
2694,1038,6,1719.53,48,2024-10-25 08:58:00
2695,1004,114,963.13,47,2024-10-08 11:04:00
2696,1047,121,1280.5,18,2024-08-24 07:12:00
2697,1042,101,1257.93,6,2024-06-22 23:50:00
2698,1020,230,1159.05,44,2024-09-24 00:00:00
2699,1016,652,1422.52,13,2024-08-25 11:57:00
2700,1016,437,1793.67,21,2024-11-15 14:20:00
2701,1047,534,445.49,33,2024-07-30 08:46:00
2702,1041,744,249.35,49,2024-10-29 16:52:00
2703,1021,810,1367.29,40,2024-10-18 13:46:00
2704,1049,499,198.17,23,2024-10-20 12:51:00
2705,1008,292,1954.81,30,2024-06-08 17:45:00
2706,1013,593,1249.1,30,2024-09-11 09:31:00
2707,1041,84,295.84,7,2024-07-30 21:51:00
2708,1008,23,1040.27,42,2024-10-18 03:00:00
2709,1034,511,1497.26,20,2024-07-13 04:33:00
2710,1032,378,1200.36,17,2024-09-12 16:01:00
2711,1016,919,993.89,44,2024-09-14 20:34:00
2712,1020,235,332.79,24,2024-06-15 07:10:00
2713,1011,822,557.59,15,2024-10-22 08:52:00
2714,1002,773,775.93,32,2024-09-30 12:57:00
2715,1001,5,965.79,27,2024-06-15 17:04:00
2716,1019,653,331.63,41,2024-07-16 02:05:00
2717,1008,650,1357.67,47,2024-09-24 12:22:00
2718,1010,288,72.96,22,2024-08-11 16:59:00
2719,1042,65,1830.77,48,2024-10-15 13:00:00
2720,1029,52,194.03,48,2024-06-11 23:09:00
2721,1029,846,1458.02,27,2024-09-10 16:51:00
2722,1011,200,1612.11,43,2024-06-02 04:48:00
2723,1025,538,717.37,44,2024-08-06 01:47:00
2724,1001,301,822.21,43,2024-10-03 00:41:00
2725,1021,500,1579.59,10,2024-10-25 10:10:00
2726,1037,31,1626.52,40,2024-10-20 17:33:00
2727,1040,146,1359.95,47,2024-10-09 02:27:00
2728,1049,771,1996.26,18,2024-11-17 05:00:00
2729,1002,63,1756.16,46,2024-06-20 07:00:00
2730,1003,829,189.16,49,2024-06-12 00:25:00
2731,1017,635,633.12,19,2024-09-17 06:23:00
2732,1019,158,1996.91,22,2024-09-12 17:16:00
2733,1012,611,623.7,36,2024-09-20 03:53:00
2734,1018,532,1568.25,17,2024-11-19 22:15:00
2735,1009,640,1887.01,10,2024-09-10 12:08:00
2736,1041,341,1578.1,32,2024-07-04 01:12:00
2737,1011,518,1230.73,40,2024-09-06 01:59:00
2738,1005,671,262.32,16,2024-08-06 02:45:00
2739,1022,549,1523.43,24,2024-08-28 13:38:00
2740,1041,546,581.57,37,2024-11-11 16:09:00
2741,1028,892,848.81,18,2024-07-06 20:25:00
2742,1037,596,888.57,12,2024-09-01 01:39:00
2743,1027,583,1029.03,31,2024-07-13 12:20:00
2744,1004,933,757.42,28,2024-07-23 04:26:00
2745,1032,349,1959.93,6,2024-07-30 11:42:00
2746,1042,306,332.26,15,2024-08-21 03:30:00
2747,1022,502,1393.36,6,2024-08-06 22:35:00
2748,1014,650,908.34,35,2024-09-13 13:14:00
2749,1040,561,1401.08,34,2024-06-24 07:09:00
2750,1017,66,589.88,1,2024-10-30 07:58:00
2751,1025,899,1336.4,5,2024-10-26 19:58:00
2752,1026,766,874.25,15,2024-06-02 03:00:00
2753,1042,643,570.18,23,2024-08-22 06:22:00
2754,1008,258,111.72,3,2024-09-19 15:26:00
2755,1035,551,1022.6,17,2024-09-12 09:23:00
2756,1031,517,96.04,29,2024-08-15 13:24:00
2757,1038,654,1388.99,41,2024-10-02 17:27:00
2758,1026,416,816.43,37,2024-07-20 09:00:00
2759,1012,406,1986.26,14,2024-09-01 03:38:00
2760,1027,835,1127.34,12,2024-11-22 21:01:00
2761,1010,685,575.58,34,2024-11-01 19:57:00
2762,1025,53,1090.29,18,2024-08-04 00:07:00
2763,1002,888,906.21,5,2024-11-09 13:12:00
2764,1007,802,964.1,24,2024-07-21 12:42:00
2765,1039,826,563.62,34,2024-06-24 09:51:00
2766,1041,25,691.46,20,2024-06-24 00:19:00
2767,1015,376,1815.76,42,2024-07-31 22:33:00
2768,1014,81,1166.73,29,2024-06-15 04:14:00
2769,1043,603,523.92,16,2024-09-10 07:16:00
2770,1022,981,784.77,8,2024-11-14 01:22:00
2771,1019,290,637.23,38,2024-08-31 11:21:00
2772,1049,23,1958.83,47,2024-10-03 05:35:00
2773,1008,273,555.96,4,2024-09-02 01:11:00
2774,1037,123,427.85,31,2024-10-24 13:08:00
2775,1044,94,1541.49,14,2024-09-22 00:46:00
2776,1011,285,297.87,8,2024-06-14 13:51:00
2777,1005,616,330.48,20,2024-10-25 11:58:00
2778,1024,547,1752.15,45,2024-10-01 02:29:00
2779,1010,571,118.2,25,2024-09-16 16:50:00
2780,1007,846,1986.5,24,2024-06-02 12:43:00
2781,1007,443,571.54,50,2024-07-13 16:37:00
2782,1039,51,1205.86,18,2024-09-09 18:53:00
2783,1019,858,696.21,39,2024-10-22 20:13:00
2784,1030,158,1185.4,34,2024-09-10 23:57:00
2785,1033,858,609.95,8,2024-10-03 13:00:00
2786,1028,767,968.5,24,2024-06-13 13:07:00
2787,1025,85,1250.21,28,2024-10-22 12:46:00
2788,1026,164,250.87,31,2024-07-06 14:18:00
2789,1043,780,89.78,15,2024-09-17 13:40:00
2790,1002,177,527.82,41,2024-07-19 18:25:00
2791,1009,238,1199.95,19,2024-06-10 09:41:00
2792,1048,880,841.41,24,2024-06-24 01:42:00
2793,1013,254,1480.18,50,2024-08-15 04:46:00
2794,1000,749,512.69,38,2024-09-19 01:38:00
2795,1045,728,389.73,19,2024-11-15 12:52:00
2796,1030,677,1971.16,43,2024-08-14 01:50:00
2797,1004,160,1378.64,17,2024-07-21 00:28:00
2798,1001,437,268.45,10,2024-07-26 00:44:00
2799,1016,755,1001.01,40,2024-07-28 21:05:00
2800,1010,174,796.43,26,2024-09-10 12:19:00
2801,1010,323,1925.55,14,2024-11-19 13:10:00
2802,1015,190,153.04,8,2024-11-09 06:36:00
2803,1022,883,648.71,43,2024-06-07 18:29:00
2804,1036,692,358.51,8,2024-08-16 21:11:00
2805,1029,436,1750.53,43,2024-10-02 03:22:00
2806,1019,993,1263.73,50,2024-08-01 03:04:00
2807,1014,206,1580.98,25,2024-08-16 20:16:00
2808,1009,777,535.6,16,2024-07-25 10:38:00
2809,1029,174,1906.27,40,2024-10-12 09:11:00
2810,1010,758,1761.41,2,2024-06-01 17:37:00
2811,1009,598,533.68,11,2024-09-03 22:46:00
2812,1013,301,567.44,48,2024-08-31 00:24:00
2813,1041,694,632.12,9,2024-08-14 04:42:00
2814,1008,304,544.71,41,2024-07-28 13:56:00
2815,1022,319,150.19,24,2024-09-30 07:00:00
2816,1046,745,1535.87,14,2024-07-11 07:53:00
2817,1029,529,438.1,6,2024-07-15 20:44:00
2818,1048,430,1505.11,11,2024-08-20 20:48:00
2819,1042,161,1279.14,13,2024-07-29 11:09:00
2820,1032,877,271.74,11,2024-07-09 00:51:00
2821,1034,891,858.3,12,2024-07-25 21:30:00
2822,1027,837,39702.15,40,2024-08-11 09:21:00
2823,1027,389,1170.99,26,2024-10-31 06:33:00
2824,1010,393,343.12,8,2024-11-17 19:54:00
2825,1048,885,1125.81,9,2024-08-12 01:48:00
2826,1014,635,74.61,42,2024-08-03 16:20:00
2827,1039,903,1567.76,4,2024-06-18 05:12:00
2828,1002,731,188.19,22,2024-07-31 06:59:00
2829,1036,458,231.59,8,2024-10-24 18:22:00
2830,1000,571,372.51,15,2024-06-12 03:46:00
2831,1008,62,415.78,34,2024-09-28 07:59:00
2832,1005,523,1450.95,2,2024-08-28 23:50:00
2833,1009,626,1176.2,41,2024-10-03 03:18:00
2834,1028,835,1894.07,7,2024-11-11 13:33:00
2835,1045,617,1224.72,14,2024-08-09 09:58:00
2836,1023,87,420.23,11,2024-06-17 06:33:00
2837,1000,251,558.17,11,2024-08-14 14:01:00
2838,1047,959,1699.03,39,2024-11-03 01:13:00
2839,1022,966,753.47,49,2024-10-28 21:44:00
2840,1002,837,168.66,2,2024-07-16 01:03:00
2841,1013,462,1929.33,40,2024-11-19 10:34:00
2842,1014,134,1059.43,29,2024-09-12 11:17:00
2843,1001,703,890.79,50,2024-09-14 06:23:00
2844,1036,677,22891.41,43,2024-07-18 03:39:00
2845,1044,585,89.62,47,2024-07-17 14:25:00
2846,1032,25,328.86,4,2024-07-03 02:16:00
2847,1048,485,1264.69,25,2024-08-16 19:05:00
2848,1006,65,452.31,16,2024-08-24 03:49:00
2849,1029,263,544.4,16,2024-11-18 05:43:00
2850,1028,673,710.32,25,2024-09-06 15:15:00
2851,1043,937,1251.11,14,2024-11-05 22:00:00
2852,1036,893,664.84,24,2024-11-14 13:49:00
2853,1037,264,1367.36,47,2024-11-11 13:30:00
2854,1008,156,1379.08,23,2024-08-10 05:50:00
2855,1026,288,1873.74,31,2024-07-11 22:44:00
2856,1006,347,1675.21,33,2024-08-08 07:23:00
2857,1021,411,312.3,27,2024-06-10 17:36:00
2858,1039,553,1599.49,17,2024-06-11 20:15:00
2859,1012,91,1652.13,48,2024-06-25 12:35:00
2860,1016,654,864.49,39,2024-06-16 13:10:00
2861,1038,918,1741.88,48,2024-11-26 22:20:00
2862,1004,114,1828.75,30,2024-09-12 06:29:00
2863,1026,380,55214.75,16,2024-09-02 06:23:00
2864,1024,363,917.68,8,2024-08-17 19:48:00
2865,1040,985,124.28,26,2024-09-26 12:24:00
2866,1007,971,1561.88,18,2024-06-21 06:18:00
2867,1045,249,1489.33,4,2024-06-20 17:11:00
2868,1001,469,689.71,37,2024-09-16 21:15:00
2869,1021,583,1986.41,41,2024-06-17 12:09:00
2870,1003,617,1171.93,12,2024-10-09 02:09:00
2871,1018,16,1727.59,25,2024-09-23 13:44:00
2872,1017,182,1773.27,41,2024-06-29 18:22:00
2873,1007,995,903.82,44,2024-08-05 19:20:00
2874,1028,315,1336.86,12,2024-06-03 08:13:00
2875,1035,467,655.23,34,2024-07-20 22:46:00
2876,1030,435,712.29,5,2024-11-12 12:51:00
2877,1011,151,1716.94,5,2024-06-05 10:50:00
2878,1024,86,770.6,45,2024-11-01 08:24:00
2879,1024,68,888.78,7,2024-11-15 20:35:00
2880,1020,990,1671.37,21,2024-08-25 03:21:00
2881,1007,67,789.09,36,2024-07-12 17:21:00
2882,1017,809,20634.53,29,2024-06-22 15:56:00
2883,1037,922,1179.87,4,2024-07-23 16:14:00
2884,1012,646,1735.41,17,2024-09-11 09:42:00
2885,1022,253,1973.28,27,2024-07-19 22:18:00
2886,1003,287,166.13,26,2024-09-21 05:03:00
2887,1031,163,496.01,27,2024-07-01 01:18:00
2888,1037,893,1217.58,11,2024-08-26 11:17:00
2889,1040,862,37745.85,36,2024-09-30 12:46:00
2890,1046,723,697.18,26,2024-06-20 02:50:00
2891,1044,81,1946.89,11,2024-07-23 18:17:00
2892,1027,523,899.01,6,2024-09-02 08:37:00
2893,1015,758,568.14,27,2024-09-14 05:21:00
2894,1008,560,1619.92,30,2024-08-30 07:28:00
2895,1012,138,1005.88,46,2024-07-15 07:18:00
2896,1024,747,265.33,7,2024-09-30 01:53:00
2897,1048,254,1500.43,3,2024-10-10 12:44:00
2898,1046,343,1674.05,29,2024-09-08 17:57:00
2899,1034,143,2007.43,41,2024-11-16 12:24:00
2900,1009,419,1680.36,26,2024-09-16 10:50:00
2901,1014,891,1185.62,44,2024-06-11 19:40:00
2902,1010,84,661.54,41,2024-08-14 16:13:00
2903,1041,439,1889.99,26,2024-07-20 07:19:00
2904,1042,965,1084.36,17,2024-06-22 11:05:00
2905,1008,164,1718.55,48,2024-11-08 21:59:00
2906,1043,520,1641.66,21,2024-08-13 22:53:00
2907,1034,669,563.29,6,2024-11-28 07:43:00
2908,1017,503,790.4,8,2024-06-16 10:50:00
2909,1032,183,448.53,25,2024-08-08 10:09:00
2910,1018,463,351.6,38,2024-06-10 06:09:00
2911,1024,641,490.46,20,2024-10-16 08:21:00
2912,1011,331,258.58,6,2024-09-14 19:04:00
2913,1035,571,1884.59,18,2024-09-27 16:33:00
2914,1033,380,319.08,8,2024-09-20 22:16:00
2915,1024,332,369.83,36,2024-06-01 15:00:00
2916,1018,685,1502.24,14,2024-07-16 12:38:00
2917,1030,219,795.8,41,2024-10-24 02:01:00
2918,1018,242,512.32,36,2024-08-23 21:21:00
2919,1033,775,204.1,32,2024-07-13 09:35:00
2920,1014,519,117.95,47,2024-06-20 23:47:00
2921,1047,861,689.02,25,2024-06-02 06:01:00
2922,1031,543,1903.82,49,2024-07-02 01:20:00
2923,1022,332,1770.43,10,2024-06-01 10:35:00
2924,1038,992,339.5,37,2024-11-19 11:16:00
2925,1036,26,840.11,19,2024-07-16 10:45:00
2926,1034,999,1273.43,7,2024-09-12 10:51:00
2927,1006,980,271.03,20,2024-10-28 18:35:00
2928,1023,63,1139.83,50,2024-07-07 06:10:00
2929,1018,480,600.42,43,2024-08-18 16:06:00
2930,1032,678,1610.6,38,2024-06-14 07:28:00
2931,1013,87,1453.58,34,2024-11-20 12:30:00
2932,1021,531,478.89,12,2024-08-12 03:18:00
2933,1016,571,681.11,1,2024-11-11 02:23:00
2934,1003,48,1475.05,25,2024-08-11 22:57:00
2935,1013,985,824.48,20,2024-06-14 14:35:00
2936,1006,378,484.1,50,2024-09-10 09:13:00
2937,1042,602,1096.28,26,2024-06-30 21:09:00
2938,1047,437,57274.48,28,2024-07-13 04:11:00
2939,1002,855,1784.81,38,2024-07-03 06:00:00
2940,1034,250,923.97,42,2024-10-31 20:17:00
2941,1015,360,480.26,27,2024-10-14 05:15:00
2942,1006,91,242.58,16,2024-07-29 16:09:00
2943,1035,312,661.34,40,2024-07-21 22:35:00
2944,1012,574,1525.17,23,2024-06-29 12:28:00
2945,1001,966,115.92,40,2024-07-11 10:04:00
2946,1026,90,116.98,11,2024-08-05 09:30:00
2947,1020,695,1670.5,2,2024-06-28 17:22:00
2948,1030,58,1841.21,40,2024-09-23 09:49:00
2949,1032,658,1845.46,25,2024-08-14 09:56:00
2950,1044,256,1337.67,30,2024-06-17 16:00:00
2951,1048,405,1260.55,9,2024-11-13 20:11:00
2952,1043,30,1143.42,34,2024-08-02 02:39:00
2953,1017,886,615.13,3,2024-11-02 18:15:00
2954,1000,972,2019.14,49,2024-08-05 09:48:00
2955,1031,357,744.07,42,2024-07-10 08:27:00
2956,1026,228,1246.14,28,2024-11-10 05:10:00
2957,1018,631,1966.57,48,2024-09-27 22:26:00
2958,1018,504,1049.51,15,2024-10-13 19:58:00
2959,1006,111,461.28,42,2024-06-25 03:15:00
2960,1048,746,1085.21,26,2024-07-06 18:38:00
2961,1001,7,1635.8,1,2024-08-23 22:35:00
2962,1034,826,800.06,22,2024-06-05 23:40:00
2963,1019,231,563.43,26,2024-07-26 13:03:00
2964,1047,897,1208.87,45,2024-07-25 12:18:00
2965,1019,142,1260.53,17,2024-11-19 05:30:00
2966,1006,897,252.43,38,2024-07-01 10:42:00
2967,1047,807,54.12,14,2024-07-04 22:55:00
2968,1007,681,355.97,5,2024-08-30 18:49:00
2969,1003,594,961.08,47,2024-11-15 16:12:00
2970,1019,604,1847.68,30,2024-06-12 21:43:00
2971,1001,804,957.45,36,2024-11-26 00:33:00
2972,1044,470,1258.72,29,2024-09-30 19:23:00
2973,1029,83,845.22,47,2024-07-19 01:04:00
2974,1018,394,1065.23,26,2024-10-20 17:24:00
2975,1044,367,1097.15,2,2024-10-08 04:55:00
2976,1037,596,2033.15,50,2024-08-19 23:52:00
2977,1026,444,1645.31,17,2024-08-01 17:43:00
2978,1014,575,1535.66,34,2024-06-19 15:48:00
2979,1011,592,1781.33,26,2024-09-04 08:15:00
2980,1038,164,999.35,27,2024-10-14 20:35:00
2981,1043,983,78319.28,31,2024-07-18 11:32:00
2982,1015,838,519.08,2,2024-08-21 22:39:00
2983,1049,699,539.84,3,2024-08-12 11:49:00
2984,1028,927,202.91,22,2024-06-03 09:03:00
2985,1043,115,1972.49,3,2024-10-25 13:14:00
2986,1045,274,214.47,30,2024-11-25 00:22:00
2987,1019,117,329.25,3,2024-11-25 17:44:00
2988,1030,241,1621.72,45,2024-07-03 20:46:00
2989,1035,28,845.29,1,2024-10-10 22:28:00
2990,1020,199,566.45,8,2024-07-24 02:24:00
2991,1028,533,415.01,4,2024-06-10 02:48:00
2992,1035,837,1368.23,31,2024-08-14 17:20:00
2993,1028,742,733.71,37,2024-07-02 01:44:00
2994,1014,547,1432.38,38,2024-11-24 07:32:00
2995,1030,399,887.67,3,2024-06-10 09:53:00
2996,1026,931,1677.38,44,2024-08-17 18:47:00
2997,1019,558,694.43,3,2024-09-26 11:05:00
2998,1044,555,1262.74,2,2024-09-29 13:58:00
2999,1016,112,1515.0,43,2024-11-06 08:17:00
3000,1010,8,1614.03,11,2024-07-24 21:25:00
3001,1002,894,1788.38,33,2024-07-14 18:18:00
3002,1035,950,956.0,34,2024-10-24 10:11:00
3003,1009,27,345.69,26,2024-08-15 02:30:00
3004,1036,533,366.17,1,2024-10-09 02:54:00
3005,1018,551,1488.45,7,2024-06-23 20:39:00
3006,1001,261,1225.64,24,2024-06-11 21:00:00
3007,1013,476,1994.07,19,2024-11-27 11:34:00
3008,1010,736,804.37,47,2024-11-27 10:21:00
3009,1042,411,1229.73,16,2024-11-24 15:25:00
3010,1022,882,852.51,13,2024-10-01 20:26:00
3011,1009,129,1974.54,10,2024-07-31 05:34:00
3012,1033,776,304.57,49,2024-08-12 17:43:00
3013,1028,413,519.92,43,2024-06-15 20:04:00
3014,1030,994,1526.2,12,2024-09-07 16:11:00
3015,1002,656,1086.82,21,2024-08-31 05:01:00
3016,1048,39,817.09,19,2024-10-16 08:28:00
3017,1047,650,1544.94,29,2024-09-13 15:32:00
3018,1032,349,1844.96,20,2024-11-05 00:25:00
3019,1015,432,960.6,49,2024-08-06 16:57:00
3020,1026,242,1715.5,45,2024-07-28 03:06:00
3021,1019,396,821.47,20,2024-10-10 10:23:00
3022,1047,925,984.29,31,2024-07-02 12:16:00
3023,1007,336,1280.09,2,2024-10-13 22:11:00
3024,1044,248,1506.9,5,2024-06-10 05:07:00
3025,1012,703,1358.14,4,2024-07-26 11:51:00
3026,1004,971,756.42,34,2024-07-17 01:34:00
3027,1004,314,1921.68,32,2024-11-12 15:08:00
3028,1001,430,718.4,2,2024-11-12 16:56:00
3029,1032,602,42.38,1,2024-08-31 03:22:00
3030,1009,150,1198.46,3,2024-10-19 15:03:00
3031,1036,584,138.24,12,2024-09-03 20:38:00
3032,1000,648,1289.49,30,2024-11-20 09:05:00
3033,1031,357,128.19,21,2024-07-23 23:05:00
3034,1038,371,1132.11,30,2024-06-29 19:57:00
3035,1024,134,68.99,34,2024-10-27 02:59:00
3036,1021,9,440.41,4,2024-08-03 19:09:00
3037,1046,695,825.04,35,2024-10-17 12:53:00
3038,1006,111,936.42,33,2024-09-13 01:14:00
3039,1030,25,1121.79,12,2024-07-05 06:36:00
3040,1039,81,552.89,15,2024-10-23 18:17:00
3041,1034,129,1149.12,14,2024-08-18 08:10:00
3042,1007,457,769.69,34,2024-11-25 14:53:00
3043,1032,972,1525.81,25,2024-10-04 05:19:00
3044,1006,609,308.53,32,2024-06-16 06:53:00
3045,1033,368,1048.53,19,2024-10-03 11:30:00
3046,1010,129,1588.61,36,2024-08-02 14:30:00
3047,1005,449,1562.11,7,2024-09-24 02:06:00
3048,1029,917,1932.41,23,2024-11-27 12:20:00
3049,1009,573,632.03,33,2024-10-18 03:37:00
3050,1029,706,1147.33,19,2024-10-28 11:14:00
3051,1040,939,509.63,39,2024-09-23 03:55:00
3052,1002,37,472.12,33,2024-08-17 07:07:00
3053,1002,679,1329.62,31,2024-06-28 02:43:00
3054,1011,835,75.48,38,2024-07-27 19:30:00
3055,1047,121,1334.03,35,2024-10-05 08:56:00
3056,1032,988,401.42,46,2024-08-07 19:10:00
3057,1002,445,304.98,26,2024-09-18 01:11:00
3058,1037,356,1584.59,1,2024-06-28 21:15:00
3059,1025,153,1174.67,2,2024-10-07 20:13:00
3060,1029,838,265.48,14,2024-09-30 13:20:00
3061,1009,71,848.81,43,2024-06-25 00:02:00
3062,1024,12,666.11,44,2024-06-02 04:46:00
3063,1048,173,818.65,7,2024-08-22 15:42:00
3064,1001,591,53.92,20,2024-07-09 02:04:00
3065,1027,595,1752.2,34,2024-10-31 07:07:00
3066,1016,50,687.37,27,2024-09-06 14:32:00
3067,1033,199,699.26,11,2024-06-21 09:35:00
3068,1020,779,623.49,31,2024-09-26 23:54:00
3069,1019,618,1337.81,48,2024-06-06 13:01:00
3070,1006,918,147.66,25,2024-08-05 17:34:00
3071,1032,845,75.33,37,2024-09-29 23:00:00
3072,1013,239,1366.33,35,2024-11-04 20:47:00
3073,1045,123,1527.29,7,2024-06-28 17:58:00
3074,1016,559,1637.2,42,2024-06-29 23:34:00
3075,1044,2,1882.58,28,2024-11-25 09:11:00
3076,1006,721,1374.66,2,2024-07-09 06:32:00
3077,1003,524,1164.81,6,2024-07-23 13:38:00
3078,1022,602,1124.58,8,2024-08-25 15:51:00
3079,1006,452,71.31,8,2024-09-04 15:22:00
3080,1016,269,1624.87,44,2024-10-28 20:48:00
3081,1008,451,1574.31,50,2024-09-26 05:06:00
3082,1012,149,67.74,25,2024-06-11 06:06:00
3083,1035,784,1723.65,25,2024-10-22 20:10:00
3084,1033,376,1062.25,27,2024-07-27 19:34:00
3085,1047,785,704.45,13,2024-08-11 19:57:00
3086,1009,685,528.78,8,2024-07-03 00:23:00
3087,1003,8,415.25,4,2024-06-22 15:39:00
3088,1038,436,950.02,41,2024-10-18 19:30:00
3089,1039,770,1702.28,6,2024-06-02 14:07:00
3090,1006,175,530.46,18,2024-11-05 00:47:00
3091,1017,689,1045.52,17,2024-10-23 18:00:00
3092,1019,711,263.65,21,2024-07-21 21:33:00
3093,1030,349,540.93,48,2024-09-22 00:48:00
3094,1027,473,1381.35,27,2024-10-13 05:34:00
3095,1027,967,1939.41,33,2024-08-19 23:36:00
3096,1005,417,657.51,35,2024-08-09 19:31:00
3097,1009,28,1838.29,6,2024-07-28 17:52:00
3098,1015,439,1051.62,40,2024-07-10 09:13:00
3099,1011,810,797.3,40,2024-10-02 08:17:00
3100,1009,438,535.55,40,2024-11-02 19:46:00
3101,1040,4,421.64,5,2024-06-26 09:30:00
3102,1044,369,1197.59,48,2024-06-10 15:53:00
3103,1009,157,805.18,19,2024-09-10 14:04:00
3104,1037,650,463.5,47,2024-11-24 01:58:00
3105,1049,773,194.4,31,2024-06-13 14:44:00
3106,1003,59,1720.49,48,2024-08-29 14:29:00
3107,1011,34,1765.8,2,2024-08-25 15:44:00
3108,1048,949,627.3,15,2024-08-18 16:33:00
3109,1033,598,241.53,38,2024-09-07 07:15:00
3110,1035,337,1105.74,14,2024-09-11 21:41:00
3111,1004,29,398.17,10,2024-06-04 03:22:00
3112,1020,212,1573.76,12,2024-11-06 08:53:00
3113,1016,617,202.89,16,2024-10-04 15:26:00
3114,1029,918,1688.19,8,2024-08-12 15:00:00
3115,1005,904,1884.8,14,2024-10-29 22:06:00
3116,1015,722,1152.39,45,2024-08-03 21:26:00
3117,1049,601,1263.67,4,2024-10-21 19:01:00
3118,1038,151,196.33,36,2024-06-18 13:09:00
3119,1028,26,1539.6,48,2024-06-01 22:10:00
3120,1038,822,510.62,2,2024-08-08 06:48:00
3121,1025,9,1798.09,7,2024-08-25 11:44:00
3122,1002,868,84.53,48,2024-11-05 04:38:00
3123,1005,560,1149.05,18,2024-06-08 17:46:00
3124,1020,782,54.96,14,2024-07-21 10:16:00
3125,1028,583,504.26,21,2024-11-18 10:06:00
3126,1013,372,1291.69,13,2024-10-26 02:29:00
3127,1007,515,1812.4,29,2024-11-01 17:15:00
3128,1017,755,1604.55,20,2024-11-13 06:21:00
3129,1048,267,1554.85,3,2024-07-11 02:21:00
3130,1006,777,1121.86,41,2024-10-19 20:17:00
3131,1026,168,1723.61,11,2024-08-31 04:16:00
3132,1025,514,141.07,10,2024-09-18 07:28:00
3133,1039,417,1982.65,34,2024-06-16 12:10:00
3134,1037,374,972.99,44,2024-11-10 10:39:00
3135,1041,312,343.36,49,2024-10-03 04:03:00
3136,1025,660,917.97,25,2024-10-21 00:31:00
3137,1040,628,543.6,35,2024-08-07 02:28:00
3138,1023,243,394.23,35,2024-10-29 17:39:00
3139,1007,164,253.61,34,2024-09-27 19:25:00
3140,1040,221,409.34,14,2024-07-26 23:21:00
3141,1030,730,1656.81,36,2024-11-15 03:48:00
3142,1008,334,664.66,9,2024-09-07 18:18:00
3143,1045,6,1461.13,47,2024-07-07 23:54:00
3144,1004,433,1927.1,32,2024-10-21 04:50:00
3145,1034,885,555.39,8,2024-06-08 21:41:00
3146,1049,214,160.42,48,2024-07-15 23:16:00
3147,1009,425,643.6,39,2024-06-05 21:45:00
3148,1008,138,498.38,43,2024-07-30 01:27:00
3149,1006,561,1040.52,37,2024-11-14 09:59:00
3150,1038,614,920.52,49,2024-08-06 22:22:00
3151,1042,762,1151.68,22,2024-10-02 10:54:00
3152,1036,988,1878.6,9,2024-07-31 19:11:00
3153,1034,716,1346.06,24,2024-11-24 11:23:00
3154,1036,894,1897.21,30,2024-08-21 22:26:00
3155,1018,183,1931.03,47,2024-08-26 16:05:00
3156,1016,64,493.32,16,2024-11-09 15:05:00
3157,1038,120,700.03,48,2024-10-21 01:52:00
3158,1001,530,1836.69,36,2024-10-03 20:19:00
3159,1037,343,881.93,9,2024-07-23 12:11:00
3160,1009,457,177.39,33,2024-10-11 16:56:00
3161,1024,695,324.5,27,2024-08-28 19:06:00
3162,1002,878,1033.38,29,2024-11-27 14:26:00
3163,1041,171,776.06,17,2024-06-02 20:07:00
3164,1018,910,904.2,36,2024-11-12 19:36:00
3165,1011,725,782.93,17,2024-09-29 15:32:00
3166,1000,862,1414.15,22,2024-07-27 17:32:00
3167,1045,859,1970.12,45,2024-09-16 10:49:00
3168,1026,673,344.49,8,2024-07-01 08:00:00
3169,1025,318,1689.55,6,2024-07-13 14:15:00
3170,1034,201,862.1,45,2024-11-19 04:03:00
3171,1028,682,1791.27,46,2024-08-23 05:36:00
3172,1047,734,1029.11,27,2024-10-31 05:32:00
3173,1018,631,776.6,17,2024-11-12 00:24:00
3174,1030,22,973.15,14,2024-09-21 20:53:00
3175,1011,826,1531.54,16,2024-06-19 02:24:00
3176,1027,916,1255.11,28,2024-08-01 17:31:00
3177,1005,13,1397.63,9,2024-07-08 07:00:00
3178,1015,47,169.54,44,2024-07-14 14:33:00
3179,1030,493,920.02,4,2024-06-29 20:19:00
3180,1042,963,859.71,5,2024-08-01 10:15:00
3181,1004,340,492.3,10,2024-07-12 19:47:00
3182,1033,211,1654.87,40,2024-09-13 00:19:00
3183,1021,137,244.17,50,2024-06-16 16:31:00
3184,1017,854,393.09,48,2024-09-07 18:10:00
3185,1009,126,466.34,33,2024-08-02 11:51:00
3186,1028,382,1360.06,5,2024-06-12 07:39:00
3187,1017,515,1760.2,42,2024-08-11 19:26:00
3188,1037,705,923.44,19,2024-06-14 01:15:00
3189,1033,236,714.01,39,2024-09-03 07:51:00
3190,1007,471,1003.55,42,2024-06-29 11:46:00
3191,1012,964,184.05,22,2024-08-04 03:37:00
3192,1012,837,1911.08,4,2024-11-21 04:55:00
3193,1045,655,942.34,39,2024-06-22 09:03:00
3194,1019,252,119.52,34,2024-09-21 20:52:00
3195,1008,144,1497.29,41,2024-10-02 12:04:00
3196,1008,660,60.47,38,2024-06-20 17:33:00
3197,1025,338,831.83,34,2024-09-26 09:24:00
3198,1017,709,2032.77,47,2024-09-20 14:30:00
3199,1000,529,692.33,24,2024-06-23 22:09:00
3200,1046,414,1752.96,47,2024-11-14 11:04:00
3201,1046,923,829.95,17,2024-11-05 17:14:00
3202,1036,668,1076.72,8,2024-09-04 12:22:00
3203,1001,312,820.0,12,2024-11-24 02:08:00
3204,1031,597,678.17,19,2024-07-20 01:10:00
3205,1009,528,1925.04,13,2024-08-06 19:41:00
3206,1023,999,143.33,23,2024-08-09 06:24:00
3207,1046,619,1591.38,18,2024-06-05 02:20:00
3208,1026,458,1421.33,40,2024-10-21 01:25:00
3209,1014,116,172.84,35,2024-08-25 11:02:00
3210,1000,876,1574.23,23,2024-10-25 20:04:00
3211,1047,862,1249.07,14,2024-11-28 02:19:00
3212,1041,295,1318.93,39,2024-07-30 06:51:00
3213,1044,507,575.04,33,2024-10-14 10:29:00
3214,1044,517,1822.72,4,2024-09-26 15:13:00
3215,1046,698,124.35,5,2024-11-21 01:49:00
3216,1030,403,882.87,17,2024-09-11 22:01:00
3217,1032,514,1552.46,36,2024-09-14 10:49:00
3218,1032,717,599.88,31,2024-09-14 00:46:00
3219,1020,353,1399.68,46,2024-10-29 18:02:00
3220,1020,247,933.5,23,2024-11-12 08:18:00
3221,1000,627,1989.9,6,2024-11-08 08:17:00
3222,1007,879,1669.54,41,2024-10-09 15:31:00
3223,1040,25,1570.6,27,2024-09-12 17:51:00
3224,1047,984,539.34,21,2024-09-11 12:18:00
3225,1033,402,1426.71,9,2024-09-25 19:56:00
3226,1017,552,934.5,13,2024-11-25 18:51:00
3227,1023,589,1989.61,1,2024-09-29 01:05:00
3228,1021,808,72.05,11,2024-08-16 09:37:00
3229,1036,890,1486.73,4,2024-08-22 08:38:00
3230,1017,561,708.24,35,2024-10-16 09:49:00
3231,1032,741,605.09,3,2024-09-22 06:48:00
3232,1036,730,531.42,31,2024-10-12 00:22:00
3233,1013,320,391.23,46,2024-11-17 00:02:00
3234,1028,31,628.07,21,2024-08-14 09:10:00
3235,1045,825,1330.51,19,2024-06-26 09:42:00
3236,1015,736,742.15,48,2024-10-15 17:11:00
3237,1031,919,1425.42,3,2024-08-13 13:27:00
3238,1039,137,1069.16,1,2024-07-26 09:40:00
3239,1001,917,1397.37,23,2024-10-03 12:25:00
3240,1032,117,128.52,9,2024-08-04 19:00:00
3241,1045,406,981.66,17,2024-11-01 17:01:00
3242,1043,234,287.55,20,2024-11-26 07:09:00
3243,1025,573,773.8,45,2024-07-18 08:06:00
3244,1014,96,405.05,28,2024-06-17 08:42:00
3245,1047,815,1729.42,20,2024-06-21 07:25:00
3246,1028,640,1977.35,49,2024-10-26 01:44:00
3247,1031,543,1598.39,32,2024-11-12 07:13:00
3248,1028,114,546.66,48,2024-08-02 06:04:00
3249,1013,178,1748.74,42,2024-08-18 17:01:00
3250,1012,90,39.68,1,2024-06-08 17:01:00
3251,1027,909,1717.75,12,2024-09-18 02:05:00
3252,1019,286,1854.53,26,2024-08-27 10:19:00
3253,1036,216,1218.39,36,2024-06-03 11:10:00
3254,1034,236,1951.76,39,2024-09-03 03:24:00
3255,1014,685,608.29,27,2024-08-29 04:06:00
3256,1003,412,1979.64,15,2024-11-24 13:42:00
3257,1011,472,364.89,14,2024-11-18 23:20:00
3258,1001,218,1701.15,47,2024-06-10 09:04:00
3259,1039,140,1587.71,26,2024-10-12 19:08:00
3260,1048,166,1793.87,46,2024-07-27 20:56:00
3261,1037,821,847.78,27,2024-11-16 22:46:00
3262,1011,147,1827.25,44,2024-06-08 08:26:00
3263,1022,280,1966.49,16,2024-07-01 01:24:00
3264,1014,398,39671.78,48,2024-10-25 17:33:00
3265,1025,705,1508.13,9,2024-09-22 05:09:00
3266,1032,281,487.26,45,2024-07-11 01:26:00
3267,1001,465,239.93,41,2024-11-11 05:07:00
3268,1049,117,1317.92,1,2024-10-29 09:31:00
3269,1028,114,490.47,5,2024-06-24 22:37:00
3270,1024,742,1639.03,10,2024-08-02 13:29:00
3271,1007,804,1772.76,2,2024-09-16 17:09:00
3272,1010,333,1776.63,8,2024-06-12 05:12:00
3273,1046,277,1361.41,12,2024-07-04 16:05:00
3274,1024,149,64.56,14,2024-06-28 08:57:00
3275,1000,872,1398.95,49,2024-06-21 01:45:00
3276,1037,229,1799.82,25,2024-11-21 05:12:00
3277,1031,340,115.3,13,2024-11-08 05:00:00
3278,1009,942,1346.48,14,2024-08-02 21:38:00
3279,1021,435,1954.85,5,2024-10-16 09:49:00
3280,1043,973,1570.97,40,2024-10-27 11:23:00
3281,1037,197,1969.71,13,2024-07-12 06:48:00
3282,1001,413,57.19,24,2024-07-10 08:18:00
3283,1005,807,439.25,47,2024-07-22 03:49:00
3284,1039,32,478.75,46,2024-09-02 13:51:00
3285,1043,981,1222.41,38,2024-11-01 23:45:00
3286,1040,492,1231.64,26,2024-11-19 03:48:00
3287,1048,464,1765.25,7,2024-06-09 03:03:00
3288,1040,209,522.68,39,2024-10-23 14:53:00
3289,1018,915,1979.61,28,2024-06-12 13:00:00
3290,1036,683,1747.8,29,2024-07-08 06:02:00
3291,1015,360,421.62,23,2024-10-07 01:57:00
3292,1032,354,419.55,48,2024-09-17 18:16:00
3293,1042,414,962.52,10,2024-06-02 05:32:00
3294,1032,638,1151.87,16,2024-11-16 00:04:00
3295,1035,158,1765.46,40,2024-06-21 21:03:00
3296,1044,294,475.02,23,2024-10-20 17:51:00
3297,1016,489,825.13,32,2024-06-15 12:13:00
3298,1010,361,770.86,29,2024-07-01 02:20:00
3299,1045,819,1733.11,49,2024-10-22 17:05:00
3300,1033,428,680.69,12,2024-06-30 01:47:00
3301,1013,923,331.8,25,2024-11-19 17:13:00
3302,1023,683,1343.0,35,2024-07-01 11:20:00
3303,1010,313,610.65,38,2024-08-05 09:52:00
3304,1012,253,1163.67,7,2024-06-22 20:44:00
3305,1026,133,255.5,43,2024-06-04 19:57:00
3306,1047,18,288.98,43,2024-07-14 04:22:00
3307,1045,777,1141.89,24,2024-11-22 09:50:00
3308,1000,318,971.27,41,2024-08-22 08:59:00
3309,1028,339,875.3,14,2024-10-17 09:41:00
3310,1010,613,708.83,46,2024-07-28 15:38:00
3311,1008,213,92.78,43,2024-06-27 06:09:00
3312,1040,269,1336.53,15,2024-11-14 05:06:00
3313,1011,318,921.58,31,2024-10-23 11:07:00
3314,1041,382,1540.08,33,2024-07-04 20:05:00
3315,1017,512,471.4,42,2024-10-22 08:18:00
3316,1009,642,234.24,19,2024-08-30 14:50:00
3317,1047,109,782.44,37,2024-07-13 05:56:00
3318,1013,17,857.33,29,2024-07-31 08:34:00
3319,1038,499,1579.34,22,2024-06-22 01:02:00
3320,1034,881,1436.83,16,2024-11-18 14:18:00
3321,1043,433,947.43,32,2024-07-10 04:10:00
3322,1045,140,719.51,44,2024-09-05 09:22:00
3323,1033,534,1810.08,20,2024-11-02 18:58:00
3324,1013,453,83.21,26,2024-09-25 05:52:00
3325,1026,909,794.57,43,2024-11-01 14:29:00
3326,1030,98,849.63,3,2024-11-08 01:50:00
3327,1025,757,385.13,43,2024-09-05 10:50:00
3328,1017,741,372.93,5,2024-11-15 09:26:00
3329,1016,114,427.96,10,2024-09-18 09:39:00
3330,1040,509,751.87,40,2024-08-07 02:11:00
3331,1009,183,1049.17,7,2024-08-28 06:39:00
3332,1002,65,455.04,48,2024-11-08 14:30:00
3333,1022,782,1622.35,24,2024-09-09 16:01:00
3334,1044,699,255.55,1,2024-08-09 02:47:00
3335,1005,689,1923.79,39,2024-07-13 07:54:00
3336,1032,369,896.53,35,2024-11-11 13:16:00
3337,1040,92,1016.08,1,2024-10-26 01:37:00
3338,1039,118,402.97,19,2024-06-26 03:12:00
3339,1010,116,1108.04,10,2024-09-26 09:04:00
3340,1047,281,642.28,38,2024-10-09 03:12:00
3341,1004,638,1827.13,24,2024-08-13 21:32:00
3342,1039,369,1047.08,14,2024-08-10 17:36:00
3343,1014,419,1255.0,36,2024-07-10 17:50:00
3344,1011,796,535.63,4,2024-10-28 10:47:00
3345,1027,748,1536.12,34,2024-09-07 06:28:00
3346,1025,20,1615.58,43,2024-08-07 07:46:00
3347,1014,656,1769.16,34,2024-06-01 20:52:00
3348,1004,835,1930.18,47,2024-09-12 21:26:00
3349,1008,371,372.41,10,2024-08-15 11:03:00
3350,1049,70,1310.78,38,2024-08-13 19:31:00
3351,1032,748,1609.97,41,2024-11-25 01:32:00
3352,1006,464,255.47,43,2024-11-01 01:18:00
3353,1029,905,840.25,23,2024-09-02 21:44:00
3354,1032,776,1195.74,42,2024-07-12 03:47:00
3355,1023,786,1619.36,29,2024-11-13 09:09:00
3356,1007,291,1358.08,45,2024-06-16 15:06:00
3357,1024,9,1622.12,5,2024-09-12 10:22:00
3358,1043,406,545.8,33,2024-11-08 21:29:00
3359,1039,269,1285.35,20,2024-06-02 15:42:00
3360,1011,58,912.25,4,2024-08-11 22:01:00
3361,1019,439,1891.54,49,2024-08-26 03:53:00
3362,1044,517,857.04,46,2024-07-30 03:54:00
3363,1028,526,340.87,42,2024-06-17 09:18:00
3364,1025,622,1294.86,29,2024-08-21 11:47:00
3365,1006,606,540.27,37,2024-07-04 21:34:00
3366,1019,723,782.87,26,2024-08-28 03:42:00
3367,1025,282,1671.55,17,2024-11-10 21:01:00
3368,1036,919,215.77,17,2024-07-04 20:15:00
3369,1014,297,1169.74,33,2024-06-10 21:53:00
3370,1046,709,1121.41,50,2024-11-26 00:35:00
3371,1018,583,890.15,49,2024-08-27 18:13:00
3372,1000,537,1160.37,10,2024-11-23 18:06:00
3373,1017,836,1001.61,37,2024-10-04 14:30:00
3374,1028,833,564.96,14,2024-09-26 14:26:00
3375,1043,212,1165.85,34,2024-07-11 10:55:00
3376,1023,832,967.17,14,2024-11-02 20:14:00
3377,1013,84,380.84,19,2024-10-26 11:36:00
3378,1019,867,53704.71,33,2024-09-17 08:37:00
3379,1025,795,1985.06,40,2024-08-22 06:31:00
3380,1026,314,1431.99,38,2024-11-07 21:19:00
3381,1041,156,1378.69,35,2024-09-21 23:12:00
3382,1001,141,912.47,1,2024-10-20 17:48:00
3383,1043,469,248.29,24,2024-11-09 23:06:00
3384,1027,772,1195.05,21,2024-09-11 21:44:00
3385,1045,360,555.48,39,2024-10-11 04:16:00
3386,1027,760,1123.43,40,2024-09-07 21:22:00
3387,1039,217,1635.65,17,2024-10-08 14:09:00
3388,1034,601,129.07,30,2024-08-06 21:53:00
3389,1039,371,745.07,43,2024-07-09 05:01:00
3390,1021,130,897.47,1,2024-10-14 01:13:00
3391,1044,618,255.68,42,2024-08-01 10:45:00
3392,1013,663,145.99,32,2024-07-11 12:39:00
3393,1031,758,1492.86,38,2024-09-21 19:33:00
3394,1015,49,1702.42,18,2024-06-10 11:32:00
3395,1044,136,664.45,38,2024-09-17 02:01:00
3396,1042,513,1825.47,46,2024-08-13 01:16:00
3397,1032,585,593.84,47,2024-06-11 09:42:00
3398,1042,807,1288.88,19,2024-08-03 16:33:00
3399,1036,856,332.81,19,2024-07-09 14:48:00
3400,1010,634,109.25,38,2024-06-19 18:47:00
3401,1038,719,1734.53,4,2024-11-17 21:32:00
3402,1035,742,490.17,4,2024-06-30 19:41:00
3403,1037,394,201.92,30,2024-09-06 10:51:00
3404,1037,932,487.96,12,2024-11-05 19:08:00
3405,1045,566,809.62,49,2024-09-12 17:14:00
3406,1038,677,1525.72,36,2024-09-05 17:54:00
3407,1037,227,1444.94,38,2024-09-16 06:38:00
3408,1029,819,1770.12,9,2024-08-13 10:26:00
3409,1004,315,1460.96,50,2024-11-13 09:21:00
3410,1013,177,120.18,4,2024-10-01 19:09:00
3411,1004,24,1234.15,32,2024-07-11 08:42:00
3412,1042,46,1956.63,30,2024-11-10 18:08:00
3413,1049,810,1508.25,18,2024-06-02 04:42:00
3414,1041,291,829.92,28,2024-09-28 03:31:00
3415,1022,374,858.78,29,2024-10-10 02:53:00
3416,1044,525,1220.48,11,2024-11-02 10:04:00
3417,1036,833,1935.72,48,2024-09-18 03:06:00
3418,1031,660,906.96,28,2024-11-24 19:41:00
3419,1039,551,1211.29,5,2024-08-12 16:03:00
3420,1034,141,1227.56,23,2024-10-01 22:46:00
3421,1004,443,1942.92,49,2024-11-24 10:14:00
3422,1034,414,1821.0,30,2024-07-15 08:00:00
3423,1047,726,1969.9,27,2024-07-16 08:36:00
3424,1037,732,363.09,9,2024-09-26 23:55:00
3425,1001,846,1806.61,18,2024-08-19 17:23:00
3426,1020,198,1202.76,27,2024-10-16 07:44:00
3427,1002,599,1520.88,44,2024-09-16 01:07:00
3428,1025,493,854.08,11,2024-07-10 10:01:00
3429,1023,510,1683.16,41,2024-11-11 22:57:00
3430,1038,487,1545.64,7,2024-11-19 12:47:00
3431,1029,306,1404.2,33,2024-09-30 04:23:00
3432,1034,668,1634.17,12,2024-09-03 04:07:00
3433,1018,128,778.88,39,2024-10-22 18:21:00
3434,1029,194,696.67,48,2024-08-13 15:10:00
3435,1016,626,51.77,19,2024-11-03 05:00:00
3436,1035,910,234.45,9,2024-10-29 03:49:00
3437,1025,6,1434.94,25,2024-10-19 10:27:00
3438,1045,837,1127.27,38,2024-06-25 05:35:00
3439,1014,412,1486.47,8,2024-08-09 23:32:00
3440,1032,482,78.46,44,2024-10-24 16:15:00
3441,1036,983,1659.37,34,2024-09-08 22:25:00
3442,1005,267,1597.36,41,2024-08-02 06:44:00
3443,1002,381,461.99,12,2024-09-10 19:14:00
3444,1020,172,757.97,3,2024-06-22 16:09:00
3445,1040,225,220.57,25,2024-09-25 02:59:00
3446,1016,235,1335.95,44,2024-08-18 18:25:00
3447,1030,43,1404.35,16,2024-07-30 19:43:00
3448,1015,924,1573.02,42,2024-08-03 11:06:00
3449,1012,671,924.97,33,2024-08-15 10:17:00
3450,1040,617,551.17,46,2024-06-29 05:32:00
3451,1008,659,323.19,9,2024-10-21 09:51:00
3452,1037,945,413.39,19,2024-10-05 14:49:00
3453,1040,673,623.9,34,2024-11-07 06:54:00
3454,1039,716,403.41,33,2024-07-16 20:30:00
3455,1012,535,353.96,8,2024-07-07 08:33:00
3456,1036,312,1281.66,23,2024-11-20 14:34:00
3457,1047,468,1189.19,45,2024-07-22 11:21:00
3458,1026,979,200.81,16,2024-06-11 06:25:00
3459,1043,0,1170.92,26,2024-10-26 18:33:00
3460,1030,149,827.4,12,2024-06-25 03:33:00
3461,1026,66,481.29,44,2024-11-18 03:58:00
3462,1019,730,1979.69,11,2024-07-07 00:43:00
3463,1002,802,820.95,2,2024-10-13 09:59:00
3464,1002,329,339.92,26,2024-10-22 21:48:00
3465,1020,251,1169.25,17,2024-09-14 20:59:00
3466,1043,512,1758.32,13,2024-09-08 00:25:00
3467,1023,815,1546.64,25,2024-08-29 20:59:00
3468,1034,589,1719.34,27,2024-08-20 16:14:00
3469,1025,412,814.34,9,2024-08-08 23:47:00
3470,1020,28,944.18,37,2024-08-05 15:37:00
3471,1049,517,443.57,50,2024-06-12 03:10:00
3472,1002,745,830.65,4,2024-08-06 07:51:00
3473,1035,438,1654.77,9,2024-06-26 16:09:00
3474,1029,301,1731.9,20,2024-08-02 05:02:00
3475,1049,586,965.84,28,2024-10-08 14:23:00
3476,1024,551,982.05,28,2024-08-01 12:38:00
3477,1009,240,753.21,23,2024-06-29 13:34:00
3478,1027,639,1218.24,43,2024-06-29 04:28:00
3479,1034,735,63.52,12,2024-11-18 06:47:00
3480,1032,259,68188.38,10,2024-08-07 08:10:00
3481,1000,221,123.62,3,2024-06-21 15:34:00
3482,1036,67,1492.33,24,2024-11-16 11:21:00
3483,1020,666,372.23,24,2024-11-23 11:46:00
3484,1048,875,1934.27,37,2024-11-09 00:41:00
3485,1018,131,1578.31,33,2024-06-05 16:06:00
3486,1041,205,125.53,35,2024-06-13 22:53:00
3487,1002,709,1070.39,39,2024-07-26 22:37:00
3488,1012,358,228.35,9,2024-10-12 18:36:00
3489,1013,546,1175.28,19,2024-06-25 06:57:00
3490,1041,195,477.04,49,2024-09-07 01:03:00
3491,1027,911,1401.65,48,2024-09-23 12:33:00
3492,1000,34,614.25,1,2024-07-27 22:59:00
3493,1039,634,634.82,44,2024-09-12 03:38:00
3494,1023,636,740.55,3,2024-07-28 21:56:00
3495,1049,992,1795.23,43,2024-10-28 17:34:00
3496,1013,204,1710.3,41,2024-08-14 21:40:00
3497,1003,555,1235.77,33,2024-07-30 05:09:00
3498,1038,262,809.71,12,2024-08-26 04:19:00
3499,1001,856,726.18,22,2024-11-21 01:17:00
3500,1046,53,1974.02,17,2024-06-26 13:25:00
3501,1005,729,803.04,18,2024-10-27 08:08:00
3502,1049,576,1797.24,5,2024-09-02 09:08:00
3503,1034,47,887.42,1,2024-06-06 01:02:00
3504,1030,749,1104.72,15,2024-06-13 01:51:00
3505,1013,753,1926.9,46,2024-06-27 19:43:00
3506,1047,663,440.04,49,2024-08-07 14:50:00
3507,1029,357,583.71,50,2024-08-18 12:23:00
3508,1010,524,1550.34,37,2024-10-16 19:15:00
3509,1009,861,1970.71,16,2024-10-10 08:57:00
3510,1043,436,325.66,10,2024-10-02 00:30:00
3511,1042,380,991.94,24,2024-10-11 18:40:00
3512,1016,700,1932.67,41,2024-09-24 12:49:00
3513,1019,436,789.43,15,2024-10-08 07:29:00
3514,1030,857,1903.61,11,2024-09-04 20:04:00
3515,1043,97,1646.11,46,2024-09-05 23:07:00
3516,1033,244,1166.62,43,2024-09-23 20:02:00
3517,1031,575,716.13,48,2024-09-06 23:34:00
3518,1021,788,1302.79,43,2024-09-26 20:55:00
3519,1016,446,1022.75,36,2024-08-11 22:29:00
3520,1006,872,1293.14,34,2024-11-01 18:40:00
3521,1025,142,843.47,47,2024-07-17 07:49:00
3522,1016,147,1172.44,3,2024-09-23 08:10:00
3523,1025,410,846.04,17,2024-07-07 02:28:00
3524,1036,649,495.09,31,2024-06-24 22:00:00
3525,1045,813,1680.54,44,2024-07-04 10:57:00
3526,1003,333,1026.01,16,2024-08-20 01:32:00
3527,1012,386,1841.98,41,2024-07-18 23:39:00
3528,1046,735,325.01,19,2024-11-08 20:35:00
3529,1015,735,1664.98,44,2024-06-15 12:58:00
3530,1017,946,1194.54,5,2024-10-08 20:08:00
3531,1009,535,1929.45,4,2024-07-14 02:41:00
3532,1008,863,91.48,19,2024-06-26 22:02:00
3533,1043,858,501.59,1,2024-07-19 04:33:00
3534,1029,776,1434.69,39,2024-09-20 08:45:00
3535,1042,983,1911.24,28,2024-08-05 02:14:00
3536,1019,335,383.54,24,2024-08-22 14:36:00
3537,1015,235,1944.38,3,2024-09-24 15:36:00
3538,1024,856,1540.02,14,2024-07-28 20:20:00
3539,1047,454,370.04,38,2024-06-06 06:29:00
3540,1010,501,594.09,13,2024-07-18 09:31:00
3541,1001,223,1691.89,14,2024-08-10 07:11:00
3542,1033,768,1427.4,21,2024-10-15 13:39:00
3543,1034,475,754.19,37,2024-09-30 02:54:00
3544,1008,83,280.91,23,2024-07-06 23:23:00
3545,1019,690,566.8,31,2024-08-07 19:36:00
3546,1017,641,1323.35,12,2024-08-19 19:21:00
3547,1020,292,684.9,8,2024-07-26 11:21:00
3548,1045,94,1038.58,25,2024-06-28 20:38:00
3549,1001,4,1393.61,28,2024-10-24 18:48:00
3550,1026,146,1191.61,17,2024-09-21 19:25:00
3551,1021,654,461.48,29,2024-11-14 22:08:00
3552,1020,587,926.35,22,2024-11-01 02:19:00
3553,1015,649,855.84,9,2024-11-27 03:10:00
3554,1043,99,1712.91,11,2024-09-26 03:36:00
3555,1029,519,997.34,18,2024-07-17 02:00:00
3556,1040,574,232.53,46,2024-07-23 07:50:00
3557,1046,387,177.77,38,2024-07-07 05:20:00
3558,1024,726,602.93,29,2024-10-08 09:01:00
3559,1003,580,1470.15,40,2024-10-07 13:09:00
3560,1012,222,738.85,20,2024-07-29 00:16:00
3561,1020,295,1869.09,42,2024-06-11 16:22:00
3562,1049,820,527.47,50,2024-10-18 00:50:00
3563,1043,784,702.05,22,2024-06-28 04:31:00
3564,1014,617,1044.6,4,2024-07-18 12:24:00
3565,1022,640,1659.53,31,2024-11-05 18:24:00
3566,1003,899,1393.36,36,2024-06-09 09:55:00
3567,1035,313,583.54,32,2024-07-25 21:35:00
3568,1024,48,1678.33,3,2024-08-29 13:51:00
3569,1006,386,1471.1,16,2024-06-28 14:54:00
3570,1023,514,176.23,36,2024-08-09 13:53:00
3571,1020,127,228.38,8,2024-06-18 18:14:00
3572,1005,389,627.56,11,2024-06-20 17:38:00
3573,1030,135,1565.43,21,2024-10-20 03:05:00
3574,1036,450,97.74,5,2024-07-18 19:52:00
3575,1012,368,63.69,22,2024-07-20 14:23:00
3576,1008,200,705.13,14,2024-07-07 21:13:00
3577,1036,935,528.27,43,2024-10-04 11:31:00
3578,1004,598,193.88,36,2024-08-20 00:11:00
3579,1023,617,259.16,37,2024-06-17 08:17:00
3580,1016,324,1547.09,42,2024-09-20 05:05:00
3581,1021,450,580.51,10,2024-10-08 04:13:00
3582,1021,333,1158.33,47,2024-10-17 12:52:00
3583,1031,856,1386.17,21,2024-08-03 04:27:00
3584,1034,89,835.98,19,2024-10-13 15:46:00
3585,1013,185,949.6,3,2024-08-28 02:41:00
3586,1013,323,1413.2,35,2024-10-04 18:19:00
3587,1036,997,253.28,50,2024-11-22 19:27:00
3588,1014,638,90.29,17,2024-10-08 00:13:00
3589,1023,578,1663.39,49,2024-06-19 22:54:00
3590,1045,771,637.28,14,2024-09-21 00:23:00
3591,1032,330,1991.92,37,2024-10-07 07:57:00
3592,1017,732,1226.76,39,2024-11-15 12:16:00
3593,1019,319,971.39,25,2024-08-13 15:24:00
3594,1001,524,763.97,47,2024-09-04 14:36:00
3595,1005,287,902.4,14,2024-08-16 04:08:00
3596,1030,498,1090.0,40,2024-07-27 09:25:00
3597,1031,163,216.69,30,2024-10-30 15:37:00
3598,1015,126,1851.22,47,2024-06-10 07:00:00
3599,1025,172,1574.93,44,2024-07-12 03:45:00
3600,1018,5,1829.95,14,2024-08-14 20:02:00
3601,1032,315,875.65,25,2024-06-29 11:19:00
3602,1013,491,1327.07,14,2024-06-08 18:40:00
3603,1036,857,87.48,28,2024-08-15 23:09:00
3604,1043,266,909.04,50,2024-10-23 14:43:00
3605,1016,817,1670.07,7,2024-08-06 13:09:00
3606,1013,898,304.82,25,2024-06-27 23:32:00
3607,1013,157,1194.7,39,2024-11-27 07:02:00
3608,1042,829,1632.95,33,2024-09-03 17:11:00
3609,1012,817,1108.08,29,2024-08-20 11:16:00
3610,1013,922,202.8,1,2024-06-21 07:48:00
3611,1036,709,999.22,23,2024-08-26 11:00:00
3612,1001,886,1271.1,1,2024-11-23 23:09:00
3613,1026,367,1340.23,38,2024-09-14 20:18:00
3614,1028,233,1409.12,3,2024-07-28 15:59:00
3615,1014,591,969.5,1,2024-09-08 17:44:00
3616,1012,4,119.5,16,2024-10-13 18:29:00
3617,1029,258,63.52,25,2024-09-21 17:13:00
3618,1016,571,1559.08,15,2024-06-22 04:58:00
3619,1004,179,1554.22,14,2024-09-25 09:15:00
3620,1002,133,327.91,42,2024-06-29 18:26:00
3621,1031,465,1086.23,14,2024-09-26 00:29:00
3622,1022,405,1623.67,29,2024-10-13 22:17:00
3623,1006,451,1303.88,29,2024-09-21 21:21:00
3624,1040,67,723.83,22,2024-08-10 14:20:00
3625,1017,256,416.85,18,2024-09-27 09:13:00
3626,1036,315,884.16,3,2024-09-11 02:52:00
3627,1016,700,132.92,11,2024-10-13 01:59:00
3628,1047,720,634.59,7,2024-07-06 23:49:00
3629,1016,911,1496.89,36,2024-07-18 08:32:00
3630,1010,115,450.06,17,2024-10-18 10:42:00
3631,1022,176,1610.99,8,2024-06-18 08:45:00
3632,1010,20,142.69,40,2024-09-05 16:15:00
3633,1028,229,766.03,19,2024-09-17 23:25:00
3634,1040,698,654.23,31,2024-08-22 05:06:00
3635,1047,682,403.96,34,2024-08-27 10:42:00
3636,1048,524,1760.84,48,2024-07-29 16:07:00
3637,1010,476,1644.21,37,2024-10-12 15:08:00
3638,1027,385,1673.19,42,2024-11-04 08:05:00
3639,1028,687,1472.88,33,2024-10-06 18:02:00
3640,1022,800,927.57,18,2024-11-20 08:17:00
3641,1006,733,593.28,40,2024-09-12 04:56:00
3642,1017,74,103.32,16,2024-06-10 21:20:00
3643,1042,601,958.54,18,2024-08-17 10:00:00
3644,1045,469,1942.7,35,2024-10-08 13:27:00
3645,1031,146,1688.94,34,2024-08-13 16:27:00
3646,1048,416,1917.72,50,2024-10-15 22:38:00
3647,1020,59,481.88,27,2024-07-09 01:22:00
3648,1033,863,929.23,27,2024-11-14 23:58:00
3649,1045,188,381.12,25,2024-08-06 12:31:00
3650,1045,742,1547.41,18,2024-09-01 16:25:00
3651,1030,705,1225.63,28,2024-06-21 04:04:00
3652,1011,644,341.0,46,2024-08-12 06:15:00
3653,1046,384,1381.34,40,2024-08-16 03:05:00
3654,1031,838,615.25,23,2024-08-16 19:45:00
3655,1041,452,1409.77,23,2024-08-27 10:39:00
3656,1046,715,1494.77,30,2024-06-27 08:19:00
3657,1011,524,1214.41,29,2024-06-06 05:12:00
3658,1017,542,1213.85,12,2024-11-17 20:44:00
3659,1014,649,859.53,28,2024-11-11 13:14:00
3660,1021,490,103.68,20,2024-10-04 18:41:00
3661,1047,963,722.35,14,2024-09-13 12:50:00
3662,1036,640,511.65,30,2024-09-22 13:04:00
3663,1041,768,42.26,1,2024-09-14 03:44:00
3664,1049,860,369.18,6,2024-09-15 05:08:00
3665,1047,400,1446.76,40,2024-07-15 10:05:00
3666,1041,171,1521.45,36,2024-06-24 17:42:00
3667,1000,533,1869.39,41,2024-11-26 20:15:00
3668,1048,585,598.01,27,2024-09-21 02:55:00
3669,1018,572,817.63,42,2024-10-28 20:35:00
3670,1006,145,95.87,24,2024-07-17 14:21:00
3671,1001,854,1925.03,22,2024-06-19 10:21:00
3672,1008,148,1633.73,25,2024-07-21 18:06:00
3673,1029,949,1143.8,32,2024-06-13 23:36:00
3674,1004,251,723.49,5,2024-10-29 04:25:00
3675,1020,689,1345.47,28,2024-07-27 20:14:00
3676,1033,957,1424.63,12,2024-08-21 19:54:00
3677,1025,660,2098.56,47,2024-10-30 11:32:00
3678,1047,468,61.55,41,2024-10-07 16:33:00
3679,1012,92,1500.27,40,2024-07-19 04:51:00
3680,1038,81,328.54,9,2024-09-14 15:44:00
3681,1017,941,80.89,14,2024-08-19 06:16:00
3682,1024,194,1572.22,3,2024-10-31 05:56:00
3683,1030,210,878.11,22,2024-09-03 18:56:00
3684,1046,295,292.88,24,2024-11-05 18:42:00
3685,1043,292,385.84,25,2024-09-21 00:40:00
3686,1045,558,1120.98,42,2024-08-31 07:53:00
3687,1004,589,863.95,20,2024-07-30 00:40:00
3688,1000,368,1783.64,12,2024-11-24 20:37:00
3689,1008,200,1530.11,26,2024-07-22 12:58:00
3690,1017,545,994.19,4,2024-10-07 09:43:00
3691,1030,989,1307.72,34,2024-10-30 00:34:00
3692,1036,809,697.77,21,2024-10-29 01:03:00
3693,1043,338,1415.45,24,2024-08-30 23:47:00
3694,1041,51,1086.61,38,2024-08-15 12:03:00
3695,1022,881,174.56,4,2024-08-11 02:26:00
3696,1013,52,1949.9,49,2024-10-20 20:53:00
3697,1030,381,41931.16,26,2024-10-17 06:10:00
3698,1045,162,572.7,41,2024-09-14 23:17:00
3699,1036,219,1095.89,18,2024-10-07 12:12:00
3700,1023,286,1122.71,35,2024-09-25 18:05:00
3701,1029,856,1663.59,16,2024-10-04 03:06:00
3702,1035,592,480.84,44,2024-11-12 13:04:00
3703,1010,882,1845.19,50,2024-11-08 11:33:00
3704,1031,640,1886.87,27,2024-07-11 10:12:00
3705,1042,267,1135.5,21,2024-11-28 07:03:00
3706,1040,902,1169.61,31,2024-09-05 18:19:00
3707,1033,57,1927.75,23,2024-07-09 11:12:00
3708,1014,510,215.49,9,2024-11-14 11:44:00
3709,1045,807,729.42,19,2024-10-25 11:07:00
3710,1039,747,1460.34,46,2024-06-29 17:38:00
3711,1002,286,1083.87,3,2024-07-19 01:53:00
3712,1007,168,823.75,1,2024-11-11 00:31:00
3713,1031,561,932.48,24,2024-10-27 18:12:00
3714,1037,407,992.63,37,2024-10-22 11:51:00
3715,1007,676,1091.72,17,2024-06-01 11:49:00
3716,1019,385,725.85,20,2024-10-23 13:50:00
3717,1000,158,1672.15,4,2024-10-16 09:43:00
3718,1042,865,299.21,38,2024-07-05 02:18:00
3719,1004,961,1296.8,26,2024-06-05 05:38:00
3720,1033,855,1894.22,31,2024-10-29 06:30:00
3721,1033,157,1627.49,3,2024-11-06 12:40:00
3722,1005,419,44.44,1,2024-08-07 21:38:00
3723,1004,610,1522.9,44,2024-07-27 18:10:00
3724,1023,719,907.5,28,2024-09-01 02:01:00
3725,1015,730,1561.34,40,2024-11-09 10:24:00
3726,1041,771,982.2,50,2024-07-14 13:43:00
3727,1025,751,1243.55,25,2024-06-15 13:59:00
3728,1009,626,659.97,26,2024-09-21 10:30:00
3729,1049,799,1421.13,5,2024-08-30 09:35:00
3730,1038,392,1022.12,28,2024-07-13 09:22:00
3731,1041,87,929.78,22,2024-07-14 04:38:00
3732,1006,210,291.22,13,2024-06-06 07:13:00
3733,1047,271,495.5,13,2024-07-13 07:10:00
3734,1003,436,436.11,19,2024-06-08 07:08:00
3735,1039,228,1223.72,28,2024-11-17 10:06:00
3736,1010,724,1425.2,35,2024-07-13 14:55:00
3737,1001,877,1988.89,8,2024-06-13 11:09:00
3738,1003,152,1034.21,26,2024-06-27 23:11:00
3739,1047,428,1036.6,38,2024-10-11 04:44:00
3740,1026,153,1941.71,1,2024-11-16 18:19:00
3741,1005,198,576.17,37,2024-06-27 17:08:00
3742,1021,612,1468.05,20,2024-09-28 02:45:00
3743,1020,837,1281.4,38,2024-08-08 14:18:00
3744,1022,486,562.72,26,2024-10-24 12:45:00
3745,1024,45,137.59,11,2024-09-30 23:05:00
3746,1032,358,1835.53,17,2024-09-03 07:25:00
3747,1009,820,923.57,10,2024-08-19 22:20:00
3748,1004,14,1002.51,16,2024-11-04 08:56:00
3749,1035,802,780.73,19,2024-10-25 03:01:00
3750,1049,542,1691.48,36,2024-06-16 05:46:00
3751,1007,177,611.92,49,2024-06-27 07:19:00
3752,1003,12,1556.04,33,2024-08-28 10:48:00
3753,1006,286,1787.87,9,2024-06-14 14:09:00
3754,1018,819,812.11,36,2024-10-18 20:27:00
3755,1003,647,520.51,26,2024-09-20 00:05:00
3756,1004,708,1259.31,15,2024-09-15 01:36:00
3757,1021,517,883.45,50,2024-06-14 09:33:00
3758,1031,545,626.76,45,2024-10-19 19:58:00
3759,1010,818,1399.82,13,2024-09-21 22:25:00
3760,1039,162,73408.15,29,2024-07-05 04:06:00
3761,1004,142,1335.62,30,2024-06-28 01:21:00
3762,1047,163,997.74,28,2024-06-25 03:13:00
3763,1012,795,39.68,1,2024-09-29 02:15:00
3764,1010,627,1616.02,11,2024-08-07 08:09:00
3765,1030,640,53060.82,19,2024-08-12 21:33:00
3766,1015,67,1188.37,21,2024-08-10 01:21:00
3767,1014,607,339.16,14,2024-08-18 06:29:00
3768,1040,524,832.76,6,2024-06-24 15:04:00
3769,1035,581,1747.82,28,2024-07-27 04:30:00
3770,1026,934,310.82,48,2024-06-03 14:03:00
3771,1037,206,317.24,19,2024-06-11 13:23:00
3772,1017,109,729.66,18,2024-10-23 10:35:00
3773,1049,774,1076.95,6,2024-08-28 14:30:00
3774,1007,577,203.6,49,2024-06-02 02:00:00
3775,1016,76,215.06,34,2024-11-18 11:17:00
3776,1042,810,1984.63,33,2024-06-12 11:08:00
3777,1007,572,740.67,39,2024-10-04 19:29:00
3778,1031,759,1345.89,30,2024-10-19 03:10:00
3779,1009,104,850.0,27,2024-09-14 18:35:00
3780,1010,518,681.24,47,2024-06-22 21:44:00
3781,1043,855,1708.73,28,2024-06-05 08:48:00
3782,1010,919,1067.88,15,2024-11-17 15:20:00
3783,1048,452,1843.48,7,2024-07-17 08:46:00
3784,1028,558,1089.69,10,2024-07-13 19:50:00
3785,1040,122,1565.21,14,2024-07-08 14:30:00
3786,1022,908,1522.05,9,2024-11-26 19:19:00
3787,1025,654,1608.78,46,2024-08-10 12:12:00
3788,1049,263,624.89,16,2024-06-16 07:33:00
3789,1008,594,1957.11,36,2024-10-15 15:20:00
3790,1036,576,910.74,11,2024-10-06 06:53:00
3791,1030,378,1750.81,29,2024-07-04 05:56:00
3792,1014,387,1295.95,36,2024-08-29 23:59:00
3793,1018,706,1531.4,44,2024-08-29 05:24:00
3794,1024,649,1388.11,18,2024-09-20 03:33:00
3795,1008,729,857.61,38,2024-07-29 01:45:00
3796,1040,703,672.7,36,2024-11-24 22:49:00
3797,1019,952,1424.78,22,2024-06-25 11:58:00
3798,1018,916,1517.49,19,2024-09-23 16:29:00
3799,1009,752,801.6,34,2024-11-15 12:56:00
3800,1035,638,1877.14,21,2024-09-05 01:42:00
3801,1011,749,512.63,33,2024-07-18 21:06:00
3802,1004,380,1724.41,35,2024-07-06 07:53:00
3803,1036,81,1678.05,8,2024-11-07 16:49:00
3804,1027,866,1379.31,19,2024-11-21 23:44:00
3805,1024,77,325.26,43,2024-06-22 13:44:00
3806,1045,468,442.12,32,2024-11-13 06:11:00
3807,1047,997,613.37,11,2024-11-09 21:58:00
3808,1001,442,1006.93,26,2024-10-17 13:32:00
3809,1022,368,1250.18,35,2024-06-15 21:07:00
3810,1048,68,1391.35,21,2024-06-13 04:25:00
3811,1016,818,768.01,12,2024-09-22 10:29:00
3812,1046,207,731.0,38,2024-11-06 16:57:00
3813,1037,720,1650.95,38,2024-10-09 09:58:00
3814,1016,813,951.18,22,2024-07-11 23:14:00
3815,1032,939,1493.86,23,2024-07-17 17:49:00
3816,1043,599,641.9,29,2024-07-22 15:10:00
3817,1007,839,1062.98,44,2024-11-15 22:43:00
3818,1044,294,247.24,49,2024-07-14 08:28:00
3819,1048,372,374.7,19,2024-09-17 09:46:00
3820,1014,117,291.54,36,2024-06-29 15:33:00
3821,1018,331,1415.69,36,2024-07-09 19:29:00
3822,1016,840,1186.91,8,2024-11-19 17:57:00
3823,1034,753,150.14,8,2024-07-16 14:17:00
3824,1042,200,369.28,22,2024-10-04 06:00:00
3825,1044,788,1608.62,39,2024-11-06 17:42:00
3826,1023,334,503.45,33,2024-09-14 21:34:00
3827,1003,273,1034.91,45,2024-10-22 20:57:00
3828,1039,272,980.76,26,2024-09-06 02:34:00
3829,1025,874,1446.55,12,2024-10-26 20:09:00
3830,1020,192,65.09,9,2024-06-03 02:24:00
3831,1016,425,1139.0,48,2024-06-30 02:20:00
3832,1014,15,1905.89,42,2024-10-16 13:05:00
3833,1036,17,786.98,23,2024-08-05 19:15:00
3834,1031,473,1193.04,5,2024-06-28 07:51:00
3835,1039,639,635.89,17,2024-08-27 22:52:00
3836,1008,312,733.55,19,2024-08-01 07:09:00
3837,1030,988,593.74,1,2024-06-15 21:54:00
3838,1047,738,1810.8,45,2024-06-10 18:50:00
3839,1039,390,1070.4,24,2024-10-23 22:14:00
3840,1038,343,852.71,22,2024-10-30 20:13:00
3841,1018,742,942.32,23,2024-10-19 06:05:00
3842,1020,905,325.19,21,2024-06-17 10:44:00
3843,1024,213,1424.23,4,2024-08-30 18:04:00
3844,1015,665,1412.39,22,2024-10-03 03:58:00
3845,1030,451,188.84,10,2024-10-27 08:24:00
3846,1045,821,1303.71,41,2024-07-18 06:16:00
3847,1045,559,1113.92,45,2024-07-23 19:49:00
3848,1045,398,73.8,50,2024-07-14 13:12:00
3849,1035,196,1418.02,6,2024-10-10 15:14:00
3850,1011,229,57.84,7,2024-10-23 01:39:00
3851,1016,819,1850.71,28,2024-10-29 06:26:00
3852,1043,59,286.58,28,2024-07-15 06:41:00
3853,1022,270,187.59,28,2024-09-05 10:58:00
3854,1015,158,1218.42,23,2024-09-29 09:19:00
3855,1003,790,1522.92,25,2024-11-11 06:48:00
3856,1003,654,1945.55,36,2024-08-17 00:20:00
3857,1031,158,116.18,27,2024-07-19 00:33:00
3858,1000,11,1057.24,29,2024-11-22 03:49:00
3859,1029,176,669.37,2,2024-08-03 22:55:00
3860,1008,81,446.89,12,2024-10-26 00:53:00
3861,1023,491,257.05,18,2024-11-13 17:41:00
3862,1026,773,1324.04,39,2024-10-31 03:50:00
3863,1032,400,1894.02,11,2024-11-26 23:21:00
3864,1043,349,1433.01,19,2024-08-22 05:12:00
3865,1029,163,67.96,24,2024-09-02 22:32:00
3866,1020,924,82.52,21,2024-09-05 09:50:00
3867,1009,763,1431.91,6,2024-10-09 06:59:00
3868,1048,146,1125.28,20,2024-07-15 04:42:00
3869,1013,176,1080.65,12,2024-08-26 00:42:00
3870,1020,303,1444.29,28,2024-10-28 01:54:00
3871,1006,674,476.05,26,2024-06-16 15:33:00
3872,1020,641,1675.65,15,2024-09-16 18:09:00
3873,1019,277,1824.99,1,2024-09-21 13:18:00
3874,1025,428,1196.93,26,2024-10-21 16:07:00
3875,1025,986,1123.23,48,2024-06-15 03:07:00
3876,1049,644,514.13,15,2024-06-15 20:17:00
3877,1025,439,1038.64,15,2024-07-23 20:15:00
3878,1049,128,509.89,18,2024-06-24 12:43:00
3879,1023,654,274.3,45,2024-10-02 12:42:00
3880,1028,888,725.98,47,2024-06-13 23:39:00
3881,1009,544,1637.2,35,2024-09-10 18:47:00
3882,1011,771,1292.92,30,2024-10-30 09:19:00
3883,1044,955,427.14,39,2024-08-15 23:35:00
3884,1026,562,473.92,1,2024-09-17 13:59:00
3885,1016,459,1527.06,3,2024-07-31 11:33:00
3886,1000,924,1984.64,37,2024-08-05 04:30:00
3887,1021,530,228.67,38,2024-11-25 13:10:00
3888,1043,104,1915.92,38,2024-07-13 20:12:00
3889,1026,783,991.18,26,2024-09-30 22:46:00
3890,1000,686,331.23,12,2024-06-26 16:47:00
3891,1007,592,1001.09,16,2024-09-16 17:17:00
3892,1021,376,295.76,24,2024-09-15 20:02:00
3893,1027,439,1398.89,31,2024-10-29 13:27:00
3894,1001,739,337.53,32,2024-09-21 01:57:00
3895,1036,576,317.19,2,2024-10-13 23:46:00
3896,1049,886,1661.05,29,2024-11-13 18:20:00
3897,1007,544,186.51,27,2024-06-28 00:54:00
3898,1007,514,211.43,40,2024-08-29 13:17:00
3899,1007,537,1578.35,13,2024-08-13 16:54:00
3900,1008,621,257.44,20,2024-11-02 21:37:00
3901,1002,844,1937.83,10,2024-07-17 21:36:00
3902,1036,874,926.36,9,2024-11-18 20:59:00
3903,1042,191,1317.18,3,2024-06-23 09:33:00
3904,1049,0,915.3,33,2024-08-26 12:33:00
3905,1024,998,1774.72,28,2024-09-20 16:02:00
3906,1034,303,135.06,3,2024-10-23 07:47:00
3907,1030,347,1582.03,21,2024-10-30 14:29:00
3908,1048,270,53.77,32,2024-06-17 09:35:00
3909,1042,265,1054.12,25,2024-09-27 10:23:00
3910,1029,863,614.53,48,2024-09-29 06:14:00
3911,1033,766,395.35,3,2024-06-27 02:39:00
3912,1048,637,571.63,24,2024-06-02 18:03:00
3913,1035,125,1307.48,17,2024-06-16 11:29:00
3914,1021,368,853.82,20,2024-06-29 14:23:00
3915,1043,243,121.75,21,2024-06-26 19:42:00
3916,1017,30,950.68,33,2024-10-12 08:14:00
3917,1017,659,1835.14,3,2024-09-15 14:58:00
3918,1019,275,753.1,25,2024-09-20 04:51:00
3919,1018,480,629.21,1,2024-09-19 21:22:00
3920,1038,86,687.6,10,2024-09-18 14:54:00
3921,1037,253,566.79,49,2024-09-12 17:25:00
3922,1009,345,1095.35,29,2024-10-29 01:15:00
3923,1003,789,1116.6,44,2024-09-19 16:45:00
3924,1000,17,41.21,1,2024-11-03 20:16:00
3925,1019,349,817.52,41,2024-08-02 03:13:00
3926,1004,25,816.05,6,2024-07-05 22:44:00
3927,1000,47,1874.13,14,2024-08-16 05:35:00
3928,1025,56,259.06,25,2024-10-23 11:07:00
3929,1024,967,1304.36,8,2024-06-16 13:57:00
3930,1039,708,971.85,44,2024-06-30 04:56:00
3931,1004,124,1044.07,4,2024-08-18 20:49:00
3932,1017,707,536.18,5,2024-08-09 09:11:00
3933,1032,348,1610.6,38,2024-06-27 16:54:00
3934,1011,816,657.82,6,2024-08-29 23:41:00
3935,1037,832,1827.82,42,2024-06-22 09:26:00
3936,1024,990,506.08,32,2024-09-09 10:30:00
3937,1017,989,660.77,1,2024-09-18 04:31:00
3938,1024,827,1890.12,41,2024-09-11 17:24:00
3939,1034,933,1666.9,33,2024-09-02 12:03:00
3940,1045,498,50.78,30,2024-11-18 23:15:00
3941,1043,393,306.99,33,2024-07-12 18:48:00
3942,1041,937,236.71,45,2024-06-27 19:14:00
3943,1003,17,1997.4,3,2024-07-04 17:16:00
3944,1049,607,676.18,34,2024-09-08 09:34:00
3945,1046,261,244.13,16,2024-07-04 09:59:00
3946,1041,902,870.27,30,2024-07-08 02:09:00
3947,1004,153,992.74,26,2024-11-07 08:32:00
3948,1003,530,726.33,8,2024-06-09 13:42:00
3949,1032,567,468.21,8,2024-10-08 11:44:00
3950,1020,858,1704.06,31,2024-06-23 03:55:00
3951,1012,419,574.95,44,2024-09-30 04:21:00
3952,1009,782,1884.28,33,2024-10-12 10:10:00
3953,1038,400,905.55,44,2024-11-24 19:18:00
3954,1049,1,568.79,34,2024-06-11 09:24:00
3955,1018,468,1119.36,11,2024-09-15 20:55:00
3956,1044,962,905.83,29,2024-06-08 12:42:00
3957,1005,751,1942.38,9,2024-09-14 07:52:00
3958,1044,809,450.39,21,2024-08-18 12:51:00
3959,1042,413,1642.5,33,2024-11-01 22:43:00
3960,1017,540,177.09,24,2024-10-24 10:34:00
3961,1010,444,1796.84,3,2024-07-25 09:31:00
3962,1042,466,1602.73,6,2024-07-03 12:54:00
3963,1042,964,695.84,10,2024-07-06 16:56:00
3964,1042,275,1341.92,3,2024-10-17 04:33:00
3965,1028,794,1823.93,17,2024-08-28 12:52:00
3966,1047,808,285.36,35,2024-07-29 09:17:00
3967,1045,439,1652.25,49,2024-07-24 15:49:00
3968,1026,747,1951.91,7,2024-11-08 01:41:00
3969,1041,316,1891.82,39,2024-10-09 04:30:00
3970,1000,976,766.65,12,2024-07-06 17:17:00
3971,1043,489,1067.56,17,2024-10-23 15:44:00
3972,1033,653,1207.64,17,2024-11-19 03:27:00
3973,1011,38,475.96,12,2024-09-24 15:13:00
3974,1032,704,1682.35,17,2024-06-27 19:37:00
3975,1030,808,1515.11,36,2024-10-10 23:22:00
3976,1016,134,100.17,27,2024-06-17 13:46:00
3977,1038,177,839.6,23,2024-11-04 23:42:00
3978,1002,345,461.99,12,2024-09-11 03:22:00
3979,1023,488,1189.51,31,2024-09-11 14:38:00
3980,1024,26,1755.37,46,2024-11-16 01:56:00
3981,1020,134,314.3,36,2024-06-29 18:08:00
3982,1048,762,671.88,3,2024-09-07 18:17:00
3983,1000,154,955.37,22,2024-07-30 08:17:00
3984,1003,861,1343.07,7,2024-07-05 20:52:00
3985,1009,63,975.75,50,2024-08-16 04:45:00
3986,1043,41,1337.64,22,2024-11-05 11:37:00
3987,1013,301,1742.94,24,2024-07-27 06:32:00
3988,1039,831,305.93,7,2024-09-30 07:26:00
3989,1032,696,115.12,31,2024-11-17 04:03:00
3990,1038,504,1432.07,39,2024-08-08 12:14:00
3991,1001,981,895.68,25,2024-08-08 10:17:00
3992,1045,313,971.25,27,2024-07-03 20:10:00
3993,1009,953,260.79,11,2024-08-13 06:27:00
3994,1022,376,738.03,41,2024-11-05 11:47:00
3995,1004,553,960.73,11,2024-10-26 11:52:00
3996,1040,202,1370.18,38,2024-10-02 12:15:00
3997,1014,125,1034.29,31,2024-09-04 10:40:00
3998,1020,732,1253.1,39,2024-08-22 21:12:00
3999,1039,313,1568.49,20,2024-07-08 04:25:00
4000,1029,221,1967.89,17,2024-09-27 16:45:00
4001,1006,904,919.29,49,2024-07-20 15:58:00
4002,1003,249,111.73,14,2024-06-18 07:56:00
4003,1010,978,1782.05,35,2024-07-01 23:16:00
4004,1047,844,1785.88,44,2024-07-27 02:37:00
4005,1005,856,1288.65,30,2024-09-19 22:49:00
4006,1034,87,1248.91,28,2024-09-24 07:06:00
4007,1012,56,1438.9,34,2024-06-05 18:58:00
4008,1045,232,228.42,8,2024-07-30 22:25:00
4009,1009,640,1888.19,3,2024-08-26 15:07:00
4010,1040,595,935.71,32,2024-10-17 09:26:00
4011,1024,920,890.63,49,2024-10-04 18:43:00
4012,1001,179,1873.97,37,2024-11-21 07:25:00
4013,1042,707,1545.18,18,2024-06-21 02:58:00
4014,1027,775,1909.26,18,2024-11-15 00:17:00
4015,1025,971,1002.38,34,2024-07-16 19:16:00
4016,1049,674,1081.14,43,2024-06-28 18:09:00
4017,1009,827,820.19,46,2024-11-01 19:39:00
4018,1017,634,1992.56,42,2024-09-30 20:54:00
4019,1047,730,141.82,12,2024-06-29 12:06:00
4020,1004,372,1954.52,42,2024-08-03 17:55:00
4021,1031,339,62128.14,41,2024-11-10 17:22:00
4022,1011,702,256.6,8,2024-07-17 13:41:00
4023,1015,465,979.08,22,2024-07-20 17:23:00
4024,1019,862,1278.5,31,2024-11-04 06:41:00
4025,1035,468,401.68,28,2024-06-03 10:58:00
4026,1005,597,381.25,42,2024-10-09 10:31:00
4027,1041,278,1861.36,29,2024-10-15 21:00:00
4028,1008,804,386.69,19,2024-09-18 05:13:00
4029,1019,17,594.92,23,2024-10-30 06:07:00
4030,1047,514,1179.92,9,2024-10-06 07:56:00
4031,1046,782,722.7,45,2024-08-30 14:21:00
4032,1021,365,763.01,8,2024-09-05 16:44:00
4033,1030,832,1429.03,12,2024-11-06 07:05:00
4034,1002,764,1512.44,28,2024-10-11 00:18:00
4035,1025,946,864.43,42,2024-06-20 19:32:00
4036,1017,350,1119.78,41,2024-09-10 16:02:00
4037,1045,648,1758.68,12,2024-06-26 18:33:00
4038,1010,903,1756.56,50,2024-07-27 12:20:00
4039,1020,640,1563.81,25,2024-08-11 07:15:00
4040,1002,435,1075.13,14,2024-10-02 06:40:00
4041,1018,345,1519.75,47,2024-07-01 10:47:00
4042,1045,327,59.99,2,2024-10-11 07:47:00
4043,1030,189,1069.27,40,2024-10-25 14:24:00
4044,1017,269,962.88,32,2024-06-21 16:08:00
4045,1010,92,1212.44,25,2024-07-04 03:49:00
4046,1012,96,1233.94,17,2024-06-29 08:28:00
4047,1026,565,33917.6,5,2024-11-19 12:58:00
4048,1018,11,166.5,8,2024-08-13 14:32:00
4049,1047,758,114.35,3,2024-09-02 14:57:00
4050,1012,963,1443.44,8,2024-08-27 13:39:00
4051,1003,764,1905.62,18,2024-09-18 00:18:00
4052,1017,798,705.53,20,2024-07-14 00:06:00
4053,1017,184,1517.06,27,2024-06-10 14:25:00
4054,1000,596,1309.2,50,2024-09-15 03:29:00
4055,1000,119,103.94,28,2024-11-22 00:28:00
4056,1017,128,369.38,2,2024-09-28 01:25:00
4057,1021,5,164.73,13,2024-11-20 05:29:00
4058,1020,185,1875.13,20,2024-08-28 17:37:00
4059,1007,938,1447.19,27,2024-06-19 03:47:00
4060,1022,906,1122.98,9,2024-07-14 03:17:00
4061,1027,537,1531.29,34,2024-10-07 18:39:00
4062,1001,81,610.54,47,2024-08-23 21:34:00
4063,1041,881,176.88,14,2024-07-12 18:18:00
4064,1009,13,942.25,17,2024-09-22 09:50:00
4065,1021,261,406.45,16,2024-08-23 18:03:00
4066,1018,289,419.23,28,2024-07-11 15:37:00
4067,1020,416,131.95,3,2024-08-21 13:54:00
4068,1018,226,539.2,1,2024-10-13 12:50:00
4069,1024,515,663.62,25,2024-10-17 05:44:00
4070,1040,338,944.2,17,2024-09-09 15:06:00
4071,1033,854,413.99,49,2024-10-23 11:29:00
4072,1004,474,1575.3,9,2024-08-10 12:38:00
4073,1004,331,1530.74,2,2024-10-18 19:04:00
4074,1018,380,1678.54,11,2024-08-29 01:53:00
4075,1037,658,1637.19,44,2024-08-31 04:58:00
4076,1011,359,90.65,36,2024-08-05 14:07:00
4077,1021,283,688.51,17,2024-06-07 02:34:00
4078,1003,138,1920.44,8,2024-11-09 14:16:00
4079,1024,50,1848.72,43,2024-07-15 17:17:00
4080,1001,724,859.85,24,2024-09-02 16:07:00
4081,1032,381,1230.15,34,2024-11-08 05:32:00
4082,1047,312,78.43,12,2024-06-26 00:28:00
4083,1008,350,798.2,22,2024-10-13 02:29:00
4084,1045,685,254.28,15,2024-09-30 11:25:00
4085,1011,270,624.39,5,2024-09-30 07:56:00
4086,1049,872,379.44,11,2024-10-13 14:57:00
4087,1045,48,1375.67,1,2024-08-11 18:09:00
4088,1004,994,1888.18,32,2024-09-05 23:21:00
4089,1018,820,1287.83,45,2024-06-11 19:17:00
4090,1000,466,1815.58,8,2024-11-12 08:01:00
4091,1029,483,581.46,9,2024-06-28 14:16:00
4092,1000,414,167.44,26,2024-07-05 17:47:00
4093,1016,537,72.08,35,2024-08-13 07:25:00
4094,1047,212,1583.62,11,2024-09-04 23:41:00
4095,1009,835,1154.5,40,2024-09-05 06:14:00
4096,1039,662,1268.37,9,2024-11-10 16:24:00
4097,1025,410,1160.91,26,2024-11-05 20:28:00
4098,1027,87,1931.58,42,2024-07-03 23:04:00
4099,1038,474,474.87,26,2024-10-03 04:07:00
4100,1031,353,1919.33,39,2024-10-15 08:59:00
4101,1049,298,559.12,27,2024-08-15 21:06:00
4102,1030,534,869.76,25,2024-09-25 23:25:00
4103,1035,371,1080.74,13,2024-06-30 20:31:00
4104,1018,839,505.35,22,2024-08-05 12:27:00
4105,1010,492,1239.97,27,2024-10-28 23:32:00
4106,1045,160,1671.89,38,2024-08-21 04:01:00
4107,1037,299,1517.42,12,2024-07-17 09:27:00
4108,1049,707,575.0,29,2024-11-02 21:24:00
4109,1004,317,1024.53,26,2024-10-26 09:45:00
4110,1041,823,878.17,48,2024-11-16 11:18:00
4111,1031,665,1636.43,49,2024-08-11 03:36:00
4112,1004,688,1178.63,28,2024-08-01 14:10:00
4113,1007,383,1201.67,14,2024-07-09 05:38:00
4114,1031,895,1658.87,7,2024-09-15 14:26:00
4115,1049,673,1813.49,12,2024-10-20 00:09:00
4116,1033,432,1921.33,4,2024-10-09 16:14:00
4117,1025,151,1207.42,37,2024-10-16 01:38:00
4118,1043,651,509.49,47,2024-08-29 06:20:00
4119,1042,428,1434.54,19,2024-07-14 03:43:00
4120,1042,715,264.3,40,2024-11-16 04:28:00
4121,1006,593,1126.26,33,2024-08-25 23:02:00
4122,1023,809,878.03,25,2024-11-05 05:21:00
4123,1045,495,1865.71,24,2024-06-24 23:33:00
4124,1011,640,1664.4,3,2024-06-02 17:35:00
4125,1000,479,1666.44,33,2024-08-10 01:47:00
4126,1025,153,407.02,31,2024-06-03 10:57:00
4127,1014,138,316.11,15,2024-11-14 06:30:00
4128,1048,991,1856.11,40,2024-08-21 19:15:00
4129,1024,201,1018.55,19,2024-06-22 05:00:00
4130,1033,47,1776.39,43,2024-08-28 14:09:00
4131,1010,268,98.92,13,2024-09-22 02:06:00
4132,1031,566,838.03,31,2024-06-09 07:20:00
4133,1034,927,991.5,5,2024-07-18 15:49:00
4134,1040,441,1038.8,4,2024-08-22 23:47:00
4135,1013,336,1160.32,33,2024-08-13 09:03:00
4136,1032,498,1290.22,34,2024-08-24 21:46:00
4137,1019,164,1528.88,5,2024-06-26 14:32:00
4138,1028,132,1981.73,32,2024-07-22 17:05:00
4139,1042,733,1054.41,7,2024-10-12 20:45:00
4140,1048,857,507.01,34,2024-08-13 06:27:00
4141,1026,769,1055.98,45,2024-11-05 17:34:00
4142,1019,407,392.19,18,2024-08-15 10:15:00
4143,1023,31,1283.71,5,2024-09-13 04:09:00
4144,1014,163,946.59,21,2024-10-10 04:25:00
4145,1046,106,658.75,23,2024-06-11 11:02:00
4146,1021,114,291.86,39,2024-06-14 14:54:00
4147,1014,460,190.4,43,2024-09-10 18:55:00
4148,1046,967,833.15,25,2024-10-17 18:55:00
4149,1019,450,575.03,14,2024-09-24 06:47:00
4150,1008,443,235.36,29,2024-07-09 03:32:00
4151,1041,539,188.33,45,2024-08-09 23:08:00
4152,1048,855,1142.48,14,2024-09-12 14:52:00
4153,1016,477,733.7,15,2024-09-04 08:43:00
4154,1047,314,1015.07,44,2024-08-09 15:57:00
4155,1003,163,1708.34,24,2024-10-10 22:04:00
4156,1039,931,228.94,15,2024-07-23 08:31:00
4157,1008,605,913.57,16,2024-06-25 18:33:00
4158,1036,585,1881.37,41,2024-06-08 05:48:00
4159,1033,924,1362.56,3,2024-09-15 18:52:00
4160,1033,940,1915.76,6,2024-06-20 18:43:00
4161,1044,440,1029.63,39,2024-06-02 15:22:00
4162,1023,650,413.65,48,2024-07-24 06:11:00
4163,1045,846,1791.33,4,2024-11-05 03:37:00
4164,1001,396,69.78,13,2024-07-14 07:48:00
4165,1024,625,1170.04,20,2024-08-10 14:59:00
4166,1042,824,432.0,1,2024-07-03 08:06:00
4167,1015,20,1090.38,30,2024-11-18 16:33:00
4168,1030,656,487.55,28,2024-08-26 01:00:00
4169,1001,427,1552.55,5,2024-08-25 10:18:00
4170,1038,255,279.95,17,2024-11-18 14:50:00
4171,1047,400,631.82,41,2024-09-19 18:00:00
4172,1039,306,697.83,8,2024-11-09 09:39:00
4173,1030,50,1800.08,28,2024-06-11 12:30:00
4174,1033,675,1758.09,30,2024-06-11 19:33:00
4175,1020,537,1926.03,45,2024-08-19 15:38:00
4176,1010,331,1476.5,20,2024-10-31 10:51:00
4177,1000,720,968.44,33,2024-11-04 20:28:00
4178,1032,205,1641.18,5,2024-06-15 19:57:00
4179,1047,714,1788.68,45,2024-09-07 16:21:00
4180,1041,723,341.51,35,2024-11-02 17:48:00
4181,1012,950,1791.12,26,2024-10-01 17:49:00
4182,1034,672,1427.63,10,2024-09-19 12:07:00
4183,1001,464,386.05,15,2024-11-15 11:44:00
4184,1016,497,1583.19,25,2024-06-08 11:14:00
4185,1027,523,909.39,40,2024-08-14 14:11:00
4186,1028,984,153.49,23,2024-09-01 22:00:00
4187,1044,823,186.19,13,2024-08-12 18:38:00
4188,1010,855,682.37,8,2024-08-29 03:49:00
4189,1025,930,1650.27,41,2024-06-01 14:17:00
4190,1034,361,1350.0,48,2024-07-31 14:06:00
4191,1046,818,464.44,22,2024-09-16 05:23:00
4192,1014,690,1627.54,26,2024-10-16 00:24:00
4193,1044,435,1835.93,46,2024-09-10 18:45:00
4194,1013,118,124.91,3,2024-10-30 21:34:00
4195,1026,604,1958.92,25,2024-08-07 07:19:00
4196,1013,354,1964.51,14,2024-08-22 21:07:00
4197,1014,757,949.96,9,2024-07-30 07:48:00
4198,1036,707,1421.46,42,2024-09-05 06:53:00
4199,1000,79,960.33,27,2024-06-15 09:10:00
4200,1011,432,1641.34,2,2024-11-06 14:18:00
4201,1013,670,1522.99,24,2024-06-21 15:36:00
4202,1000,742,1999.56,1,2024-11-24 07:46:00
4203,1023,465,500.22,41,2024-11-03 03:26:00
4204,1007,901,359.67,39,2024-07-14 22:19:00
4205,1017,478,459.46,27,2024-10-05 22:48:00
4206,1015,898,926.09,36,2024-06-22 19:23:00
4207,1024,941,1113.1,1,2024-08-05 22:24:00
4208,1005,196,243.42,44,2024-06-05 10:12:00
4209,1038,266,371.52,2,2024-08-03 20:08:00
4210,1013,116,646.45,11,2024-10-22 08:14:00
4211,1033,681,1073.22,33,2024-08-02 18:56:00
4212,1038,91,1501.37,22,2024-07-26 00:00:00
4213,1027,229,1739.53,25,2024-07-12 07:10:00
4214,1032,87,1235.06,30,2024-06-17 11:43:00
4215,1046,380,1919.85,50,2024-07-23 00:27:00
4216,1040,7,1206.1,24,2024-10-28 12:42:00
4217,1042,858,788.88,45,2024-06-09 22:41:00
4218,1025,61,935.48,47,2024-10-28 02:52:00
4219,1025,713,1573.86,43,2024-07-27 14:47:00
4220,1013,446,1385.57,29,2024-08-18 09:09:00
4221,1007,129,392.31,42,2024-09-29 17:30:00
4222,1035,950,766.56,38,2024-11-03 01:24:00
4223,1026,163,1610.23,13,2024-10-21 05:26:00
4224,1037,851,1592.44,47,2024-11-26 11:37:00
4225,1018,214,269.88,10,2024-08-29 08:30:00
4226,1005,384,190.38,6,2024-09-11 18:01:00
4227,1041,731,1490.28,17,2024-11-22 11:04:00
4228,1006,821,1967.2,26,2024-09-21 18:49:00
4229,1022,147,1502.1,31,2024-09-24 08:05:00
4230,1027,700,1449.75,9,2024-09-05 05:37:00
4231,1005,290,694.94,34,2024-07-08 22:48:00
4232,1022,247,1667.01,3,2024-09-27 19:04:00
4233,1024,479,1498.07,16,2024-06-16 10:59:00
4234,1011,3,590.27,11,2024-10-19 09:33:00
4235,1049,266,604.68,34,2024-06-10 23:59:00
4236,1036,984,728.98,36,2024-10-09 17:09:00
4237,1028,396,792.17,30,2024-08-09 11:40:00
4238,1008,522,420.92,23,2024-06-25 03:51:00
4239,1002,823,377.25,10,2024-07-30 13:24:00
4240,1046,137,690.67,20,2024-11-03 05:39:00
4241,1004,907,1071.06,41,2024-08-18 23:52:00
4242,1008,111,1688.45,40,2024-10-28 06:09:00
4243,1021,749,1299.41,10,2024-09-29 19:22:00
4244,1049,747,85.71,41,2024-08-16 00:01:00
4245,1015,895,443.61,43,2024-08-10 13:50:00
4246,1030,346,1114.82,9,2024-09-10 22:43:00
4247,1021,399,1993.15,43,2024-07-12 23:05:00
4248,1026,268,590.81,40,2024-09-18 01:25:00
4249,1010,256,652.73,24,2024-10-20 01:55:00
4250,1001,902,1371.65,22,2024-08-21 13:05:00
4251,1032,743,218.65,26,2024-07-24 05:47:00
4252,1001,241,358.27,10,2024-07-31 21:14:00
4253,1046,981,1314.36,39,2024-10-09 06:07:00
4254,1016,819,311.24,37,2024-11-27 15:12:00
4255,1036,226,487.75,11,2024-07-20 02:50:00
4256,1020,970,357.93,28,2024-10-24 07:06:00
4257,1047,44,1776.51,38,2024-06-30 02:10:00
4258,1033,553,510.66,37,2024-07-30 07:59:00
4259,1030,949,899.05,50,2024-10-25 22:20:00
4260,1006,519,235.75,14,2024-06-27 22:00:00
4261,1027,556,431.56,16,2024-11-26 11:11:00
4262,1023,569,809.63,32,2024-08-15 01:45:00
4263,1015,52,926.34,6,2024-09-14 12:59:00
4264,1040,302,531.16,50,2024-06-08 23:33:00
4265,1002,436,468.8,2,2024-07-06 22:11:00
4266,1027,44,1869.78,9,2024-06-14 20:09:00
4267,1013,768,113.88,11,2024-06-05 21:54:00
4268,1037,964,1635.23,50,2024-08-01 18:15:00
4269,1014,743,886.45,8,2024-11-27 08:33:00
4270,1008,84,65514.97,16,2024-06-22 06:02:00
4271,1032,125,1782.8,43,2024-07-16 11:07:00
4272,1042,614,789.38,29,2024-08-23 22:43:00
4273,1018,871,1826.83,14,2024-10-23 20:52:00
4274,1016,441,385.89,6,2024-10-29 22:08:00
4275,1012,408,1040.61,15,2024-09-17 17:42:00
4276,1041,293,127.78,40,2024-11-09 19:29:00
4277,1002,41,133.83,19,2024-07-07 09:08:00
4278,1042,58,404.53,46,2024-06-13 00:20:00
4279,1042,563,885.46,21,2024-06-26 03:34:00
4280,1001,369,761.14,31,2024-09-24 10:12:00
4281,1027,452,103.52,3,2024-06-01 17:42:00
4282,1042,82,1699.46,31,2024-06-23 01:36:00
4283,1015,753,1392.59,15,2024-11-25 08:34:00
4284,1017,358,833.9,19,2024-09-05 05:29:00
4285,1005,382,1387.43,7,2024-09-02 14:08:00
4286,1042,435,812.78,28,2024-09-24 18:05:00
4287,1002,699,1955.97,23,2024-11-12 16:33:00
4288,1028,885,1824.27,37,2024-08-27 19:20:00
4289,1001,699,1712.22,37,2024-09-05 21:33:00
4290,1042,977,379.48,9,2024-09-20 09:53:00
4291,1006,151,429.93,43,2024-07-04 16:44:00
4292,1015,986,48945.03,13,2024-09-25 09:20:00
4293,1022,855,1171.4,10,2024-10-26 07:46:00
4294,1000,282,178.68,35,2024-09-25 22:17:00
4295,1022,546,1854.64,1,2024-11-08 01:08:00
4296,1023,279,958.53,10,2024-09-08 03:51:00
4297,1003,851,647.43,30,2024-09-13 04:24:00
4298,1013,63,395.85,40,2024-07-30 08:38:00
4299,1040,818,172.23,17,2024-06-07 05:42:00
4300,1031,341,851.3,3,2024-07-13 06:49:00
4301,1013,116,657.87,40,2024-11-05 21:59:00
4302,1048,968,1576.16,26,2024-07-04 13:40:00
4303,1033,364,1205.03,38,2024-07-27 04:19:00
4304,1046,17,76.84,7,2024-07-07 15:43:00
4305,1012,22,1078.91,47,2024-09-12 18:07:00
4306,1039,541,1417.36,27,2024-11-14 17:09:00
4307,1003,547,476.92,34,2024-06-21 16:25:00
4308,1026,676,537.33,29,2024-10-19 03:48:00
4309,1038,37,114.7,42,2024-10-21 21:59:00
4310,1003,215,1427.2,8,2024-07-31 09:36:00
4311,1011,917,1728.66,22,2024-09-09 18:46:00
4312,1048,947,1240.8,43,2024-07-27 20:03:00
4313,1048,37,1722.92,3,2024-06-11 06:59:00
4314,1010,73,371.06,42,2024-08-19 09:19:00
4315,1043,351,1743.15,12,2024-06-27 22:32:00
4316,1002,733,1727.36,10,2024-06-10 05:41:00
4317,1011,269,890.19,35,2024-06-05 21:10:00
4318,1031,214,324.33,1,2024-07-07 05:30:00
4319,1019,213,1833.97,43,2024-07-09 13:12:00
4320,1002,14,997.11,24,2024-07-02 15:09:00
4321,1001,518,791.6,17,2024-10-08 08:35:00
4322,1004,571,1737.93,36,2024-10-11 14:04:00
4323,1021,600,1299.82,35,2024-09-08 12:50:00
4324,1035,380,524.66,5,2024-06-25 07:43:00
4325,1018,402,642.19,23,2024-10-25 07:55:00
4326,1018,298,510.07,28,2024-11-24 08:28:00
4327,1047,845,1146.88,14,2024-10-18 07:31:00
4328,1012,31,420.7,50,2024-07-12 23:27:00
4329,1034,902,1810.58,8,2024-11-04 01:38:00
4330,1008,942,912.71,29,2024-07-13 12:53:00
4331,1030,541,718.43,23,2024-11-27 06:21:00
4332,1003,521,650.02,9,2024-07-10 06:45:00
4333,1020,829,326.47,8,2024-08-02 13:06:00
4334,1015,448,1899.31,27,2024-06-29 18:45:00
4335,1032,797,1827.95,31,2024-11-23 09:42:00
4336,1034,831,1305.34,32,2024-08-26 23:52:00
4337,1042,815,1652.42,40,2024-09-13 14:37:00
4338,1005,767,716.42,45,2024-10-08 01:37:00
4339,1038,90,1241.13,12,2024-07-09 09:24:00
4340,1044,517,1065.53,16,2024-06-27 04:14:00
4341,1040,674,1999.84,5,2024-06-15 18:46:00
4342,1026,709,376.32,9,2024-06-10 10:21:00
4343,1007,120,1859.0,21,2024-11-17 16:55:00
4344,1044,535,1128.81,43,2024-11-14 12:58:00
4345,1008,614,336.19,25,2024-08-10 00:20:00
4346,1009,300,1118.91,32,2024-11-03 15:34:00
4347,1005,792,1473.04,23,2024-10-17 02:42:00
4348,1003,872,624.74,38,2024-06-18 17:31:00
4349,1047,590,964.45,18,2024-07-12 18:46:00
4350,1020,593,1934.66,4,2024-07-17 17:46:00
4351,1023,199,898.78,31,2024-06-28 11:27:00
4352,1016,999,745.07,12,2024-11-17 01:33:00
4353,1021,388,355.17,16,2024-07-28 18:40:00
4354,1037,250,625.56,24,2024-09-21 18:01:00
4355,1038,380,53.64,21,2024-11-01 18:20:00
4356,1009,741,677.05,9,2024-11-11 10:03:00
4357,1033,250,257.28,27,2024-09-15 11:47:00
4358,1011,149,1542.09,2,2024-07-14 04:00:00
4359,1027,8,1587.06,33,2024-08-13 22:04:00
4360,1000,591,1395.95,12,2024-10-07 20:15:00
4361,1015,606,1427.09,31,2024-08-28 20:35:00
4362,1015,248,1083.18,10,2024-07-18 14:08:00
4363,1026,235,1183.27,22,2024-06-17 23:36:00
4364,1027,400,485.74,8,2024-06-21 05:49:00
4365,1044,724,1901.84,48,2024-11-27 18:47:00
4366,1002,886,1566.43,3,2024-11-06 12:27:00
4367,1036,44,731.52,36,2024-10-09 11:28:00
4368,1008,265,692.04,18,2024-11-27 21:15:00
4369,1027,42,756.43,24,2024-09-20 18:12:00
4370,1017,120,344.0,31,2024-09-01 15:00:00
4371,1013,26,1304.17,16,2024-08-05 20:22:00
4372,1005,274,1760.18,7,2024-08-09 10:07:00
4373,1022,779,1067.35,49,2024-06-28 01:46:00
4374,1022,914,1193.51,17,2024-07-12 19:58:00
4375,1029,600,192.79,32,2024-10-29 18:32:00
4376,1020,224,1369.29,22,2024-08-31 13:56:00
4377,1010,135,1272.33,43,2024-08-12 02:40:00
4378,1036,314,203.11,16,2024-09-12 08:27:00
4379,1020,51,1898.11,38,2024-08-18 13:42:00
4380,1006,602,999.1,33,2024-10-16 08:15:00
4381,1002,760,1843.6,50,2024-09-08 10:26:00
4382,1042,791,241.41,10,2024-10-26 04:37:00
4383,1003,963,395.59,14,2024-11-28 01:59:00
4384,1033,297,640.25,40,2024-07-13 20:34:00
4385,1039,133,1782.29,33,2024-11-17 02:35:00
4386,1018,676,1112.27,32,2024-08-06 23:15:00
4387,1042,716,1311.77,36,2024-11-27 12:21:00
4388,1013,160,1733.98,15,2024-09-19 16:14:00
4389,1000,336,74.76,30,2024-11-03 10:29:00
4390,1005,19,470.17,29,2024-07-06 15:55:00
4391,1012,920,429.82,50,2024-09-27 11:12:00
4392,1015,226,1140.18,4,2024-10-10 07:45:00
4393,1018,886,1899.79,14,2024-08-27 16:25:00
4394,1010,770,1135.27,12,2024-10-11 00:53:00
4395,1042,327,916.67,10,2024-07-13 15:40:00
4396,1039,769,595.02,43,2024-06-12 23:29:00
4397,1028,984,816.08,23,2024-10-17 23:12:00
4398,1047,397,1458.09,7,2024-08-19 19:56:00
4399,1010,931,480.05,18,2024-07-06 13:55:00
4400,1006,838,837.94,18,2024-07-13 02:49:00
4401,1020,285,102.97,21,2024-06-27 12:43:00
4402,1036,413,1842.03,9,2024-07-01 17:59:00
4403,1001,798,813.79,14,2024-06-15 20:38:00
4404,1046,44,1096.84,17,2024-08-12 23:04:00
4405,1046,261,278.21,32,2024-10-25 16:37:00
4406,1040,193,1517.38,44,2024-08-24 02:08:00
4407,1006,288,1816.4,32,2024-11-25 06:40:00
4408,1014,73,1829.35,34,2024-11-19 08:17:00
4409,1025,474,1915.74,19,2024-06-29 07:08:00
4410,1029,663,663.68,28,2024-07-23 00:25:00
4411,1002,245,1378.63,4,2024-10-23 21:39:00
4412,1006,927,86.69,18,2024-10-22 00:11:00
4413,1031,555,841.28,44,2024-11-11 22:01:00
4414,1008,25,1240.71,37,2024-06-05 17:56:00
4415,1006,623,761.16,4,2024-07-28 12:34:00
4416,1009,257,1021.16,32,2024-11-23 10:20:00
4417,1049,963,1595.1,36,2024-11-21 10:25:00
4418,1038,742,1063.13,7,2024-10-18 11:25:00
4419,1045,835,940.25,2,2024-08-24 16:00:00
4420,1006,392,1017.8,25,2024-06-02 01:37:00
4421,1040,735,1938.64,48,2024-07-29 10:03:00
4422,1039,264,1764.11,30,2024-10-03 22:12:00
4423,1011,392,439.65,39,2024-06-23 20:32:00
4424,1026,684,458.59,45,2024-09-03 05:22:00
4425,1031,450,854.4,50,2024-06-01 21:07:00
4426,1048,796,98.22,20,2024-10-22 11:56:00
4427,1010,569,1861.81,20,2024-08-04 13:32:00
4428,1000,978,211.79,5,2024-08-20 05:35:00
4429,1049,168,1879.15,16,2024-07-09 03:53:00
4430,1015,241,1887.04,28,2024-08-18 17:45:00
4431,1023,188,881.93,31,2024-07-23 15:18:00
4432,1024,90,922.96,35,2024-10-03 18:34:00
4433,1040,829,257.84,39,2024-10-21 15:32:00
4434,1041,360,1297.76,5,2024-06-04 17:43:00
4435,1040,77,1367.11,3,2024-08-21 20:34:00
4436,1028,528,1894.92,44,2024-10-09 13:31:00
4437,1042,855,788.76,3,2024-07-16 18:48:00
4438,1035,581,388.0,32,2024-09-29 20:33:00
4439,1047,210,1496.17,20,2024-07-13 16:27:00
4440,1030,659,605.84,17,2024-11-27 19:51:00
4441,1005,78,1320.44,16,2024-07-16 10:43:00
4442,1001,300,1121.91,25,2024-07-27 11:19:00
4443,1018,66,1261.69,8,2024-09-14 08:50:00
4444,1040,81,1446.76,39,2024-07-31 08:40:00
4445,1009,35,478.52,29,2024-06-05 05:08:00
4446,1035,231,1412.85,45,2024-08-07 21:18:00
4447,1009,755,1663.5,21,2024-07-26 22:32:00
4448,1045,25,1294.04,29,2024-11-28 06:43:00
4449,1013,425,79.57,10,2024-10-13 04:54:00
4450,1048,7,1811.38,20,2024-11-06 16:53:00
4451,1023,170,226.38,35,2024-11-12 06:34:00
4452,1004,790,1912.66,39,2024-10-19 23:19:00
4453,1007,165,1978.55,36,2024-09-05 05:39:00
4454,1018,835,833.98,17,2024-06-16 04:26:00
4455,1028,765,1148.37,29,2024-11-28 00:49:00
4456,1029,371,782.9,45,2024-08-08 10:02:00
4457,1007,143,379.11,9,2024-10-01 15:31:00
4458,1035,731,968.3,9,2024-11-17 14:34:00
4459,1035,544,1823.83,17,2024-06-25 11:37:00
4460,1025,468,236.98,13,2024-06-07 11:30:00
4461,1003,972,545.36,28,2024-06-13 07:49:00
4462,1031,560,1365.24,34,2024-08-14 22:11:00
4463,1027,549,368.32,20,2024-10-30 03:07:00
4464,1045,23,146.95,45,2024-08-02 19:32:00
4465,1007,859,113.52,12,2024-09-10 23:41:00
4466,1005,647,868.17,46,2024-10-12 01:35:00
4467,1046,147,1321.75,21,2024-08-03 16:33:00
4468,1014,851,489.61,2,2024-07-05 16:41:00
4469,1034,982,225.44,38,2024-07-29 04:29:00
4470,1035,480,677.59,29,2024-11-25 01:58:00
4471,1006,803,61.46,26,2024-06-14 05:25:00
4472,1044,255,320.55,20,2024-08-01 21:13:00
4473,1032,24,1027.1,45,2024-11-17 20:30:00
4474,1008,462,1873.68,22,2024-08-10 22:23:00
4475,1043,435,1301.37,42,2024-10-26 18:29:00
4476,1024,363,395.52,46,2024-07-17 09:59:00
4477,1030,334,679.46,45,2024-06-24 12:33:00
4478,1003,484,713.95,31,2024-11-22 20:50:00
4479,1034,326,857.27,12,2024-07-31 17:02:00
4480,1038,385,405.91,14,2024-10-21 18:45:00
4481,1035,732,230.38,8,2024-06-08 00:53:00
4482,1005,225,1821.84,41,2024-08-04 11:44:00
4483,1035,762,736.66,33,2024-11-27 23:32:00
4484,1032,34,1018.2,40,2024-11-16 17:45:00
4485,1004,359,655.5,40,2024-08-22 14:19:00
4486,1041,342,1055.78,47,2024-07-03 05:06:00
4487,1022,870,1922.17,27,2024-09-18 15:04:00
4488,1040,57,1856.83,48,2024-11-14 03:14:00
4489,1015,838,1613.7,23,2024-11-01 15:13:00
4490,1019,577,384.93,2,2024-11-21 07:05:00
4491,1042,163,379.48,9,2024-06-01 14:35:00
4492,1021,39,992.37,36,2024-11-16 10:42:00
4493,1033,138,1072.34,20,2024-09-08 00:20:00
4494,1016,961,1673.6,46,2024-06-16 19:34:00
4495,1026,485,529.91,30,2024-10-22 09:54:00
4496,1003,628,764.84,11,2024-07-16 23:12:00
4497,1027,901,1219.51,27,2024-07-03 06:44:00
4498,1005,815,1421.92,32,2024-06-20 09:04:00
4499,1018,468,444.85,21,2024-07-30 15:10:00
4500,1015,438,1203.43,20,2024-11-19 20:46:00
4501,1003,451,1237.94,6,2024-08-13 22:51:00
4502,1001,899,71.65,2,2024-08-21 12:32:00
4503,1022,523,1502.57,18,2024-10-30 15:58:00
4504,1034,77,683.08,29,2024-07-30 00:42:00
4505,1015,35,1085.09,4,2024-06-09 19:42:00
4506,1027,839,1859.81,48,2024-11-10 03:57:00
4507,1021,237,688.87,10,2024-06-08 17:56:00
4508,1035,959,1087.32,17,2024-07-13 13:17:00
4509,1011,695,231.95,5,2024-09-22 14:45:00
4510,1001,598,410.72,43,2024-10-06 01:28:00
4511,1023,494,1363.57,32,2024-10-30 02:56:00
4512,1027,721,1217.21,7,2024-10-15 19:43:00
4513,1000,307,824.08,50,2024-10-24 16:02:00
4514,1031,253,1236.56,13,2024-11-17 21:08:00
4515,1019,696,663.21,33,2024-07-10 22:00:00
4516,1029,675,1962.66,15,2024-10-04 03:28:00
4517,1002,226,158.16,38,2024-10-13 11:49:00
4518,1025,940,310.3,39,2024-08-12 09:56:00
4519,1034,956,572.92,8,2024-08-01 13:41:00
4520,1026,28,1751.93,17,2024-10-28 12:15:00
4521,1012,760,768.82,12,2024-08-24 03:02:00
4522,1038,623,1350.43,5,2024-10-02 07:25:00
4523,1021,79,1173.21,14,2024-09-04 04:52:00
4524,1048,974,31870.05,42,2024-07-11 18:38:00
4525,1009,181,1065.09,21,2024-10-05 16:52:00
4526,1047,356,245.96,34,2024-06-12 11:10:00
4527,1048,224,1189.07,6,2024-09-17 00:47:00
4528,1006,698,509.65,16,2024-10-01 17:20:00
4529,1044,696,494.16,38,2024-11-05 23:48:00
4530,1022,267,808.52,32,2024-11-07 15:33:00
4531,1008,677,917.91,7,2024-08-30 13:06:00
4532,1014,53,1481.72,50,2024-11-04 15:32:00
4533,1048,3,88.16,39,2024-10-02 20:02:00
4534,1005,558,1660.26,22,2024-06-09 20:27:00
4535,1035,814,1602.33,19,2024-10-17 17:51:00
4536,1020,423,1750.47,49,2024-10-28 22:27:00
4537,1018,912,1802.69,44,2024-08-12 05:54:00
4538,1036,143,944.56,39,2024-09-24 17:45:00
4539,1044,127,1825.84,21,2024-09-07 01:00:00
4540,1034,107,449.74,23,2024-10-10 20:46:00
4541,1010,497,1637.22,33,2024-06-12 21:38:00
4542,1000,979,1085.65,46,2024-11-26 17:35:00
4543,1025,672,1851.31,38,2024-11-02 01:34:00
4544,1013,37,195.92,10,2024-06-04 07:18:00
4545,1015,438,1332.06,37,2024-11-14 23:24:00
4546,1010,675,1989.76,39,2024-07-26 16:27:00
4547,1045,77,1507.95,2,2024-07-25 16:37:00
4548,1041,683,656.64,43,2024-06-20 02:14:00
4549,1046,559,1333.16,46,2024-08-10 04:53:00
4550,1047,524,367.87,28,2024-07-09 06:16:00
4551,1037,774,477.7,4,2024-11-08 04:05:00
4552,1031,720,1008.48,24,2024-07-27 11:37:00
4553,1042,559,129.89,11,2024-06-26 06:11:00
4554,1007,663,859.18,7,2024-06-11 09:54:00
4555,1041,376,777.53,48,2024-08-04 17:04:00
4556,1013,689,120.08,6,2024-08-15 21:36:00
4557,1016,4,349.05,15,2024-09-08 15:57:00
4558,1033,538,1228.78,25,2024-06-16 04:22:00
4559,1004,338,1541.53,20,2024-11-03 21:06:00
4560,1005,981,2044.01,46,2024-09-02 07:04:00
4561,1046,882,954.81,16,2024-06-20 15:22:00
4562,1011,735,216.39,44,2024-06-28 11:25:00
4563,1007,620,1733.36,49,2024-08-18 17:50:00
4564,1043,668,1536.95,8,2024-09-23 18:49:00
4565,1045,862,1795.58,12,2024-09-04 01:29:00
4566,1043,122,721.34,15,2024-11-06 15:37:00
4567,1000,820,1887.73,4,2024-08-21 07:56:00
4568,1000,103,1293.71,2,2024-08-03 06:36:00
4569,1045,409,74.12,10,2024-11-03 05:30:00
4570,1004,1,977.81,46,2024-08-14 01:38:00
4571,1026,726,372.37,33,2024-07-20 13:57:00
4572,1027,414,1132.97,27,2024-08-13 08:23:00
4573,1044,219,1948.91,18,2024-06-03 09:16:00
4574,1019,566,1872.15,7,2024-08-29 17:27:00
4575,1005,376,1677.07,25,2024-06-27 08:50:00
4576,1022,421,62.68,8,2024-07-16 23:52:00
4577,1006,490,1983.1,6,2024-08-15 00:08:00
4578,1041,990,1773.4,41,2024-07-31 03:38:00
4579,1003,835,868.0,23,2024-09-30 13:05:00
4580,1010,965,1300.87,10,2024-08-25 23:02:00
4581,1025,765,994.52,8,2024-11-04 21:44:00
4582,1014,584,401.85,11,2024-09-23 04:37:00
4583,1019,305,945.9,15,2024-08-11 13:14:00
4584,1023,3,788.82,24,2024-06-29 12:59:00
4585,1016,37,890.82,21,2024-09-30 04:53:00
4586,1009,630,1172.98,29,2024-08-18 07:20:00
4587,1019,366,1511.07,45,2024-10-16 22:57:00
4588,1004,298,583.76,30,2024-10-02 05:44:00
4589,1032,683,1793.82,21,2024-08-04 22:43:00
4590,1028,556,216.66,35,2024-06-03 20:18:00
4591,1007,66,1421.65,23,2024-08-11 11:26:00
4592,1034,116,1806.32,14,2024-06-12 23:19:00
4593,1021,54,1731.52,5,2024-11-22 22:48:00
4594,1003,750,585.65,39,2024-07-13 02:19:00
4595,1030,181,517.48,14,2024-10-21 05:09:00
4596,1039,790,671.44,47,2024-06-23 15:19:00
4597,1031,313,1359.87,35,2024-11-26 04:55:00
4598,1025,248,1841.67,1,2024-06-17 18:06:00
4599,1012,566,1150.8,12,2024-09-24 01:26:00
4600,1001,335,386.49,26,2024-07-20 19:25:00
4601,1043,107,1774.47,11,2024-09-16 03:39:00
4602,1000,333,1245.65,45,2024-10-15 21:45:00
4603,1043,13,53.91,10,2024-09-07 21:54:00
4604,1006,618,1023.66,26,2024-08-31 15:39:00
4605,1026,84,1583.72,30,2024-10-29 23:16:00
4606,1036,464,710.73,21,2024-09-02 15:03:00
4607,1015,133,839.49,15,2024-07-16 13:18:00
4608,1000,279,942.25,42,2024-10-25 01:19:00
4609,1042,636,1235.32,39,2024-06-13 04:14:00
4610,1010,331,999.51,6,2024-09-19 13:07:00
4611,1017,570,1582.04,42,2024-08-23 12:36:00
4612,1006,780,1004.7,3,2024-07-18 12:55:00
4613,1022,628,1178.83,46,2024-10-12 16:39:00
4614,1009,712,1472.66,7,2024-11-10 15:02:00
4615,1049,14,1066.51,6,2024-07-30 01:49:00
4616,1027,230,1166.5,48,2024-11-16 02:33:00
4617,1033,40,866.67,41,2024-10-28 12:46:00
4618,1028,228,1533.42,29,2024-09-25 20:04:00
4619,1049,621,879.68,40,2024-10-23 01:37:00
4620,1026,497,556.67,36,2024-11-04 18:32:00
4621,1036,610,518.03,8,2024-07-25 09:24:00
4622,1043,909,1319.41,30,2024-06-19 00:31:00
4623,1016,970,1309.32,12,2024-06-11 08:36:00
4624,1004,85,71.07,16,2024-09-23 23:36:00
4625,1035,703,554.7,1,2024-10-28 01:57:00
4626,1047,31,1089.7,4,2024-08-22 22:16:00
4627,1025,144,824.06,43,2024-06-27 16:49:00
4628,1040,229,700.11,34,2024-08-02 10:10:00
4629,1004,403,240.82,46,2024-10-16 04:12:00
4630,1040,32,317.2,8,2024-07-11 00:39:00
4631,1043,266,1646.34,9,2024-08-04 21:53:00
4632,1021,249,1492.37,25,2024-07-16 13:13:00
4633,1036,292,1040.35,32,2024-10-27 00:52:00
4634,1014,13,112.77,12,2024-06-19 07:39:00
4635,1002,198,1642.0,45,2024-08-01 16:59:00
4636,1020,619,1953.12,20,2024-07-13 22:18:00
4637,1033,662,402.97,37,2024-07-04 04:28:00
4638,1032,23,1676.1,10,2024-06-24 12:33:00
4639,1048,663,1712.92,28,2024-08-21 02:08:00
4640,1037,229,1964.13,50,2024-08-07 17:46:00
4641,1006,426,1181.14,30,2024-07-20 03:40:00
4642,1026,197,1748.02,35,2024-06-04 20:58:00
4643,1003,435,1224.13,40,2024-11-10 19:15:00
4644,1046,653,1577.45,29,2024-09-21 23:00:00
4645,1036,984,1579.39,39,2024-07-11 08:05:00
4646,1033,133,1797.19,48,2024-07-01 19:59:00
4647,1049,338,1940.9,29,2024-08-20 18:18:00
4648,1002,762,577.49,15,2024-06-13 07:14:00
4649,1026,157,553.38,21,2024-08-05 08:17:00
4650,1020,966,805.36,12,2024-08-27 18:59:00
4651,1032,815,799.38,4,2024-10-07 20:49:00
4652,1036,805,1103.49,14,2024-10-05 10:39:00
4653,1037,178,662.27,5,2024-06-09 02:43:00
4654,1045,356,385.64,10,2024-08-14 23:03:00
4655,1039,116,919.13,11,2024-06-10 03:09:00
4656,1020,985,1605.91,41,2024-06-21 18:36:00
4657,1047,462,812.51,16,2024-10-16 05:49:00
4658,1026,689,1906.11,50,2024-11-07 20:03:00
4659,1024,716,766.77,32,2024-11-16 00:16:00
4660,1013,351,1085.41,2,2024-06-02 04:26:00
4661,1008,167,37.24,1,2024-10-01 00:37:00
4662,1045,822,659.78,29,2024-09-18 15:15:00
4663,1035,231,1460.61,4,2024-09-16 07:30:00
4664,1020,997,1721.48,24,2024-06-07 04:35:00
4665,1011,813,1444.81,35,2024-06-10 11:30:00
4666,1018,676,484.46,21,2024-11-23 22:00:00
4667,1036,454,203.07,6,2024-11-02 09:02:00
4668,1007,5,154.03,16,2024-07-27 09:53:00
4669,1028,449,1931.77,30,2024-09-29 23:43:00
4670,1034,667,489.62,10,2024-08-16 23:47:00
4671,1003,818,1109.43,29,2024-10-30 06:49:00
4672,1037,727,308.54,28,2024-07-24 14:06:00
4673,1018,298,1038.41,20,2024-09-08 15:57:00
4674,1004,329,482.46,18,2024-09-09 01:27:00
4675,1038,363,360.75,15,2024-07-13 09:59:00
4676,1031,402,1675.2,12,2024-10-18 08:37:00
4677,1039,718,1496.6,11,2024-06-17 15:26:00
4678,1014,294,361.36,17,2024-08-16 15:01:00
4679,1041,635,1273.25,23,2024-09-15 05:26:00
4680,1004,1,670.17,7,2024-10-19 08:03:00
4681,1002,655,1377.03,23,2024-08-11 08:28:00
4682,1032,152,1297.55,22,2024-08-07 20:42:00
4683,1040,187,1073.08,44,2024-11-06 10:19:00
4684,1034,490,1055.64,47,2024-08-10 20:27:00
4685,1032,515,864.64,48,2024-08-10 09:03:00
4686,1043,109,562.13,26,2024-09-08 07:07:00
4687,1039,319,1306.34,27,2024-11-11 17:55:00
4688,1000,987,1648.34,20,2024-08-09 04:11:00
4689,1020,209,983.91,44,2024-06-27 08:05:00
4690,1038,65,1171.44,10,2024-11-09 08:34:00
4691,1046,821,1569.22,27,2024-10-07 06:12:00
4692,1019,612,1251.37,25,2024-11-17 05:30:00
4693,1029,765,1028.31,24,2024-08-19 08:01:00
4694,1002,444,1268.89,48,2024-10-05 10:56:00
4695,1040,668,1587.3,12,2024-11-14 10:50:00
4696,1012,677,1603.83,8,2024-10-20 09:17:00
4697,1026,659,1563.01,41,2024-11-20 22:43:00
4698,1042,898,1506.68,26,2024-09-14 05:16:00
4699,1015,867,627.65,9,2024-06-28 11:00:00
4700,1020,481,1531.61,12,2024-10-09 17:22:00
4701,1012,776,1899.9,4,2024-08-12 21:51:00
4702,1020,166,370.75,23,2024-06-13 14:48:00
4703,1006,91,1732.8,18,2024-09-07 04:55:00
4704,1006,662,449.51,4,2024-08-21 01:04:00
4705,1030,705,598.29,45,2024-07-26 19:05:00
4706,1018,403,424.99,1,2024-07-14 22:26:00
4707,1029,180,969.82,42,2024-08-16 02:22:00
4708,1002,73,690.71,8,2024-10-08 23:57:00
4709,1000,371,577.62,26,2024-09-13 16:18:00
4710,1007,966,1320.9,48,2024-07-15 20:12:00
4711,1033,893,1108.82,33,2024-08-14 15:58:00
4712,1024,18,1199.81,27,2024-06-28 00:32:00
4713,1014,345,529.72,28,2024-09-15 09:35:00
4714,1008,904,503.47,42,2024-10-03 14:07:00
4715,1044,412,1606.58,4,2024-06-27 06:32:00
4716,1000,748,1150.99,35,2024-08-03 23:36:00
4717,1037,239,576.57,19,2024-10-26 20:51:00
4718,1038,638,784.64,37,2024-07-26 01:11:00
4719,1026,595,783.79,48,2024-10-14 06:30:00
4720,1008,322,777.24,10,2024-09-19 01:39:00
4721,1006,600,1466.46,21,2024-11-16 20:00:00
4722,1000,332,841.06,29,2024-10-06 08:14:00
4723,1000,491,1573.38,34,2024-10-16 20:22:00
4724,1014,184,1767.92,42,2024-07-31 08:41:00
4725,1034,709,298.71,3,2024-06-15 08:56:00
4726,1000,867,1478.72,17,2024-10-13 00:15:00
4727,1009,475,741.46,47,2024-11-01 21:47:00
4728,1000,554,980.84,50,2024-06-05 22:31:00
4729,1020,815,1303.58,4,2024-09-11 10:15:00
4730,1015,200,1024.06,39,2024-10-30 20:01:00
4731,1044,606,1563.0,20,2024-11-23 09:48:00
4732,1006,758,1085.98,40,2024-07-27 04:16:00
4733,1036,20,1599.77,49,2024-09-17 18:50:00
4734,1048,983,1736.62,19,2024-09-13 03:17:00
4735,1038,84,1051.09,13,2024-07-19 03:39:00
4736,1046,282,1608.2,33,2024-11-08 19:56:00
4737,1039,654,218.52,5,2024-07-01 05:40:00
4738,1042,799,677.18,43,2024-06-29 05:36:00
4739,1025,164,1071.61,24,2024-10-29 13:14:00
4740,1048,858,638.15,2,2024-07-06 11:28:00
4741,1021,958,467.34,11,2024-08-06 23:33:00
4742,1025,847,1415.13,1,2024-07-21 09:59:00
4743,1047,371,1852.97,50,2024-09-14 06:42:00
4744,1001,379,98.84,1,2024-11-01 14:20:00
4745,1037,274,1913.02,13,2024-08-09 06:09:00
4746,1031,699,1852.18,19,2024-11-10 06:40:00
4747,1017,989,1003.43,11,2024-10-04 16:04:00
4748,1026,556,627.79,23,2024-07-14 22:39:00
4749,1007,738,285.35,1,2024-10-04 14:48:00
4750,1001,549,443.83,41,2024-08-07 05:20:00
4751,1037,26,1208.27,12,2024-06-22 00:50:00
4752,1018,594,836.09,11,2024-07-25 08:57:00
4753,1035,774,1017.47,23,2024-08-03 08:18:00
4754,1038,395,1047.73,44,2024-09-18 12:06:00
4755,1035,903,1814.61,41,2024-10-20 11:28:00
4756,1018,957,74975.93,39,2024-09-13 08:59:00
4757,1008,968,1929.66,36,2024-06-27 22:44:00
4758,1010,457,112.12,46,2024-09-14 01:50:00
4759,1032,214,1234.36,26,2024-10-28 20:54:00
4760,1041,807,817.69,16,2024-09-26 23:04:00
4761,1049,440,1887.61,23,2024-08-29 06:30:00
4762,1005,197,1385.6,4,2024-09-06 09:56:00
4763,1022,467,1705.94,17,2024-07-31 02:26:00
4764,1045,164,1226.78,33,2024-06-23 21:24:00
4765,1041,182,1164.91,19,2024-07-23 17:26:00
4766,1041,383,708.39,15,2024-07-25 16:31:00
4767,1006,338,1967.39,37,2024-09-12 20:10:00
4768,1032,274,253.61,21,2024-09-28 09:09:00
4769,1009,363,175.71,13,2024-07-02 04:39:00
4770,1009,667,119.66,8,2024-09-25 01:13:00
4771,1002,323,1212.78,35,2024-08-01 01:44:00
4772,1026,634,1727.91,2,2024-10-22 09:30:00
4773,1032,903,593.38,14,2024-11-20 02:54:00
4774,1045,918,686.55,15,2024-11-10 12:13:00
4775,1023,940,1303.7,5,2024-10-25 15:41:00
4776,1001,989,1838.81,19,2024-07-02 10:04:00
4777,1010,689,1382.74,33,2024-11-17 00:19:00
4778,1011,846,847.02,36,2024-08-25 10:59:00
4779,1029,187,73.8,13,2024-08-07 22:51:00
4780,1001,810,451.63,40,2024-08-03 18:37:00
4781,1006,918,1612.56,27,2024-10-01 00:24:00
4782,1040,145,405.74,38,2024-08-23 15:00:00
4783,1046,461,1872.2,30,2024-11-16 17:47:00
4784,1036,460,330.27,32,2024-09-07 02:58:00
4785,1006,453,76.63,37,2024-08-28 18:24:00
4786,1037,641,288.76,25,2024-07-19 14:58:00
4787,1014,287,589.6,6,2024-09-13 19:52:00
4788,1015,705,959.36,35,2024-08-30 04:13:00
4789,1002,357,396.46,19,2024-07-12 23:09:00
4790,1028,860,612.05,9,2024-06-03 19:29:00
4791,1000,995,1779.5,21,2024-08-08 11:53:00
4792,1030,484,1457.19,27,2024-09-22 06:50:00
4793,1009,468,1467.11,30,2024-10-25 19:54:00
4794,1014,757,89.78,12,2024-08-14 00:17:00
4795,1042,945,1741.59,34,2024-06-09 15:45:00
4796,1019,949,414.94,25,2024-10-11 22:54:00
4797,1005,876,802.93,18,2024-10-29 14:51:00
4798,1009,435,1527.93,22,2024-10-31 22:31:00
4799,1029,178,639.46,38,2024-06-10 05:46:00
4800,1017,184,498.17,24,2024-10-06 23:42:00
4801,1015,79,1378.37,34,2024-11-14 17:25:00
4802,1040,867,1535.16,2,2024-09-06 05:49:00
4803,1029,997,1017.36,18,2024-09-30 21:33:00
4804,1003,621,1591.68,39,2024-09-20 03:02:00
4805,1019,422,1560.8,38,2024-11-20 16:18:00
4806,1017,322,913.64,39,2024-06-17 04:49:00
4807,1010,758,1217.07,32,2024-08-23 04:55:00
4808,1025,220,1315.09,8,2024-10-29 22:50:00
4809,1049,468,1538.95,11,2024-07-11 12:52:00
4810,1024,15,1027.64,49,2024-06-05 15:10:00
4811,1038,800,1998.14,50,2024-07-22 08:03:00
4812,1016,709,1381.37,39,2024-09-22 04:29:00
4813,1000,660,164.83,4,2024-08-21 00:11:00
4814,1028,40,1882.88,4,2024-09-01 16:38:00
4815,1043,571,1918.5,5,2024-07-01 07:37:00
4816,1027,414,109.58,23,2024-10-26 14:30:00
4817,1022,132,1670.22,50,2024-07-26 04:58:00
4818,1001,551,1652.76,22,2024-09-14 14:10:00
4819,1014,435,1656.91,7,2024-08-21 13:42:00
4820,1008,515,1178.72,5,2024-08-08 00:27:00
4821,1019,305,1357.18,36,2024-06-09 12:50:00
4822,1017,806,638.93,45,2024-06-29 17:59:00
4823,1048,597,1969.95,8,2024-11-20 07:37:00
4824,1010,752,162.92,34,2024-09-09 09:09:00
4825,1016,221,602.53,20,2024-10-26 02:53:00
4826,1041,338,1879.42,44,2024-10-02 04:49:00
4827,1046,295,886.33,10,2024-07-11 15:43:00
4828,1044,623,1080.53,16,2024-06-07 17:37:00
4829,1041,86,738.63,21,2024-07-09 17:32:00
4830,1007,981,1040.2,47,2024-10-02 12:00:00
4831,1017,53,971.33,38,2024-09-29 00:56:00
4832,1049,223,269.17,2,2024-06-20 12:19:00
4833,1006,648,568.97,16,2024-11-15 05:28:00
4834,1028,99,1682.9,25,2024-11-11 16:20:00
4835,1039,340,1348.28,24,2024-11-05 06:43:00
4836,1023,802,1114.05,19,2024-07-17 14:09:00
4837,1044,464,1107.53,26,2024-11-13 02:24:00
4838,1006,231,1794.21,27,2024-07-31 13:36:00
4839,1039,705,845.81,50,2024-07-31 04:21:00
4840,1029,378,237.82,44,2024-11-06 06:51:00
4841,1002,871,1857.33,23,2024-09-26 08:11:00
4842,1007,642,193.28,27,2024-10-09 21:55:00
4843,1008,837,862.78,4,2024-08-20 02:51:00
4844,1013,138,41.64,1,2024-08-21 09:57:00
4845,1036,533,726.19,32,2024-08-04 17:11:00
4846,1034,767,363.18,48,2024-09-16 03:13:00
4847,1004,683,96.16,34,2024-10-26 00:20:00
4848,1001,484,1516.52,32,2024-06-26 04:16:00
4849,1014,213,1342.86,2,2024-10-10 08:10:00
4850,1011,38,57947.39,8,2024-08-22 02:54:00
4851,1002,414,1963.24,24,2024-09-29 14:30:00
4852,1046,899,1274.76,1,2024-11-06 04:11:00
4853,1041,665,1883.2,29,2024-09-17 23:56:00
4854,1025,776,1357.03,24,2024-07-27 19:45:00
4855,1039,150,1292.63,46,2024-06-06 05:34:00
4856,1032,624,1251.65,18,2024-08-24 21:25:00
4857,1027,932,936.38,42,2024-07-30 15:58:00
4858,1042,537,476.19,22,2024-11-05 10:31:00
4859,1024,161,1323.54,3,2024-06-07 22:53:00
4860,1015,204,1890.53,28,2024-08-18 21:03:00
4861,1016,63,1526.69,10,2024-09-24 14:05:00
4862,1006,94,1327.35,8,2024-07-04 17:01:00
4863,1035,322,1186.27,40,2024-10-23 17:00:00
4864,1039,163,1745.11,40,2024-10-27 13:15:00
4865,1006,675,1246.91,44,2024-07-12 07:40:00
4866,1044,182,1853.04,20,2024-07-23 06:42:00
4867,1009,599,1954.27,8,2024-10-24 04:19:00
4868,1040,98,107.45,45,2024-09-26 18:58:00
4869,1027,765,232.91,44,2024-06-22 04:20:00
4870,1037,105,1219.89,30,2024-10-16 06:54:00
4871,1008,436,449.11,7,2024-06-28 21:41:00
4872,1023,902,1726.71,45,2024-08-12 18:45:00
4873,1027,732,261.2,17,2024-07-19 12:44:00
4874,1040,166,983.18,42,2024-06-01 21:06:00
4875,1018,504,655.16,11,2024-11-20 01:58:00
4876,1030,770,572.12,25,2024-06-11 08:56:00
4877,1027,26,554.81,16,2024-06-09 22:41:00
4878,1043,439,1354.03,39,2024-09-26 19:44:00
4879,1037,168,1486.14,1,2024-10-04 17:26:00
4880,1017,386,1917.51,45,2024-06-19 18:58:00
4881,1009,20,1123.52,40,2024-11-04 15:02:00
4882,1049,417,1866.35,23,2024-06-02 00:36:00
4883,1037,9,1169.64,40,2024-10-04 14:35:00
4884,1049,997,1738.77,23,2024-07-16 08:06:00
4885,1023,414,1131.02,11,2024-10-20 09:09:00
4886,1041,735,1107.11,24,2024-08-14 14:51:00
4887,1036,24,562.38,30,2024-06-08 15:16:00
4888,1023,807,561.3,26,2024-07-16 23:34:00
4889,1007,118,1887.92,37,2024-09-01 14:10:00
4890,1040,616,339.44,48,2024-06-18 18:51:00
4891,1012,761,1458.79,50,2024-07-15 12:58:00
4892,1021,626,641.1,35,2024-10-22 02:02:00
4893,1033,360,1351.51,25,2024-07-31 05:03:00
4894,1022,864,706.51,18,2024-06-18 22:53:00
4895,1026,177,306.14,38,2024-11-04 02:30:00
4896,1013,869,1015.34,27,2024-06-12 08:16:00
4897,1018,854,1604.41,14,2024-08-31 09:23:00
4898,1044,363,1781.61,25,2024-08-05 01:31:00
4899,1045,766,488.96,37,2024-09-01 10:47:00
4900,1027,916,352.46,7,2024-10-15 07:44:00
4901,1030,40,1500.76,28,2024-10-26 01:09:00
4902,1001,308,1057.57,25,2024-08-30 00:35:00
4903,1033,224,1949.77,40,2024-08-09 11:02:00
4904,1040,164,71.98,9,2024-10-15 18:30:00
4905,1010,423,1573.43,9,2024-10-24 23:51:00
4906,1001,231,855.88,28,2024-08-12 22:54:00
4907,1025,179,863.68,18,2024-11-18 21:02:00
4908,1024,883,678.57,34,2024-07-02 12:58:00
4909,1007,530,1219.4,29,2024-10-16 17:44:00
4910,1043,727,697.89,33,2024-09-12 18:25:00
4911,1002,865,1110.42,6,2024-06-02 11:38:00
4912,1018,555,40.97,1,2024-06-24 20:50:00
4913,1025,180,1412.3,4,2024-11-05 06:50:00
4914,1003,378,1487.14,20,2024-06-27 02:30:00
4915,1016,214,1646.56,43,2024-11-16 14:15:00
4916,1048,955,1367.46,23,2024-09-26 19:18:00
4917,1013,806,970.96,14,2024-07-15 05:25:00
4918,1045,871,252.44,47,2024-06-27 11:09:00
4919,1000,312,329.69,1,2024-06-21 06:47:00
4920,1011,296,1109.81,37,2024-07-03 01:59:00
4921,1035,661,290.54,41,2024-10-08 03:34:00
4922,1023,851,1744.95,29,2024-06-23 04:50:00
4923,1011,782,608.98,35,2024-11-23 11:37:00
4924,1024,743,952.39,4,2024-07-06 11:25:00
4925,1005,880,1654.8,47,2024-07-14 03:09:00
4926,1032,367,324.72,20,2024-10-18 23:18:00
4927,1026,672,755.13,9,2024-06-13 03:29:00
4928,1033,153,903.19,25,2024-06-19 23:44:00
4929,1012,676,976.81,29,2024-11-23 18:29:00
4930,1031,86,928.06,15,2024-09-04 15:34:00
4931,1030,714,2477.8,50,2024-11-03 11:05:00
4932,1037,924,1391.39,38,2024-10-20 20:32:00
4933,1023,751,1932.03,31,2024-08-21 22:05:00
4934,1031,834,538.81,17,2024-07-26 19:17:00
4935,1022,818,742.15,46,2024-08-23 11:20:00
4936,1003,470,132.37,44,2024-08-16 15:20:00
4937,1007,583,1345.3,35,2024-10-17 22:00:00
4938,1019,351,520.74,50,2024-07-01 02:40:00
4939,1036,815,1593.64,33,2024-10-21 00:57:00
4940,1032,524,1736.71,13,2024-08-23 18:44:00
4941,1022,846,1076.48,22,2024-11-22 08:48:00
4942,1028,526,672.24,19,2024-06-19 12:12:00
4943,1023,147,1719.04,12,2024-08-11 01:28:00
4944,1027,589,460.23,11,2024-11-04 17:34:00
4945,1003,585,614.84,45,2024-06-27 22:14:00
4946,1018,217,983.29,24,2024-06-26 20:44:00
4947,1022,567,1514.88,11,2024-08-18 15:29:00
4948,1026,75,324.59,19,2024-08-14 12:15:00
4949,1034,292,1252.74,45,2024-06-25 21:15:00
4950,1022,351,424.04,29,2024-08-05 14:42:00
4951,1028,57,1198.12,5,2024-11-10 06:01:00
4952,1006,346,702.3,35,2024-09-03 00:40:00
4953,1014,737,860.87,26,2024-07-10 22:18:00
4954,1019,387,321.65,2,2024-09-03 16:23:00
4955,1023,277,1081.97,19,2024-09-16 17:27:00
4956,1000,854,1901.31,15,2024-06-24 02:34:00
4957,1004,138,712.85,43,2024-10-05 20:26:00
4958,1002,748,1358.81,46,2024-10-25 02:26:00
4959,1031,906,1848.51,17,2024-09-28 14:29:00
4960,1027,796,1642.79,24,2024-10-29 04:58:00
4961,1034,8,1432.51,37,2024-09-06 22:49:00
4962,1014,366,405.16,12,2024-08-09 14:21:00
4963,1014,728,494.24,16,2024-09-15 04:58:00
4964,1007,446,1062.42,39,2024-10-08 10:23:00
4965,1004,165,497.61,2,2024-06-07 09:06:00
4966,1027,48,1465.79,38,2024-08-25 22:13:00
4967,1047,563,995.45,35,2024-09-17 20:22:00
4968,1030,105,486.27,40,2024-10-06 20:47:00
4969,1009,787,1788.4,24,2024-06-24 22:23:00
4970,1027,704,1393.61,40,2024-10-29 16:20:00
4971,1015,566,860.29,6,2024-08-14 03:30:00
4972,1040,593,145.95,5,2024-06-02 10:06:00
4973,1029,13,728.17,14,2024-08-01 02:34:00
4974,1021,82,1431.16,7,2024-11-19 20:14:00
4975,1035,75,962.44,17,2024-07-30 05:02:00
4976,1031,519,601.83,17,2024-06-28 06:55:00
4977,1038,818,751.04,33,2024-09-07 12:24:00
4978,1029,127,1000.74,23,2024-10-13 12:24:00
4979,1044,363,271.96,25,2024-09-02 03:16:00
4980,1046,252,479.7,6,2024-07-08 22:15:00
4981,1035,259,1420.06,40,2024-10-10 10:58:00
4982,1002,404,1154.98,30,2024-07-30 13:35:00
4983,1014,203,164.73,14,2024-06-07 16:41:00
4984,1016,533,915.02,49,2024-07-26 14:26:00
4985,1005,831,1102.56,44,2024-09-22 18:53:00
4986,1000,165,295.83,48,2024-08-17 13:43:00
4987,1023,219,1349.1,6,2024-06-11 00:13:00
4988,1041,256,1403.03,36,2024-09-22 15:25:00
4989,1022,592,1638.35,25,2024-10-19 01:20:00
4990,1048,290,647.87,38,2024-11-22 12:01:00
4991,1031,165,1805.38,31,2024-09-03 03:32:00
4992,1008,17,1420.41,16,2024-10-05 18:05:00
4993,1028,210,1957.58,23,2024-06-13 23:07:00
4994,1000,901,1115.85,40,2024-08-04 14:39:00
4995,1029,945,519.54,15,2024-07-15 18:18:00
4996,1012,542,1078.83,6,2024-08-02 15:15:00
4997,1008,682,1532.27,11,2024-08-25 09:41:00
4998,1008,929,450.19,12,2024-10-12 20:33:00
4999,1009,437,1371.46,33,2024-09-05 20:18:00
5000,1046,226,1418.86,17,2024-08-16 15:32:00
5001,1012,226,1267.95,35,2024-09-23 12:25:00
5002,1010,133,1714.05,46,2024-06-23 11:56:00
5003,1003,84,335.11,25,2024-08-27 09:59:00
5004,1008,447,216.34,47,2024-06-05 07:37:00
5005,1000,725,1429.94,15,2024-11-01 04:57:00
5006,1025,719,744.39,41,2024-11-12 23:57:00
5007,1032,632,1626.16,34,2024-10-25 18:09:00
5008,1003,49,1914.87,15,2024-07-09 10:48:00
5009,1031,798,885.34,26,2024-08-13 18:31:00
5010,1023,711,1663.36,30,2024-06-18 21:18:00
5011,1016,719,1624.64,22,2024-10-09 13:42:00
5012,1021,105,1441.86,24,2024-11-26 17:47:00
5013,1045,179,1385.82,34,2024-06-12 12:03:00
5014,1004,56,1579.09,14,2024-08-28 20:33:00
5015,1032,426,1319.0,5,2024-06-07 05:15:00
5016,1015,164,522.56,48,2024-08-26 03:58:00
5017,1017,224,1064.66,24,2024-11-10 08:18:00
5018,1045,188,334.43,29,2024-07-03 01:45:00
5019,1006,422,1142.24,28,2024-11-10 09:32:00
5020,1023,676,371.03,49,2024-09-17 12:06:00
5021,1018,884,1419.18,5,2024-06-13 09:47:00
5022,1004,2,363.39,27,2024-07-19 04:12:00
5023,1010,319,465.36,18,2024-06-15 05:25:00
5024,1024,621,211.1,36,2024-07-28 17:46:00
5025,1022,959,418.49,10,2024-07-06 05:33:00
5026,1028,68,1170.06,34,2024-07-28 22:47:00
5027,1002,77,417.04,24,2024-09-28 22:42:00
5028,1036,41,1258.56,12,2024-10-24 01:47:00
5029,1006,285,1807.4,42,2024-09-27 20:32:00
5030,1049,255,657.08,34,2024-09-18 19:51:00
5031,1031,517,1411.16,50,2024-07-08 09:56:00
5032,1042,577,1620.69,40,2024-08-01 19:18:00
5033,1013,200,1119.19,6,2024-06-23 12:16:00
5034,1001,678,1110.64,31,2024-10-14 06:49:00
5035,1029,67,1490.18,1,2024-11-16 16:58:00
5036,1033,823,1378.82,10,2024-07-09 14:21:00
5037,1039,154,892.19,30,2024-11-20 17:50:00
5038,1007,617,1909.73,24,2024-07-16 03:31:00
5039,1017,980,389.25,9,2024-06-20 23:04:00
5040,1003,796,1256.13,38,2024-10-07 21:53:00
5041,1047,257,274.16,48,2024-06-27 16:04:00
5042,1040,616,1648.36,6,2024-08-04 01:59:00
5043,1034,695,1876.31,34,2024-06-16 14:56:00
5044,1022,604,697.29,13,2024-08-13 13:03:00
5045,1025,17,1126.56,23,2024-07-11 07:43:00
5046,1035,472,1133.51,28,2024-06-11 01:09:00
5047,1017,993,1237.45,47,2024-08-13 10:45:00
5048,1008,382,179.32,25,2024-08-14 01:58:00
5049,1002,849,179.38,18,2024-06-18 13:40:00
5050,1023,800,714.34,31,2024-10-21 18:03:00
5051,1040,91,1422.53,50,2024-11-23 02:03:00
5052,1022,134,346.09,33,2024-08-15 10:01:00
5053,1010,215,904.85,29,2024-10-09 05:22:00
5054,1000,156,1570.49,8,2024-06-17 05:27:00
5055,1020,171,1939.81,49,2024-10-22 17:26:00
5056,1017,958,1074.23,28,2024-11-26 06:57:00
5057,1032,112,329.82,7,2024-06-21 11:58:00
5058,1024,643,1160.87,42,2024-09-30 03:49:00
5059,1009,605,1671.42,47,2024-07-31 07:40:00
5060,1035,502,424.7,9,2024-08-22 15:49:00
5061,1039,279,463.35,18,2024-07-08 21:40:00
5062,1010,782,898.13,13,2024-10-23 00:42:00
5063,1028,957,1373.87,10,2024-09-08 20:44:00
5064,1024,725,624.92,37,2024-09-11 06:54:00
5065,1038,866,662.4,40,2024-11-03 20:10:00
5066,1043,226,1379.48,37,2024-10-16 08:06:00
5067,1020,747,686.62,26,2024-08-31 07:09:00
5068,1025,266,363.99,13,2024-10-22 19:40:00
5069,1035,780,1951.39,32,2024-08-10 15:57:00
5070,1001,16,917.34,28,2024-09-27 08:18:00
5071,1029,851,1033.61,6,2024-09-18 15:28:00
5072,1008,596,303.63,16,2024-11-22 20:12:00
5073,1019,703,175.58,8,2024-10-29 23:13:00
5074,1043,112,1219.73,20,2024-07-19 00:42:00
5075,1040,937,446.31,50,2024-06-09 19:22:00
5076,1040,2,1374.93,29,2024-07-04 11:58:00
5077,1033,133,62.74,40,2024-09-23 01:36:00
5078,1035,673,870.49,40,2024-06-05 01:40:00
5079,1040,797,1291.29,22,2024-10-23 23:23:00
5080,1002,857,674.91,38,2024-11-27 13:30:00
5081,1036,523,1596.72,38,2024-08-04 21:40:00
5082,1045,970,1967.08,37,2024-07-22 01:47:00
5083,1045,156,1435.06,36,2024-10-13 11:01:00
5084,1009,824,183.85,42,2024-11-27 14:37:00
5085,1006,12,953.63,50,2024-06-03 17:09:00
5086,1039,625,762.0,27,2024-07-22 10:31:00
5087,1035,590,543.81,24,2024-08-09 00:16:00
5088,1038,284,225.6,40,2024-08-29 15:48:00
5089,1016,179,1959.14,14,2024-10-27 23:33:00
5090,1022,563,255.49,49,2024-08-23 19:09:00
5091,1000,793,476.29,41,2024-07-11 09:39:00
5092,1020,735,697.64,21,2024-11-12 23:53:00
5093,1013,285,1680.87,23,2024-10-26 02:12:00
5094,1049,588,1195.6,39,2024-09-11 06:56:00
5095,1036,454,1012.44,50,2024-11-19 06:13:00
5096,1042,321,897.68,20,2024-08-05 21:40:00
5097,1047,225,706.36,14,2024-11-12 06:52:00
5098,1019,726,1674.81,27,2024-11-22 09:26:00
5099,1009,370,992.52,49,2024-08-09 22:47:00
5100,1000,908,1608.0,11,2024-11-05 18:27:00
5101,1030,26,675.06,36,2024-10-19 17:52:00
5102,1035,383,1942.11,29,2024-11-21 19:41:00
5103,1049,627,1000.33,29,2024-06-23 22:08:00
5104,1012,33,636.65,35,2024-07-05 18:27:00
5105,1035,68,2030.28,46,2024-07-24 00:29:00
5106,1046,110,227.83,47,2024-06-03 09:50:00
5107,1008,368,260.69,7,2024-11-01 09:24:00
5108,1019,794,1414.31,25,2024-06-28 09:58:00
5109,1031,411,541.62,27,2024-10-18 18:00:00
5110,1015,47,1422.35,36,2024-09-01 22:59:00
5111,1037,468,1044.94,22,2024-06-08 13:33:00
5112,1038,967,1538.59,19,2024-07-07 15:09:00
5113,1037,552,914.59,21,2024-09-22 11:40:00
5114,1010,342,586.62,14,2024-06-06 20:32:00
5115,1031,390,884.23,6,2024-10-15 23:38:00
5116,1032,749,559.84,48,2024-11-13 01:57:00
5117,1027,375,1717.95,46,2024-07-07 00:03:00
5118,1011,317,1528.04,47,2024-09-05 22:57:00
5119,1027,596,1247.16,4,2024-09-25 01:24:00
5120,1001,717,594.08,34,2024-10-19 12:41:00
5121,1049,367,246.25,8,2024-07-21 21:50:00
5122,1040,502,1455.11,15,2024-07-18 15:40:00
5123,1049,695,657.34,50,2024-09-06 18:52:00
5124,1030,586,1084.19,36,2024-11-24 14:01:00
5125,1000,783,1826.14,34,2024-09-17 11:13:00
5126,1033,335,1512.96,25,2024-09-01 04:59:00
5127,1040,517,1155.52,24,2024-09-02 10:15:00
5128,1002,857,981.94,44,2024-06-26 06:34:00
5129,1031,142,50.97,42,2024-07-19 07:45:00
5130,1015,179,1443.35,8,2024-09-06 17:43:00
5131,1002,746,1957.53,34,2024-10-21 19:58:00
5132,1026,26,1618.88,12,2024-07-17 12:21:00
5133,1012,95,1906.71,5,2024-09-30 02:23:00
5134,1019,331,1631.83,7,2024-11-10 04:24:00
5135,1024,597,1996.4,26,2024-09-05 05:57:00
5136,1013,908,1932.01,11,2024-11-08 15:55:00
5137,1036,893,1552.3,34,2024-08-09 12:52:00
5138,1009,959,1894.79,22,2024-10-25 16:54:00
5139,1007,842,778.21,25,2024-08-24 00:14:00
5140,1013,293,649.06,41,2024-10-31 01:49:00
5141,1049,509,1272.97,28,2024-06-12 20:48:00
5142,1017,846,1109.46,19,2024-08-29 03:04:00
5143,1004,155,401.48,37,2024-10-07 06:04:00
5144,1006,393,1102.69,12,2024-08-01 08:52:00
5145,1035,120,159.03,41,2024-10-11 16:55:00
5146,1018,623,557.44,25,2024-10-05 23:30:00
5147,1006,724,1574.24,5,2024-10-21 03:30:00
5148,1004,599,339.07,31,2024-08-17 16:27:00
5149,1006,651,1557.63,23,2024-08-26 10:40:00
5150,1041,936,732.07,9,2024-08-20 10:35:00
5151,1025,821,686.03,3,2024-09-04 13:23:00
5152,1022,501,862.55,21,2024-08-28 23:09:00
5153,1014,989,1729.87,7,2024-07-22 09:12:00
5154,1006,383,841.11,33,2024-06-04 08:38:00
5155,1018,506,1579.1,14,2024-07-02 19:12:00
5156,1011,15,661.69,25,2024-08-01 10:35:00
5157,1030,833,1374.09,3,2024-10-23 19:35:00
5158,1003,745,1993.28,24,2024-07-11 09:31:00
5159,1045,414,1137.53,46,2024-07-16 14:15:00
5160,1003,385,91.48,2,2024-11-06 15:18:00
5161,1022,530,950.9,8,2024-06-25 01:31:00
5162,1033,883,741.83,35,2024-08-26 18:43:00
5163,1037,735,946.83,28,2024-09-17 04:41:00
5164,1029,720,50.39,28,2024-07-28 18:25:00
5165,1015,94,727.29,5,2024-09-20 23:59:00
5166,1029,411,1257.84,5,2024-07-04 09:15:00
5167,1011,119,1954.81,20,2024-10-25 18:54:00
5168,1007,604,654.34,11,2024-07-30 05:43:00
5169,1031,39,286.16,35,2024-09-01 19:30:00
5170,1039,475,1125.15,45,2024-07-05 00:56:00
5171,1045,370,820.01,26,2024-06-28 18:56:00
5172,1012,402,611.88,33,2024-07-25 11:29:00
5173,1048,534,278.28,35,2024-09-11 07:47:00
5174,1011,559,851.44,22,2024-09-26 22:46:00
5175,1019,753,1164.65,9,2024-09-29 15:29:00
5176,1022,976,1047.38,24,2024-11-10 09:16:00
5177,1027,810,900.76,20,2024-09-10 23:44:00
5178,1015,810,1926.59,19,2024-10-30 05:36:00
5179,1039,207,792.86,21,2024-09-13 09:24:00
5180,1009,126,1885.69,45,2024-07-19 09:53:00
5181,1022,170,308.96,13,2024-06-30 16:00:00
5182,1007,539,876.92,2,2024-10-13 17:23:00
5183,1008,287,1515.39,20,2024-10-22 13:44:00
5184,1030,282,1112.8,11,2024-07-01 00:09:00
5185,1027,898,246.26,10,2024-07-25 09:16:00
5186,1042,900,548.14,13,2024-09-30 19:37:00
5187,1019,617,146.27,4,2024-07-04 12:51:00
5188,1028,21,883.43,40,2024-08-29 22:57:00
5189,1033,0,1325.74,9,2024-08-20 23:08:00
5190,1003,254,164.99,39,2024-06-09 16:34:00
5191,1047,720,512.74,35,2024-10-13 00:01:00
5192,1018,8,286.36,3,2024-09-15 12:09:00
5193,1013,294,157.25,19,2024-06-25 14:11:00
5194,1046,180,833.82,49,2024-06-05 04:34:00
5195,1025,961,1786.01,40,2024-10-02 10:38:00
5196,1013,249,1001.02,13,2024-11-08 23:56:00
5197,1047,176,572.27,35,2024-09-14 12:05:00
5198,1022,325,435.28,27,2024-10-17 08:17:00
5199,1001,611,161.35,34,2024-11-20 10:31:00
5200,1048,944,696.18,24,2024-11-26 08:27:00
5201,1000,91,1851.16,42,2024-09-08 23:28:00
5202,1017,948,1831.76,25,2024-08-14 00:55:00
5203,1043,601,651.46,43,2024-06-13 05:07:00
5204,1033,695,1364.03,50,2024-10-19 03:51:00
5205,1034,456,2154.32,44,2024-10-25 11:19:00
5206,1026,318,213.68,12,2024-07-27 08:16:00
5207,1033,68,878.54,40,2024-10-05 21:44:00
5208,1041,833,885.93,3,2024-06-11 00:27:00
5209,1025,781,270.15,12,2024-07-08 07:40:00
5210,1000,968,1776.38,37,2024-10-11 08:40:00
5211,1016,712,349.55,17,2024-09-05 05:39:00
5212,1011,550,396.47,40,2024-10-28 05:14:00
5213,1045,101,1483.87,29,2024-09-28 10:40:00
5214,1049,515,912.07,12,2024-08-07 09:16:00
5215,1018,555,1025.04,47,2024-08-25 23:43:00
5216,1044,58,274.38,14,2024-06-15 16:41:00
5217,1025,989,513.43,6,2024-07-12 01:35:00
5218,1000,21,1565.87,38,2024-09-05 21:12:00
5219,1009,960,962.4,2,2024-11-02 11:25:00
5220,1014,887,1897.14,17,2024-06-09 15:49:00
5221,1039,30,773.54,33,2024-07-17 05:10:00
5222,1026,902,987.78,43,2024-09-19 03:56:00
5223,1044,504,778.82,4,2024-10-28 20:35:00
5224,1012,991,158.74,4,2024-10-11 20:55:00
5225,1026,181,440.32,2,2024-06-03 14:12:00
5226,1020,173,1158.0,9,2024-08-20 03:36:00
5227,1006,493,604.97,25,2024-11-08 23:21:00
5228,1009,390,824.4,25,2024-10-07 03:30:00
5229,1020,895,1364.34,1,2024-08-24 03:55:00
5230,1049,534,989.95,23,2024-08-30 07:56:00
5231,1025,795,401.85,9,2024-10-15 21:44:00
5232,1005,176,1575.06,6,2024-10-15 14:04:00
5233,1023,938,1725.9,29,2024-06-26 22:23:00
5234,1049,591,82.37,32,2024-08-14 04:32:00
5235,1035,593,1169.86,16,2024-09-24 17:06:00
5236,1031,337,1942.67,50,2024-09-28 23:03:00
5237,1001,479,458.44,13,2024-10-08 10:13:00
5238,1028,112,604.57,22,2024-10-01 08:29:00
5239,1016,847,63242.95,36,2024-07-15 15:50:00
5240,1032,664,254.31,6,2024-11-21 04:01:00
5241,1030,612,1307.63,9,2024-07-20 10:08:00
5242,1006,551,151.68,45,2024-10-17 16:22:00
5243,1044,590,1557.55,41,2024-11-07 00:41:00
5244,1047,972,1305.7,39,2024-08-07 08:49:00
5245,1049,499,1699.19,14,2024-07-17 01:18:00
5246,1040,903,369.64,21,2024-08-22 01:20:00
5247,1031,656,736.68,24,2024-10-12 05:20:00
5248,1014,26,328.62,49,2024-06-16 18:21:00
5249,1002,982,1385.98,36,2024-07-16 08:58:00
5250,1041,845,1427.68,25,2024-09-06 01:13:00
5251,1020,359,995.54,37,2024-07-26 07:24:00
5252,1042,293,446.13,14,2024-06-02 06:57:00
5253,1040,483,1164.87,38,2024-08-08 06:49:00
5254,1024,292,1422.36,48,2024-10-25 04:46:00
5255,1025,983,945.26,26,2024-11-01 08:32:00
5256,1043,377,981.96,1,2024-07-24 05:56:00
5257,1046,269,52.82,13,2024-09-12 08:06:00
5258,1021,744,858.82,22,2024-08-12 02:17:00
5259,1042,374,1845.6,1,2024-10-19 23:59:00
5260,1047,32,1919.73,50,2024-10-29 16:04:00
5261,1013,153,1566.07,47,2024-07-08 05:36:00
5262,1018,126,818.36,46,2024-08-09 06:55:00
5263,1037,891,875.72,44,2024-06-13 10:03:00
5264,1041,964,1437.05,18,2024-09-15 18:11:00
5265,1032,690,1502.15,9,2024-08-06 19:46:00
5266,1011,136,813.06,19,2024-10-29 03:45:00
5267,1047,993,1534.11,25,2024-06-30 09:17:00
5268,1037,191,186.33,17,2024-09-24 03:18:00
5269,1040,861,1228.39,2,2024-06-06 21:47:00
5270,1008,695,1137.86,28,2024-09-11 05:57:00
5271,1006,202,461.67,26,2024-06-08 20:44:00
5272,1033,199,478.63,12,2024-07-25 00:34:00
5273,1021,39,92.65,33,2024-09-17 18:40:00
5274,1048,396,157.94,46,2024-06-05 01:36:00
5275,1030,308,1964.55,45,2024-07-25 20:51:00
5276,1024,706,752.51,15,2024-07-02 07:29:00
5277,1029,578,1819.96,37,2024-10-24 07:29:00
5278,1022,259,1543.42,44,2024-06-13 10:04:00
5279,1002,845,680.17,30,2024-11-14 00:16:00
5280,1048,599,1186.97,11,2024-11-20 12:16:00
5281,1049,234,246.5,10,2024-10-25 01:03:00
5282,1011,293,306.06,24,2024-11-06 02:21:00
5283,1032,511,254.31,6,2024-09-16 10:29:00
5284,1019,112,369.66,9,2024-10-16 20:13:00
5285,1001,639,329.74,25,2024-08-03 08:30:00
5286,1017,807,779.18,42,2024-10-04 19:12:00
5287,1025,219,1975.33,39,2024-10-31 09:35:00
5288,1025,151,518.69,5,2024-11-12 17:44:00
5289,1010,436,970.64,7,2024-07-27 08:02:00
5290,1025,968,1712.96,42,2024-08-09 23:49:00
5291,1019,810,287.52,7,2024-11-23 23:25:00
5292,1000,524,1860.17,15,2024-11-23 03:44:00
5293,1046,745,1697.22,41,2024-08-16 04:06:00
5294,1000,814,915.26,41,2024-09-19 21:06:00
5295,1040,427,158.54,26,2024-09-23 08:36:00
5296,1028,496,1061.67,28,2024-11-10 07:23:00
5297,1036,456,556.56,2,2024-09-30 23:07:00
5298,1049,482,1904.81,22,2024-09-12 12:18:00
5299,1001,456,1301.23,15,2024-10-17 02:55:00
5300,1047,495,422.55,21,2024-08-02 09:37:00
5301,1012,986,1075.77,8,2024-08-04 13:33:00
5302,1041,495,922.74,22,2024-06-20 03:16:00
5303,1045,439,54.37,4,2024-09-19 00:06:00
5304,1009,88,1435.29,38,2024-07-09 04:14:00
5305,1030,882,798.89,1,2024-11-17 20:48:00
5306,1015,482,1928.14,20,2024-07-07 05:39:00
5307,1001,584,575.54,36,2024-08-09 07:24:00
5308,1004,198,1579.17,31,2024-07-20 07:39:00
5309,1039,711,1748.17,40,2024-06-08 02:35:00
5310,1024,891,282.99,1,2024-06-10 21:40:00
5311,1016,430,952.63,18,2024-10-28 09:29:00
5312,1033,690,1048.64,8,2024-10-23 14:52:00
5313,1008,300,1638.61,44,2024-06-30 17:53:00
5314,1030,860,782.47,49,2024-09-10 06:59:00
5315,1014,266,428.08,14,2024-10-29 07:08:00
5316,1023,671,538.59,29,2024-09-01 18:49:00
5317,1034,237,1422.87,21,2024-09-28 20:40:00
5318,1017,376,1837.76,32,2024-06-02 13:38:00
5319,1014,246,848.63,25,2024-07-28 05:32:00
5320,1000,604,1069.65,28,2024-06-05 22:54:00
5321,1034,184,1446.67,44,2024-11-23 12:13:00
5322,1048,784,138.5,41,2024-06-05 11:50:00
5323,1006,704,1080.38,48,2024-09-13 19:45:00
5324,1032,447,31585.65,4,2024-06-17 23:13:00
5325,1033,954,672.46,17,2024-06-21 19:47:00
5326,1041,269,192.55,48,2024-07-14 22:11:00
5327,1045,944,903.02,34,2024-07-31 06:16:00
5328,1022,414,724.25,13,2024-07-07 01:42:00
5329,1010,923,317.24,23,2024-11-19 16:42:00
5330,1037,655,620.59,30,2024-07-14 20:33:00
5331,1013,808,1971.08,10,2024-09-19 01:37:00
5332,1024,810,833.9,22,2024-07-19 00:52:00
5333,1014,833,894.24,4,2024-07-26 15:49:00
5334,1004,833,203.24,28,2024-08-03 07:23:00
5335,1042,991,674.55,15,2024-07-31 09:42:00
5336,1021,846,1619.0,22,2024-07-06 08:46:00
5337,1007,654,228.73,20,2024-08-23 19:27:00
5338,1002,380,965.08,45,2024-10-04 02:50:00
5339,1024,236,1250.01,17,2024-09-25 09:06:00
5340,1038,990,1264.21,49,2024-07-04 06:02:00
5341,1011,391,1009.4,12,2024-06-04 02:44:00
5342,1013,312,250.85,28,2024-10-08 06:34:00
5343,1040,436,947.39,40,2024-10-20 12:23:00
5344,1046,808,225.41,37,2024-07-31 16:51:00
5345,1004,286,1315.64,24,2024-08-02 04:24:00
5346,1048,309,1960.98,5,2024-07-31 21:57:00
5347,1026,968,1565.2,41,2024-07-05 15:25:00
5348,1002,449,1058.47,25,2024-10-26 00:19:00
5349,1042,598,628.03,20,2024-06-19 11:17:00
5350,1007,374,1431.04,42,2024-07-22 17:09:00
5351,1025,376,151.82,14,2024-06-06 12:11:00
5352,1044,576,1596.26,29,2024-06-01 12:44:00
5353,1035,611,1698.3,35,2024-11-26 19:29:00
5354,1031,83,963.45,11,2024-06-14 13:20:00
5355,1043,316,1579.35,2,2024-10-11 14:00:00
5356,1035,675,166.61,4,2024-10-29 10:32:00
5357,1037,278,75195.85,25,2024-11-16 13:47:00
5358,1015,828,1005.74,15,2024-06-13 08:17:00
5359,1040,549,723.36,6,2024-07-21 22:07:00
5360,1028,920,848.02,6,2024-10-19 17:31:00
5361,1040,412,308.82,9,2024-06-29 02:13:00
5362,1047,876,1948.85,18,2024-06-15 13:15:00
5363,1009,646,528.79,14,2024-08-19 03:36:00
5364,1033,48,305.8,20,2024-09-29 06:29:00
5365,1033,507,1441.2,27,2024-09-18 05:41:00
5366,1039,542,1336.44,9,2024-07-20 02:22:00
5367,1022,534,78.83,26,2024-11-20 01:16:00
5368,1016,435,1393.86,29,2024-09-26 14:21:00
5369,1002,333,1272.95,39,2024-10-31 12:56:00
5370,1019,326,1383.37,14,2024-09-24 15:57:00
5371,1048,372,573.53,47,2024-08-11 09:04:00
5372,1031,827,899.36,49,2024-06-08 23:58:00
5373,1047,611,1646.97,39,2024-08-30 12:59:00
5374,1036,642,1252.62,39,2024-07-30 11:24:00
5375,1033,359,860.6,10,2024-06-01 10:23:00
5376,1043,171,998.1,20,2024-07-27 00:03:00
5377,1043,690,1127.42,9,2024-11-23 00:31:00
5378,1006,462,1589.8,35,2024-06-06 02:43:00
5379,1048,755,786.62,47,2024-06-10 21:30:00
5380,1030,26,1578.61,2,2024-07-06 17:20:00
5381,1010,983,577.37,5,2024-07-20 22:35:00
5382,1033,420,941.86,22,2024-06-08 19:13:00
5383,1012,509,1729.94,11,2024-06-25 01:24:00
5384,1011,189,1038.98,10,2024-07-08 01:14:00
5385,1007,331,1635.51,23,2024-08-11 09:26:00
5386,1032,356,576.79,9,2024-08-08 03:42:00
5387,1045,674,653.27,29,2024-09-22 08:02:00
5388,1021,47,1841.97,13,2024-10-26 16:07:00
5389,1024,546,843.3,4,2024-10-20 16:28:00
5390,1013,595,1628.74,30,2024-09-26 05:38:00
5391,1000,860,1984.86,26,2024-08-12 12:58:00
5392,1007,733,1254.62,19,2024-09-25 05:05:00
5393,1016,228,291.15,24,2024-06-10 15:07:00
5394,1000,267,365.81,34,2024-09-28 05:16:00
5395,1038,302,984.26,6,2024-10-17 06:07:00
5396,1011,876,1694.74,15,2024-06-27 13:30:00
5397,1033,277,230.36,4,2024-08-01 10:44:00
5398,1003,796,258.58,37,2024-09-24 16:49:00
5399,1040,194,694.43,2,2024-11-17 05:36:00
5400,1031,104,1413.48,17,2024-08-07 11:13:00
5401,1010,900,669.33,30,2024-07-16 09:01:00
5402,1001,400,1899.66,42,2024-09-13 14:33:00
5403,1005,674,688.47,42,2024-08-01 01:42:00
5404,1042,661,852.31,30,2024-07-18 10:09:00
5405,1042,341,1090.83,33,2024-07-26 11:46:00
5406,1016,861,858.1,32,2024-06-11 16:13:00
5407,1005,81,1472.06,23,2024-06-21 19:23:00
5408,1029,555,1541.0,2,2024-07-05 04:24:00
5409,1042,642,64.13,14,2024-07-26 05:22:00
5410,1046,58,1978.63,46,2024-06-19 18:43:00
5411,1034,263,2350.17,48,2024-06-25 10:29:00
5412,1007,107,1671.56,24,2024-08-19 03:15:00
5413,1036,746,273.3,12,2024-07-18 06:06:00
5414,1013,256,1623.83,39,2024-07-16 09:10:00
5415,1001,720,429.92,12,2024-10-01 10:51:00
5416,1019,520,982.62,38,2024-06-26 06:44:00
5417,1025,734,1659.9,15,2024-10-16 06:51:00
5418,1022,241,221.0,37,2024-10-16 05:56:00
5419,1012,948,634.95,16,2024-10-06 05:07:00
5420,1038,37,1350.66,37,2024-11-28 09:38:00
5421,1010,453,1153.46,30,2024-06-16 20:59:00
5422,1007,873,1861.53,50,2024-09-17 07:27:00
5423,1015,623,1402.39,38,2024-09-23 05:57:00
5424,1047,528,769.4,2,2024-08-24 13:28:00
5425,1045,818,1559.31,15,2024-08-01 07:52:00
5426,1032,236,70.15,22,2024-08-02 14:08:00
5427,1049,711,709.17,45,2024-11-18 06:37:00
5428,1019,800,1577.61,28,2024-06-30 10:19:00
5429,1000,605,284.44,50,2024-06-12 11:26:00
5430,1030,134,975.5,44,2024-06-19 14:11:00
5431,1000,170,304.52,43,2024-08-26 03:06:00
5432,1043,281,1211.12,19,2024-07-01 02:50:00
5433,1045,570,353.69,34,2024-08-10 23:24:00
5434,1046,971,85.8,46,2024-08-20 23:50:00
5435,1030,517,868.56,38,2024-11-20 08:53:00
5436,1000,982,1213.67,34,2024-09-04 23:06:00
5437,1009,290,1300.35,43,2024-08-29 20:21:00
5438,1003,63,1251.62,41,2024-07-03 03:16:00
5439,1002,747,719.53,26,2024-09-09 22:43:00
5440,1002,704,1674.62,31,2024-11-21 08:13:00
5441,1033,758,685.56,38,2024-06-18 23:30:00
5442,1005,341,1566.27,21,2024-09-17 06:33:00
5443,1038,256,1685.2,50,2024-11-01 20:58:00
5444,1039,353,1596.81,16,2024-09-16 14:11:00
5445,1004,253,466.57,29,2024-06-05 09:57:00
5446,1034,864,1418.46,16,2024-09-08 19:47:00
5447,1030,568,1888.31,48,2024-07-13 06:35:00
5448,1020,611,295.99,12,2024-07-20 18:05:00
5449,1026,946,636.26,25,2024-09-21 06:19:00
5450,1011,750,366.58,17,2024-09-16 18:26:00
5451,1001,598,1765.62,46,2024-11-20 03:52:00
5452,1033,186,322.29,29,2024-08-04 08:27:00
5453,1021,56,811.63,20,2024-11-04 09:22:00
5454,1016,484,1851.45,7,2024-10-27 15:44:00
5455,1032,768,720.53,17,2024-07-20 05:56:00
5456,1008,574,325.04,21,2024-10-02 13:24:00
5457,1022,427,1322.95,19,2024-06-21 21:14:00
5458,1015,965,872.27,11,2024-10-02 20:05:00
5459,1026,321,248.16,41,2024-06-22 13:11:00
5460,1044,525,1639.19,1,2024-08-08 14:03:00
5461,1044,676,1659.98,47,2024-10-15 14:41:00
5462,1040,41,1534.97,26,2024-06-21 08:59:00
5463,1040,321,237.02,24,2024-07-11 22:54:00
5464,1028,732,1507.56,34,2024-08-08 08:16:00
5465,1027,68,1141.55,13,2024-06-01 11:41:00
5466,1035,918,573.77,13,2024-11-16 15:57:00
5467,1003,718,357.11,39,2024-08-30 16:21:00
5468,1008,852,1420.92,7,2024-10-04 01:06:00
5469,1013,864,173.27,24,2024-07-29 06:18:00
5470,1011,375,1180.56,6,2024-08-11 02:13:00
5471,1032,861,127.15,3,2024-07-04 00:34:00
5472,1008,742,708.02,22,2024-09-13 18:32:00
5473,1005,399,1850.64,11,2024-07-25 05:07:00
5474,1049,637,1293.82,1,2024-10-10 19:03:00
5475,1009,368,1393.27,50,2024-08-04 23:28:00
5476,1003,717,923.13,34,2024-08-14 07:35:00
5477,1029,312,230.93,23,2024-08-22 14:07:00
5478,1015,805,234.01,9,2024-08-17 20:56:00
5479,1007,184,1857.32,36,2024-07-17 00:07:00
5480,1025,336,1252.68,10,2024-07-17 21:37:00
5481,1016,863,72.43,12,2024-07-26 04:38:00
5482,1011,70,1100.66,21,2024-09-25 06:44:00
5483,1016,937,100.4,20,2024-06-28 06:36:00
5484,1024,429,1130.2,50,2024-08-08 07:24:00
5485,1031,58,419.29,40,2024-06-24 14:25:00
5486,1031,434,747.03,8,2024-09-22 07:22:00
5487,1036,237,672.29,50,2024-10-05 16:32:00
5488,1035,625,822.06,37,2024-08-07 16:26:00
5489,1033,646,613.22,38,2024-07-04 13:56:00
5490,1013,795,1951.46,3,2024-07-08 16:30:00
5491,1037,122,21923.45,24,2024-10-01 16:05:00
5492,1020,508,1626.3,28,2024-06-12 18:43:00
5493,1025,925,1929.3,14,2024-11-08 12:58:00
5494,1046,157,621.6,18,2024-09-27 20:47:00
5495,1024,125,225.18,46,2024-07-28 10:47:00
5496,1043,152,1516.1,35,2024-10-18 15:36:00
5497,1020,693,1507.52,40,2024-11-27 18:18:00
5498,1007,175,302.55,34,2024-06-05 06:46:00
5499,1007,333,604.15,42,2024-08-24 07:05:00
5500,1007,27,675.86,13,2024-06-11 02:14:00
5501,1047,100,815.62,29,2024-11-16 14:43:00
5502,1011,382,1948.71,9,2024-06-04 15:46:00
5503,1033,37,1913.87,25,2024-08-10 12:46:00
5504,1000,520,154.99,31,2024-06-20 05:15:00
5505,1002,452,472.52,8,2024-08-05 03:53:00
5506,1048,34,1204.6,38,2024-10-09 22:12:00
5507,1010,211,330.06,38,2024-10-07 16:28:00
5508,1045,746,828.11,43,2024-10-23 05:38:00
5509,1037,63,147.93,22,2024-10-10 18:10:00
5510,1025,610,1286.13,38,2024-06-12 21:26:00
5511,1002,373,96.61,7,2024-08-31 21:59:00
5512,1031,935,486.85,6,2024-06-07 10:13:00
5513,1008,378,295.33,18,2024-07-03 23:43:00
5514,1038,361,758.85,8,2024-09-15 23:35:00
5515,1045,46,206.52,29,2024-07-29 18:07:00
5516,1022,815,781.86,3,2024-10-18 15:41:00
5517,1039,607,320.6,48,2024-09-08 01:49:00
5518,1007,866,1506.78,5,2024-10-08 01:31:00
5519,1026,104,541.41,19,2024-06-22 03:26:00
5520,1025,53,446.5,10,2024-07-09 01:42:00
5521,1000,99,495.82,42,2024-10-15 04:21:00
5522,1039,297,2097.8,48,2024-10-11 14:43:00
5523,1021,75,321.86,46,2024-07-18 17:06:00
5524,1044,640,596.36,14,2024-06-06 23:48:00
5525,1004,990,132.82,50,2024-10-27 15:07:00
5526,1010,306,1221.13,48,2024-08-29 07:24:00
5527,1001,519,1466.65,32,2024-09-26 00:27:00
5528,1038,165,1173.53,28,2024-10-19 03:48:00
5529,1024,92,132.83,19,2024-10-13 04:02:00
5530,1048,544,1870.68,37,2024-09-16 02:19:00
5531,1044,70,1237.4,29,2024-11-15 20:09:00
5532,1013,80,333.09,8,2024-08-20 12:17:00
5533,1038,70,1733.9,32,2024-08-16 16:16:00
5534,1017,833,1633.22,2,2024-11-21 19:18:00
5535,1034,688,520.68,20,2024-11-21 03:35:00
5536,1038,971,1258.13,47,2024-10-21 13:18:00
5537,1002,394,162.37,16,2024-09-11 16:00:00
5538,1007,208,934.12,14,2024-11-14 22:34:00
5539,1019,516,607.0,4,2024-06-01 23:55:00
5540,1038,358,1177.15,47,2024-08-14 04:27:00
5541,1032,949,1220.51,14,2024-10-15 16:40:00
5542,1017,875,938.94,20,2024-11-26 19:46:00
5543,1015,742,1445.39,18,2024-09-01 01:10:00
5544,1029,32,864.72,27,2024-09-26 11:45:00
5545,1021,141,1966.89,41,2024-07-19 15:40:00
5546,1004,519,679.53,31,2024-07-27 09:00:00
5547,1045,963,892.58,8,2024-09-22 13:57:00
5548,1022,357,1426.3,1,2024-11-25 08:09:00
5549,1002,502,1401.36,2,2024-06-09 22:45:00
5550,1031,621,264.4,31,2024-10-01 22:48:00
5551,1043,965,515.93,33,2024-08-13 19:28:00
5552,1025,147,910.08,2,2024-06-18 00:51:00
5553,1032,413,1579.57,15,2024-11-16 09:15:00
5554,1011,757,1678.08,8,2024-07-17 08:48:00
5555,1009,714,999.07,14,2024-11-01 07:54:00
5556,1027,884,1066.05,23,2024-08-09 00:31:00
5557,1036,657,678.65,10,2024-09-08 01:59:00
5558,1012,302,75.07,36,2024-08-29 04:44:00
5559,1011,843,996.55,47,2024-07-12 23:39:00
5560,1033,318,1270.73,23,2024-06-12 19:54:00
5561,1005,575,977.57,22,2024-07-02 00:45:00
5562,1045,11,1875.64,1,2024-11-22 23:48:00
5563,1049,93,1545.62,31,2024-07-31 11:46:00
5564,1005,700,1330.51,5,2024-10-29 04:16:00
5565,1044,898,169.73,38,2024-07-16 18:36:00
5566,1040,843,1359.94,35,2024-11-04 13:52:00
5567,1011,124,1866.66,43,2024-08-03 20:55:00
5568,1041,483,765.32,28,2024-08-31 14:27:00
5569,1001,19,1469.18,6,2024-10-29 06:30:00
5570,1030,163,200.11,39,2024-10-15 04:58:00
5571,1048,271,1162.96,36,2024-10-17 18:59:00
5572,1014,313,1431.57,10,2024-07-05 02:54:00
5573,1002,318,1747.71,43,2024-11-20 06:33:00
5574,1039,386,1774.74,3,2024-11-14 16:38:00
5575,1011,670,309.73,7,2024-11-23 22:14:00
5576,1019,677,376.13,37,2024-10-06 05:30:00
5577,1005,256,844.27,19,2024-08-28 22:17:00
5578,1037,5,511.39,46,2024-10-11 11:01:00
5579,1017,370,97.47,11,2024-11-17 16:35:00
5580,1017,48,713.7,34,2024-07-19 05:49:00
5581,1002,287,1746.92,19,2024-11-07 03:21:00
5582,1001,394,307.29,42,2024-10-21 09:55:00
5583,1039,485,268.83,15,2024-07-01 09:16:00
5584,1030,386,1090.23,22,2024-07-07 15:33:00
5585,1031,843,325.81,32,2024-06-02 09:54:00
5586,1001,871,1782.98,6,2024-07-17 14:53:00
5587,1009,190,1647.14,33,2024-09-10 04:11:00
5588,1025,750,347.07,47,2024-10-12 11:38:00
5589,1008,413,223.45,6,2024-11-21 23:25:00
5590,1031,234,1829.98,47,2024-09-20 10:03:00
5591,1048,517,366.22,6,2024-10-23 16:36:00
5592,1035,472,622.88,4,2024-06-24 15:41:00
5593,1045,288,1788.64,25,2024-06-29 06:00:00
5594,1022,211,738.2,18,2024-10-20 01:08:00
5595,1006,115,1963.49,6,2024-09-27 07:48:00
5596,1017,743,1810.66,8,2024-11-28 00:14:00
5597,1003,154,1712.69,7,2024-09-28 02:15:00
5598,1028,966,142.28,11,2024-11-20 08:50:00
5599,1008,596,1556.24,23,2024-09-04 10:07:00
5600,1045,277,178.36,30,2024-11-19 08:24:00
5601,1001,114,674.67,3,2024-07-05 13:38:00
5602,1022,336,1896.92,17,2024-10-21 01:26:00
5603,1005,882,308.86,9,2024-09-07 21:59:00
5604,1045,861,1876.14,15,2024-07-07 17:17:00
5605,1014,988,749.08,37,2024-07-26 06:01:00
5606,1020,383,512.7,44,2024-08-22 18:52:00
5607,1008,862,557.08,44,2024-11-16 03:34:00
5608,1025,921,884.67,42,2024-07-18 02:47:00
5609,1000,354,707.26,15,2024-10-30 06:55:00
5610,1001,28,328.99,36,2024-11-05 07:08:00
5611,1039,500,246.69,49,2024-11-17 11:26:00
5612,1029,891,1140.8,40,2024-07-15 20:00:00
5613,1036,370,105.2,35,2024-11-27 09:05:00
5614,1017,369,559.41,19,2024-11-16 11:42:00
5615,1000,14,61.12,42,2024-09-17 01:13:00
5616,1032,680,471.5,2,2024-06-10 02:44:00
5617,1046,36,1781.34,27,2024-07-23 13:02:00
5618,1009,639,82.66,21,2024-08-20 05:01:00
5619,1002,867,318.02,29,2024-10-11 13:30:00
5620,1025,303,559.2,50,2024-07-12 21:59:00
5621,1015,87,460.4,4,2024-07-22 00:07:00
5622,1024,318,934.96,34,2024-07-11 07:13:00
5623,1001,780,994.08,40,2024-10-17 10:11:00
5624,1048,719,1660.11,16,2024-10-15 00:09:00
5625,1046,918,1991.52,17,2024-09-12 11:28:00
5626,1000,941,964.25,47,2024-06-09 05:03:00
5627,1005,128,158.36,39,2024-06-16 18:55:00
5628,1019,774,1317.41,35,2024-10-17 16:57:00
5629,1024,343,1670.84,49,2024-08-27 21:27:00
5630,1031,127,1874.84,43,2024-08-28 00:12:00
5631,1032,231,311.76,46,2024-07-22 16:22:00
5632,1031,452,626.31,22,2024-08-14 20:09:00
5633,1027,468,531.65,23,2024-06-06 08:15:00
5634,1002,175,219.58,11,2024-08-07 22:48:00
5635,1000,871,432.3,45,2024-09-07 23:13:00
5636,1025,497,1948.87,29,2024-07-09 19:36:00
5637,1020,608,1877.77,27,2024-06-11 05:01:00
5638,1010,40,1921.73,41,2024-08-02 16:22:00
5639,1049,882,1519.98,32,2024-07-29 12:07:00
5640,1039,229,1121.59,30,2024-11-22 15:41:00
5641,1031,380,952.6,32,2024-06-07 18:41:00
5642,1006,703,222.75,2,2024-09-17 17:25:00
5643,1016,774,1953.31,42,2024-10-03 00:57:00
5644,1028,617,135.79,14,2024-11-17 02:03:00
5645,1020,268,663.26,12,2024-11-26 07:25:00
5646,1015,968,597.72,36,2024-10-02 00:59:00
5647,1042,628,183.51,12,2024-11-15 12:27:00
5648,1039,604,1670.83,18,2024-08-29 03:09:00
5649,1010,643,1886.13,30,2024-08-08 20:57:00
5650,1029,620,1630.45,10,2024-07-07 16:58:00
5651,1028,155,1497.55,37,2024-11-15 17:42:00
5652,1011,164,1079.68,16,2024-09-07 10:50:00
5653,1038,759,1883.68,37,2024-07-26 19:05:00
5654,1009,21,54.99,11,2024-07-31 17:12:00
5655,1023,140,294.66,31,2024-09-25 04:02:00
5656,1022,467,1194.2,47,2024-08-04 17:35:00
5657,1006,687,275.6,7,2024-11-23 18:34:00
5658,1015,412,761.96,34,2024-09-15 18:43:00
5659,1032,705,1706.75,35,2024-07-13 15:49:00
5660,1039,572,1578.49,28,2024-11-06 10:10:00
5661,1037,292,218.82,35,2024-08-03 12:09:00
5662,1031,758,408.97,10,2024-09-23 08:56:00
5663,1028,993,1322.52,43,2024-06-23 08:17:00
5664,1008,304,1236.39,13,2024-07-26 00:14:00
5665,1000,221,717.72,21,2024-06-14 07:10:00
5666,1015,737,870.76,49,2024-11-04 11:37:00
5667,1029,393,899.79,33,2024-09-27 09:44:00
5668,1043,722,481.55,32,2024-10-04 18:23:00
5669,1041,436,1989.96,45,2024-11-17 10:43:00
5670,1026,363,1169.1,41,2024-10-31 04:29:00
5671,1021,729,808.63,44,2024-09-18 05:06:00
5672,1012,630,669.05,37,2024-11-26 18:45:00
5673,1047,50,247.29,15,2024-11-15 04:37:00
5674,1029,102,565.17,39,2024-06-08 18:02:00
5675,1028,105,968.69,42,2024-07-28 22:04:00
5676,1046,673,1807.12,29,2024-06-27 15:52:00
5677,1011,220,1230.33,22,2024-07-25 14:15:00
5678,1045,537,882.06,22,2024-09-07 17:17:00
5679,1009,858,1979.51,20,2024-09-13 07:23:00
5680,1033,400,660.26,7,2024-10-16 07:48:00
5681,1003,556,921.7,2,2024-06-04 18:39:00
5682,1031,128,1298.16,14,2024-07-20 10:32:00
5683,1012,123,488.5,21,2024-09-23 13:52:00
5684,1004,688,685.51,42,2024-08-10 07:39:00
5685,1036,222,142.26,44,2024-08-03 23:03:00
5686,1046,812,870.32,47,2024-10-13 19:47:00
5687,1042,416,529.75,15,2024-11-26 01:39:00
5688,1019,497,1500.58,32,2024-09-16 15:41:00
5689,1001,662,1240.12,12,2024-07-06 22:04:00
5690,1003,357,363.43,25,2024-07-07 02:25:00
5691,1008,294,357.9,29,2024-06-29 22:08:00
5692,1043,961,876.31,41,2024-10-07 10:31:00
5693,1011,372,1825.65,47,2024-09-05 01:51:00
5694,1023,846,699.02,2,2024-11-02 23:16:00
5695,1000,480,1064.73,11,2024-07-04 16:21:00
5696,1027,199,514.5,49,2024-11-24 08:28:00
5697,1005,822,682.26,30,2024-06-04 05:05:00
5698,1045,618,1987.61,36,2024-07-26 21:58:00
5699,1017,632,659.14,30,2024-06-26 00:08:00
5700,1049,392,478.25,38,2024-06-29 02:18:00
5701,1034,3,1973.14,40,2024-06-18 02:24:00
5702,1004,942,671.33,35,2024-10-14 19:26:00
5703,1028,99,1369.24,1,2024-10-11 02:30:00
5704,1039,320,687.28,21,2024-08-05 19:04:00
5705,1016,155,863.41,4,2024-11-13 21:15:00
5706,1034,645,353.94,16,2024-09-29 21:05:00
5707,1048,909,172.19,40,2024-06-29 18:57:00
5708,1009,144,1806.04,26,2024-06-28 08:45:00
5709,1018,664,1084.9,39,2024-10-10 04:05:00
5710,1017,913,278.47,33,2024-11-09 16:17:00
5711,1012,573,185.76,32,2024-08-14 13:41:00
5712,1015,835,69.74,45,2024-07-19 11:15:00
5713,1008,507,1862.3,29,2024-08-24 08:35:00
5714,1032,116,1350.96,31,2024-08-06 20:39:00
5715,1000,378,218.79,20,2024-07-19 21:37:00
5716,1007,960,1166.54,38,2024-11-07 10:11:00
5717,1046,544,1751.27,34,2024-08-27 05:11:00
5718,1024,116,1422.8,32,2024-09-18 13:04:00
5719,1019,956,762.46,30,2024-09-05 22:06:00
5720,1034,769,855.19,10,2024-08-13 08:57:00
5721,1001,804,464.85,4,2024-07-29 09:02:00
5722,1040,223,426.58,11,2024-07-15 08:03:00
5723,1041,973,1183.35,28,2024-10-16 14:13:00
5724,1035,348,126.68,33,2024-10-20 21:31:00
5725,1022,194,1349.43,30,2024-06-10 16:11:00
5726,1003,450,1194.85,47,2024-06-20 21:59:00
5727,1037,339,772.01,45,2024-11-08 22:50:00
5728,1030,321,598.42,30,2024-09-17 15:01:00
5729,1038,387,1863.28,11,2024-10-18 05:54:00
5730,1023,729,1226.69,39,2024-07-10 17:56:00
5731,1044,2,1457.72,15,2024-06-06 03:43:00
5732,1023,437,1203.13,40,2024-10-22 10:19:00
5733,1001,8,1569.42,49,2024-08-30 20:34:00
5734,1024,58,1109.93,25,2024-10-23 10:13:00
5735,1032,336,1928.56,17,2024-09-12 22:32:00
5736,1028,24,638.22,45,2024-10-04 08:38:00
5737,1001,428,1291.75,12,2024-10-03 05:39:00
5738,1042,687,689.76,45,2024-08-06 07:08:00
5739,1032,263,934.36,17,2024-10-09 20:23:00
5740,1013,833,845.0,19,2024-08-06 16:52:00
5741,1024,859,853.38,46,2024-10-13 20:34:00
5742,1002,959,1320.59,21,2024-11-10 14:18:00
5743,1030,865,1036.48,6,2024-08-17 22:04:00
5744,1028,112,153.09,36,2024-11-10 05:00:00
5745,1035,407,669.63,16,2024-07-20 02:29:00
5746,1037,149,716.24,13,2024-06-13 09:43:00
5747,1022,431,1119.03,21,2024-10-06 00:54:00
5748,1010,128,297.06,37,2024-10-14 10:30:00
5749,1023,574,1606.68,32,2024-07-07 18:50:00
5750,1030,227,934.7,41,2024-07-13 09:38:00
5751,1019,602,1274.73,30,2024-06-05 00:01:00
5752,1037,747,141.61,24,2024-09-09 18:58:00
5753,1005,310,1077.27,31,2024-11-02 00:43:00
5754,1040,784,184.07,20,2024-10-09 23:35:00
5755,1002,808,405.71,31,2024-08-06 11:40:00
5756,1016,903,704.36,35,2024-09-18 08:29:00
5757,1006,149,1141.77,29,2024-10-09 01:57:00
5758,1037,336,1712.74,46,2024-06-14 03:55:00
5759,1044,349,243.42,48,2024-10-08 14:25:00
5760,1015,667,670.46,23,2024-06-08 09:57:00
5761,1016,740,1265.84,23,2024-09-17 05:05:00
5762,1016,813,1558.88,38,2024-07-10 12:10:00
5763,1003,272,955.38,14,2024-08-16 16:11:00
5764,1046,517,82.65,10,2024-10-13 23:03:00
5765,1032,272,1036.56,43,2024-07-09 23:59:00
5766,1011,128,1286.52,36,2024-11-12 22:03:00
5767,1038,577,1555.12,44,2024-09-08 04:40:00
5768,1038,170,1016.35,42,2024-08-14 07:26:00
5769,1013,262,150.25,13,2024-11-27 13:53:00
5770,1013,390,1649.16,14,2024-11-23 17:30:00
5771,1033,617,720.79,18,2024-11-17 08:29:00
5772,1040,661,224.97,39,2024-07-30 18:56:00
5773,1009,530,946.54,22,2024-06-16 13:00:00
5774,1010,540,1089.43,26,2024-08-08 04:04:00
5775,1004,507,359.39,30,2024-08-18 02:14:00
5776,1045,543,1904.4,35,2024-07-05 20:46:00
5777,1018,950,1799.62,15,2024-09-04 23:32:00
5778,1039,85,742.97,17,2024-11-24 21:27:00
5779,1031,707,1014.01,24,2024-10-22 01:03:00
5780,1019,825,732.45,27,2024-10-10 23:13:00
5781,1023,435,742.45,47,2024-09-07 22:39:00
5782,1047,879,990.22,46,2024-08-18 12:38:00
5783,1041,778,483.58,20,2024-11-17 13:28:00
5784,1018,909,1444.51,50,2024-07-10 08:36:00
5785,1030,163,252.97,15,2024-06-01 18:17:00
5786,1012,239,1068.95,33,2024-10-29 02:44:00
5787,1040,329,798.59,25,2024-10-09 13:29:00
5788,1017,139,1214.94,40,2024-09-02 08:12:00
5789,1031,573,192.07,42,2024-06-14 19:52:00
5790,1012,267,1354.19,8,2024-10-14 03:51:00
5791,1047,595,920.11,4,2024-10-04 00:27:00
5792,1012,827,1269.91,32,2024-08-28 22:38:00
5793,1033,994,1384.06,18,2024-06-13 10:13:00
5794,1045,403,812.44,17,2024-07-08 20:07:00
5795,1013,951,1002.35,47,2024-10-16 20:51:00
5796,1026,48,213.16,9,2024-09-30 10:55:00
5797,1020,858,1455.5,17,2024-06-09 17:54:00
5798,1016,949,1125.49,12,2024-07-19 11:01:00
5799,1009,337,426.89,32,2024-10-02 18:12:00
5800,1021,135,141.17,28,2024-10-13 16:19:00
5801,1028,205,1246.41,23,2024-07-26 10:26:00
5802,1018,124,40.97,1,2024-09-15 12:39:00
5803,1041,9,1594.31,9,2024-07-21 10:48:00
5804,1002,447,440.95,7,2024-07-12 20:08:00
5805,1018,618,282.11,15,2024-10-13 20:41:00
5806,1014,300,462.11,12,2024-09-10 07:35:00
5807,1014,866,569.53,8,2024-06-09 23:47:00
5808,1007,428,850.19,41,2024-08-26 05:44:00
5809,1003,58,1547.8,2,2024-11-23 21:39:00
5810,1028,431,740.01,13,2024-06-21 16:16:00
5811,1041,219,1583.27,32,2024-06-20 07:48:00
5812,1030,913,467.44,38,2024-06-08 22:01:00
5813,1011,54,1060.25,20,2024-08-20 04:24:00
5814,1047,58,1604.06,26,2024-06-17 22:52:00
5815,1038,261,181.02,15,2024-08-10 11:43:00
5816,1028,210,1000.23,35,2024-10-17 01:45:00
5817,1010,923,1309.81,13,2024-11-15 08:39:00
5818,1041,761,399.66,31,2024-09-27 11:07:00
5819,1048,913,197.18,18,2024-09-13 17:19:00
5820,1008,504,1537.37,28,2024-07-09 01:19:00
5821,1045,398,228.05,21,2024-08-26 16:02:00
5822,1044,626,937.97,8,2024-10-12 23:11:00
5823,1045,312,1771.66,10,2024-08-25 08:42:00
5824,1043,545,1398.8,41,2024-11-04 13:17:00
5825,1013,71,293.52,27,2024-09-04 00:56:00
5826,1028,918,1086.48,3,2024-06-14 06:34:00
5827,1029,11,319.87,47,2024-06-19 06:15:00
5828,1005,885,449.83,44,2024-08-06 10:03:00
5829,1007,495,257.41,27,2024-07-10 16:28:00
5830,1024,427,1817.93,5,2024-10-04 03:52:00
5831,1030,358,926.81,5,2024-10-08 05:54:00
5832,1026,487,51.56,13,2024-08-31 13:37:00
5833,1030,320,1558.36,29,2024-10-09 10:14:00
5834,1010,558,173.59,32,2024-08-03 23:18:00
5835,1045,103,1360.92,49,2024-08-29 23:35:00
5836,1045,411,979.55,23,2024-11-12 16:24:00
5837,1012,823,1351.27,39,2024-06-09 06:10:00
5838,1043,91,1508.29,20,2024-11-24 07:24:00
5839,1049,661,111.74,21,2024-09-05 12:42:00
5840,1014,176,891.74,31,2024-09-08 10:15:00
5841,1014,409,1646.0,36,2024-08-03 17:24:00
5842,1045,544,453.39,45,2024-08-20 20:31:00
5843,1005,942,892.12,50,2024-06-10 15:04:00
5844,1018,683,790.13,30,2024-08-04 15:12:00
5845,1037,148,710.22,42,2024-10-12 23:25:00
5846,1034,156,830.64,9,2024-06-20 23:08:00
5847,1046,716,289.48,47,2024-11-15 07:46:00
5848,1001,797,734.89,39,2024-09-17 19:22:00
5849,1011,331,142.86,50,2024-08-12 08:54:00
5850,1007,561,1488.54,28,2024-10-16 13:17:00
5851,1042,322,638.58,1,2024-08-25 15:45:00
5852,1038,786,1611.47,21,2024-06-14 19:08:00
5853,1016,365,835.57,25,2024-07-15 13:01:00
5854,1012,645,1608.53,26,2024-09-19 17:47:00
5855,1049,448,1140.96,47,2024-10-29 04:09:00
5856,1046,70,222.12,37,2024-09-11 16:23:00
5857,1030,51,1684.62,27,2024-08-02 02:59:00
5858,1036,417,149.96,33,2024-08-18 16:25:00
5859,1041,22,129.2,37,2024-06-14 14:03:00
5860,1039,434,570.96,41,2024-08-29 09:40:00
5861,1030,326,991.2,44,2024-09-23 09:47:00
5862,1035,416,475.87,11,2024-09-01 16:27:00
5863,1048,705,1884.08,22,2024-06-16 23:43:00
5864,1046,524,1281.33,28,2024-08-16 15:02:00
5865,1010,0,215.16,10,2024-06-06 01:23:00
5866,1022,345,256.11,22,2024-07-22 07:53:00
5867,1015,705,937.22,45,2024-06-12 00:19:00
5868,1033,698,1959.62,12,2024-07-21 14:35:00
5869,1015,332,1175.51,20,2024-09-17 09:26:00
5870,1017,34,1614.38,32,2024-07-31 01:06:00
5871,1010,200,1411.89,26,2024-10-02 09:14:00
5872,1021,911,1998.51,30,2024-10-31 11:15:00
5873,1045,858,1087.44,34,2024-07-27 08:44:00
5874,1028,940,1755.2,31,2024-10-04 14:07:00
5875,1026,842,66.8,9,2024-09-23 06:04:00
5876,1034,696,1132.79,43,2024-07-29 09:43:00
5877,1004,299,466.78,42,2024-10-17 14:05:00
5878,1032,841,266.99,11,2024-10-02 03:30:00
5879,1024,273,1723.9,36,2024-07-30 21:07:00
5880,1047,706,1004.14,12,2024-08-21 20:20:00
5881,1033,857,590.08,37,2024-11-11 01:04:00
5882,1021,532,489.61,49,2024-09-11 00:44:00
5883,1022,334,188.17,34,2024-08-12 17:21:00
5884,1001,243,948.39,3,2024-06-18 03:29:00
5885,1029,116,981.65,44,2024-11-26 22:09:00
5886,1042,376,1299.32,45,2024-11-27 18:09:00
5887,1003,780,1769.18,2,2024-11-21 11:08:00
5888,1048,296,1381.76,44,2024-09-14 17:03:00
5889,1015,899,429.59,9,2024-08-25 07:48:00
5890,1034,867,115.76,31,2024-07-18 01:06:00
5891,1000,243,1072.17,40,2024-08-06 01:29:00
5892,1007,965,596.64,29,2024-07-05 21:13:00
5893,1005,934,1704.35,1,2024-06-16 06:36:00
5894,1015,129,743.65,14,2024-10-01 13:14:00
5895,1023,823,1746.8,3,2024-09-29 16:42:00
5896,1023,635,1124.48,35,2024-07-02 21:20:00
5897,1021,912,1925.58,16,2024-09-23 21:44:00
5898,1020,487,873.98,24,2024-10-06 04:13:00
5899,1027,530,557.74,16,2024-06-24 05:04:00
5900,1022,76,446.26,1,2024-10-05 19:05:00
5901,1047,983,1001.08,5,2024-09-22 23:41:00
5902,1012,166,1309.87,19,2024-06-13 02:45:00
5903,1045,50,1698.39,29,2024-06-19 16:14:00
5904,1013,133,1615.5,21,2024-11-12 14:20:00
5905,1026,557,112.89,8,2024-08-24 14:47:00
5906,1011,355,1143.11,22,2024-08-24 22:58:00
5907,1023,561,838.36,42,2024-07-16 18:00:00
5908,1000,48,1509.53,10,2024-08-25 17:41:00
5909,1046,82,1769.49,43,2024-08-18 00:41:00
5910,1015,116,1902.73,29,2024-11-09 14:32:00
5911,1024,733,114.25,5,2024-10-22 21:40:00
5912,1009,142,797.4,34,2024-10-08 14:27:00
5913,1018,569,487.61,26,2024-08-28 18:09:00
5914,1033,915,926.26,30,2024-09-04 14:40:00
5915,1030,907,1641.92,7,2024-07-15 12:03:00
5916,1027,597,1376.44,29,2024-06-08 11:42:00
5917,1038,157,1462.06,2,2024-06-17 11:58:00
5918,1024,486,1604.07,3,2024-08-04 23:45:00
5919,1004,387,801.57,20,2024-08-19 19:32:00
5920,1021,384,1211.79,37,2024-08-19 17:55:00
5921,1029,640,783.95,48,2024-07-08 22:36:00
5922,1008,266,402.02,39,2024-10-28 15:09:00
5923,1038,465,1321.48,37,2024-10-24 00:13:00
5924,1014,693,1393.54,32,2024-07-04 13:15:00
5925,1019,553,810.93,19,2024-08-04 09:46:00
5926,1011,297,561.38,6,2024-06-30 14:21:00
5927,1012,780,1923.82,26,2024-10-03 23:23:00
5928,1012,439,788.27,29,2024-08-19 23:48:00
5929,1016,499,1706.41,5,2024-09-20 16:01:00
5930,1018,708,1431.95,19,2024-09-22 23:18:00
5931,1022,675,1224.09,49,2024-10-22 02:16:00
5932,1043,610,1618.02,41,2024-07-01 23:59:00
5933,1032,995,398.4,23,2024-06-16 09:34:00
5934,1046,703,1940.28,41,2024-11-23 13:36:00
5935,1004,392,1335.92,46,2024-09-03 04:59:00
5936,1042,801,1606.55,10,2024-11-21 23:48:00
5937,1005,994,1583.54,27,2024-10-13 03:37:00
5938,1045,959,1504.59,23,2024-08-24 16:15:00
5939,1039,235,73.84,35,2024-10-11 20:02:00
5940,1041,294,443.73,39,2024-07-22 16:57:00
5941,1049,226,1488.93,24,2024-09-08 21:16:00
5942,1006,149,522.07,50,2024-10-09 17:09:00
5943,1007,833,173.07,37,2024-06-11 04:31:00
5944,1030,450,374.02,8,2024-11-19 14:07:00
5945,1040,921,1628.09,34,2024-11-09 19:20:00
5946,1024,448,842.02,46,2024-10-26 04:48:00
5947,1049,971,1746.47,5,2024-10-30 18:31:00
5948,1024,732,332.42,17,2024-10-10 07:46:00
5949,1042,758,1980.08,37,2024-11-15 19:13:00
5950,1005,897,1334.41,17,2024-07-08 06:24:00
5951,1044,21,1555.5,25,2024-09-14 15:38:00
5952,1033,635,462.42,29,2024-11-17 22:33:00
5953,1046,845,938.76,45,2024-09-17 03:57:00
5954,1025,814,1071.61,24,2024-07-12 14:41:00
5955,1002,499,1814.55,29,2024-08-14 12:03:00
5956,1049,23,1287.74,37,2024-07-02 07:47:00
5957,1015,18,1106.28,11,2024-09-22 10:38:00
5958,1048,930,1237.38,8,2024-06-02 11:38:00
5959,1026,151,403.15,36,2024-11-09 11:22:00
5960,1000,826,968.98,44,2024-06-10 05:40:00
5961,1027,196,939.07,43,2024-11-23 05:27:00
5962,1024,857,852.32,41,2024-08-31 18:32:00
5963,1035,180,1679.27,34,2024-09-17 04:32:00
5964,1003,920,1045.0,37,2024-11-17 04:10:00
5965,1045,490,1514.67,3,2024-06-20 00:42:00
5966,1018,703,623.9,17,2024-09-11 12:58:00
5967,1016,244,1434.87,3,2024-07-25 17:27:00
5968,1012,973,1547.91,28,2024-08-04 15:46:00
5969,1044,773,378.25,44,2024-11-04 22:20:00
5970,1007,965,968.76,47,2024-09-04 03:56:00
5971,1047,336,1554.85,29,2024-08-14 14:56:00
5972,1044,348,669.91,38,2024-09-02 20:55:00
5973,1043,277,1494.44,40,2024-07-23 04:50:00
5974,1049,840,302.41,35,2024-07-17 15:11:00
5975,1018,345,122.91,3,2024-10-21 01:37:00
5976,1023,590,681.46,29,2024-06-22 05:24:00
5977,1005,743,1196.68,38,2024-08-10 13:41:00
5978,1018,219,1656.34,6,2024-07-29 06:58:00
5979,1016,98,1992.64,21,2024-10-24 16:48:00
5980,1045,925,678.78,34,2024-07-29 20:23:00
5981,1010,126,463.67,11,2024-10-13 01:44:00
5982,1005,605,253.2,11,2024-06-12 20:43:00
5983,1025,261,717.01,38,2024-11-26 15:49:00
5984,1008,64,1047.39,44,2024-09-22 10:17:00
5985,1036,914,1489.15,44,2024-07-08 19:59:00
5986,1016,637,1609.77,42,2024-09-10 11:01:00
5987,1020,51,1450.78,35,2024-06-26 05:18:00
5988,1028,445,1526.68,38,2024-08-08 23:42:00
5989,1026,130,472.8,50,2024-08-17 11:07:00
5990,1017,456,1592.82,42,2024-08-30 18:51:00
5991,1006,436,606.51,45,2024-06-20 05:33:00
5992,1026,121,1588.01,49,2024-06-10 05:53:00
5993,1030,157,471.84,13,2024-10-14 08:28:00
5994,1022,705,1153.07,35,2024-11-25 09:54:00
5995,1010,766,1763.85,45,2024-06-13 12:11:00
5996,1028,991,278.51,9,2024-10-30 04:49:00
5997,1030,539,1576.85,21,2024-06-01 10:39:00
5998,1023,390,920.91,24,2024-08-25 21:49:00
5999,1040,390,1646.79,8,2024-11-15 04:06:00
6000,1041,773,1545.04,19,2024-09-01 14:23:00
6001,1038,55,1571.19,45,2024-09-07 00:59:00
6002,1048,47,1142.38,22,2024-06-04 03:48:00
6003,1004,453,1673.76,43,2024-06-25 14:13:00
6004,1041,519,1319.41,45,2024-06-23 20:57:00
6005,1011,380,1051.63,48,2024-11-18 12:41:00
6006,1022,610,1717.24,25,2024-08-13 06:24:00
6007,1035,402,644.02,31,2024-11-14 10:29:00
6008,1040,194,353.02,24,2024-06-23 12:52:00
6009,1013,884,410.7,47,2024-11-08 10:46:00
6010,1032,596,1601.95,44,2024-10-20 11:51:00
6011,1017,287,1231.4,22,2024-07-03 21:22:00
6012,1008,871,58156.88,21,2024-08-06 09:26:00
6013,1020,863,1064.59,12,2024-08-15 06:52:00
6014,1041,752,1764.23,22,2024-11-22 00:02:00
6015,1041,170,1028.61,50,2024-09-29 00:04:00
6016,1027,726,223.6,10,2024-11-04 14:28:00
6017,1033,498,1990.33,33,2024-08-27 12:00:00
6018,1016,326,1597.82,18,2024-08-22 06:27:00
6019,1016,426,1398.3,42,2024-08-15 20:54:00
6020,1046,274,1106.65,46,2024-06-21 12:18:00
6021,1004,780,1062.36,9,2024-09-18 01:31:00
6022,1010,927,946.84,24,2024-10-17 03:55:00
6023,1024,630,520.53,33,2024-10-19 04:54:00
6024,1008,265,721.68,2,2024-06-01 14:49:00
6025,1012,506,1550.97,11,2024-10-20 04:51:00
6026,1002,942,1320.59,50,2024-07-27 16:05:00
6027,1008,122,1543.08,15,2024-06-08 23:24:00
6028,1033,971,957.25,24,2024-09-05 05:03:00
6029,1032,348,1313.91,31,2024-06-03 16:47:00
6030,1009,346,1217.35,8,2024-08-05 00:27:00
6031,1007,145,754.68,2,2024-06-07 16:36:00
6032,1002,918,1729.21,9,2024-11-11 20:18:00
6033,1046,365,742.98,11,2024-07-16 14:20:00
6034,1028,734,1077.73,49,2024-07-09 14:19:00
6035,1029,592,1642.01,35,2024-10-25 06:09:00
6036,1026,639,1906.11,50,2024-09-08 15:10:00
6037,1033,677,986.16,13,2024-11-06 09:31:00
6038,1027,269,1463.14,16,2024-11-25 00:36:00
6039,1032,219,1515.42,50,2024-06-10 08:42:00
6040,1034,351,1578.7,1,2024-06-18 06:57:00
6041,1002,967,1943.51,48,2024-06-30 09:16:00
6042,1021,620,938.37,48,2024-11-09 02:43:00
6043,1022,719,1416.95,11,2024-08-20 20:26:00
6044,1039,914,703.94,21,2024-07-12 04:31:00
6045,1040,564,915.47,7,2024-08-16 13:48:00
6046,1046,58,119.45,38,2024-11-02 03:39:00
6047,1047,671,1553.96,43,2024-08-09 16:42:00
6048,1041,519,414.23,28,2024-11-03 02:08:00
6049,1035,156,325.31,27,2024-09-11 21:24:00
6050,1043,48,439.76,49,2024-06-03 01:32:00
6051,1035,735,1959.99,30,2024-11-27 05:05:00
6052,1000,444,1070.79,40,2024-07-11 18:35:00
6053,1011,217,365.9,31,2024-11-08 14:48:00
6054,1030,260,132.69,34,2024-08-21 23:01:00
6055,1049,808,873.16,46,2024-09-21 11:13:00
6056,1013,138,766.34,30,2024-10-22 15:17:00
6057,1031,389,863.84,35,2024-08-20 18:14:00
6058,1028,226,796.37,7,2024-06-18 13:25:00
6059,1017,407,1912.14,12,2024-06-17 23:14:00
6060,1044,51,1098.08,22,2024-09-05 01:14:00
6061,1040,129,760.47,13,2024-06-22 13:37:00
6062,1042,981,214.45,29,2024-10-12 03:04:00
6063,1045,579,1832.12,44,2024-08-06 23:02:00
6064,1036,944,1863.67,17,2024-06-28 01:55:00
6065,1007,944,1937.68,46,2024-07-07 23:42:00
6066,1006,548,1037.78,31,2024-07-10 12:56:00
6067,1024,978,879.53,41,2024-08-21 15:55:00
6068,1042,521,1036.66,18,2024-08-31 00:11:00
6069,1008,463,1322.09,22,2024-07-18 20:02:00
6070,1006,647,202.28,50,2024-10-26 07:35:00
6071,1007,540,955.26,35,2024-09-04 19:48:00
6072,1018,672,1036.21,19,2024-08-27 10:44:00
6073,1033,600,150.86,31,2024-11-03 15:17:00
6074,1021,546,66.04,5,2024-09-08 09:18:00
6075,1035,318,577.6,16,2024-11-05 08:44:00
6076,1025,457,89.3,2,2024-09-17 04:05:00
6077,1023,705,744.75,27,2024-09-27 19:11:00
6078,1004,126,1465.13,23,2024-08-07 10:29:00
6079,1039,289,223.67,30,2024-09-08 10:21:00
6080,1021,214,1030.54,38,2024-09-15 23:06:00
6081,1025,745,1470.99,33,2024-09-06 14:07:00
6082,1024,223,1436.76,7,2024-10-04 11:48:00
6083,1036,752,1431.42,20,2024-10-12 04:04:00
6084,1032,852,565.83,9,2024-10-15 22:22:00
6085,1022,265,757.09,38,2024-11-05 19:54:00
6086,1032,861,89.84,45,2024-10-08 02:33:00
6087,1021,436,1622.54,3,2024-06-19 00:43:00
6088,1042,11,1560.09,37,2024-09-18 20:53:00
6089,1003,68,610.29,4,2024-10-26 22:24:00
6090,1035,265,585.38,29,2024-07-07 11:05:00
6091,1030,869,1300.71,9,2024-07-12 05:27:00
6092,1000,343,1012.89,26,2024-10-28 12:55:00
6093,1038,393,1206.97,35,2024-09-18 14:41:00
6094,1031,799,1889.4,26,2024-11-18 12:56:00
6095,1048,914,1048.09,12,2024-10-25 17:52:00
6096,1007,426,1510.44,2,2024-07-22 22:40:00
6097,1041,127,1905.01,29,2024-11-14 12:13:00
6098,1026,144,631.46,16,2024-06-20 11:05:00
6099,1010,62,1844.78,2,2024-09-07 07:36:00
6100,1006,368,1599.28,14,2024-08-05 03:26:00
6101,1046,412,722.76,36,2024-11-01 05:34:00
6102,1026,838,744.6,6,2024-10-15 22:12:00
6103,1045,329,1887.76,33,2024-07-26 04:56:00
6104,1005,792,1732.96,39,2024-06-14 15:50:00
6105,1038,163,913.53,14,2024-10-30 04:30:00
6106,1015,790,1740.86,29,2024-07-24 12:43:00
6107,1023,204,1218.46,6,2024-11-12 19:14:00
6108,1039,278,1225.86,28,2024-08-03 08:42:00
6109,1011,24,1992.49,19,2024-08-18 21:09:00
6110,1015,209,1896.88,41,2024-07-02 07:18:00
6111,1040,966,954.77,10,2024-11-01 05:40:00
6112,1005,855,1367.63,20,2024-10-15 10:40:00
6113,1014,623,1007.94,42,2024-06-08 23:55:00
6114,1036,48,117.7,3,2024-06-11 18:25:00
6115,1025,536,730.9,44,2024-06-22 23:47:00
6116,1002,82,946.87,2,2024-08-29 19:43:00
6117,1040,937,319.7,34,2024-11-05 12:39:00
6118,1025,136,1116.26,25,2024-06-20 18:10:00
6119,1022,106,591.69,30,2024-09-23 18:31:00
6120,1019,665,1374.68,43,2024-09-12 16:55:00
6121,1015,717,889.58,12,2024-11-10 22:13:00
6122,1025,626,689.32,8,2024-07-23 15:30:00
6123,1031,288,1859.26,38,2024-09-16 22:37:00
6124,1007,985,1921.15,49,2024-06-28 11:37:00
6125,1043,973,1929.19,5,2024-11-23 12:01:00
6126,1004,830,1668.05,28,2024-08-03 06:20:00
6127,1048,757,156.28,1,2024-06-27 20:25:00
6128,1027,905,892.14,24,2024-10-04 15:02:00
6129,1005,273,189.41,37,2024-09-03 22:15:00
6130,1013,544,1078.94,4,2024-10-28 19:49:00
6131,1003,528,888.29,34,2024-08-08 04:14:00
6132,1020,638,1995.99,18,2024-06-13 04:11:00
6133,1021,948,1519.62,50,2024-07-29 15:19:00
6134,1046,710,662.48,35,2024-11-12 05:05:00
6135,1039,907,171.54,24,2024-10-11 12:45:00
6136,1027,297,675.57,15,2024-08-29 05:06:00
6137,1040,934,817.91,4,2024-07-17 07:43:00
6138,1038,965,91.58,30,2024-07-12 22:29:00
6139,1033,870,1796.22,34,2024-08-31 10:02:00
6140,1043,785,1214.57,11,2024-11-07 09:17:00
6141,1023,217,1510.3,17,2024-07-17 06:42:00
6142,1041,515,1299.74,16,2024-10-14 12:55:00
6143,1014,224,1167.54,23,2024-10-17 02:47:00
6144,1037,996,1417.93,12,2024-10-19 14:07:00
6145,1027,290,536.67,13,2024-09-18 01:57:00
6146,1005,517,1631.78,14,2024-10-13 11:20:00
6147,1036,856,310.54,25,2024-11-10 04:37:00
6148,1008,910,418.92,12,2024-10-29 12:12:00
6149,1048,507,293.23,49,2024-07-04 05:17:00
6150,1042,655,548.91,50,2024-07-01 05:06:00
6151,1005,722,768.64,41,2024-09-26 16:57:00
6152,1022,34,1352.87,31,2024-11-24 11:32:00
6153,1039,446,366.19,14,2024-10-07 12:24:00
6154,1047,842,1883.91,42,2024-10-26 11:24:00
6155,1005,522,834.1,48,2024-10-23 00:30:00
6156,1011,700,496.51,16,2024-10-12 13:47:00
6157,1030,893,229.51,45,2024-07-08 13:31:00
6158,1017,716,236.56,22,2024-06-28 15:57:00
6159,1031,808,287.49,36,2024-07-24 19:38:00
6160,1026,180,1925.86,44,2024-06-19 18:52:00
6161,1034,182,510.77,17,2024-11-26 15:51:00
6162,1013,490,1001.52,34,2024-07-27 02:28:00
6163,1031,672,253.6,11,2024-10-11 03:52:00
6164,1029,381,729.59,1,2024-10-05 00:05:00
6165,1007,568,1890.35,31,2024-11-23 04:38:00
6166,1037,729,1523.69,17,2024-08-14 12:43:00
6167,1016,412,1615.54,42,2024-08-28 07:53:00
6168,1036,464,422.89,15,2024-11-22 12:21:00
6169,1029,891,1155.16,32,2024-10-02 09:25:00
6170,1011,81,560.11,10,2024-08-18 00:26:00
6171,1046,514,389.22,23,2024-11-03 05:05:00
6172,1014,235,906.85,34,2024-06-08 15:14:00
6173,1033,0,727.58,27,2024-06-18 09:05:00
6174,1031,300,1398.08,9,2024-07-01 01:25:00
6175,1031,138,1709.99,14,2024-11-12 15:52:00
6176,1022,71,325.47,41,2024-09-17 22:58:00
6177,1006,252,1968.57,50,2024-11-09 22:37:00
6178,1005,234,995.49,35,2024-11-12 01:31:00
6179,1019,376,951.82,18,2024-11-06 14:27:00
6180,1011,3,863.95,3,2024-09-24 12:53:00
6181,1018,780,1324.58,50,2024-10-02 12:32:00
6182,1032,206,1971.98,24,2024-11-08 03:17:00
6183,1011,598,1594.6,37,2024-08-10 20:33:00
6184,1003,131,1245.26,39,2024-09-11 20:26:00
6185,1042,613,877.52,36,2024-09-26 08:26:00
6186,1046,516,1592.81,46,2024-06-08 00:15:00
6187,1024,690,685.27,48,2024-06-25 10:45:00
6188,1002,989,1120.64,12,2024-06-22 10:25:00
6189,1000,654,1833.11,27,2024-11-21 01:53:00
6190,1014,375,721.75,30,2024-08-03 23:52:00
6191,1024,341,261.54,25,2024-08-12 05:44:00
6192,1011,9,1259.25,42,2024-07-27 03:54:00
6193,1013,391,1579.61,3,2024-06-27 21:08:00
6194,1049,292,151.7,25,2024-06-22 03:03:00
6195,1037,498,536.28,10,2024-09-19 04:11:00
6196,1037,230,1698.64,27,2024-10-22 05:45:00
6197,1036,813,1611.87,3,2024-06-27 14:57:00
6198,1004,84,312.67,49,2024-06-02 16:08:00
6199,1037,225,573.11,15,2024-07-05 23:17:00
6200,1048,385,1274.45,42,2024-10-08 11:16:00
6201,1042,244,490.59,18,2024-07-15 13:29:00
6202,1023,782,1791.75,32,2024-08-27 12:15:00
6203,1029,842,773.2,46,2024-09-13 16:27:00
6204,1032,461,1550.13,19,2024-08-29 10:32:00
6205,1001,201,1392.8,15,2024-07-13 19:57:00
6206,1030,823,1671.55,6,2024-07-27 18:05:00
6207,1037,490,692.68,25,2024-07-08 00:07:00
6208,1030,667,1489.44,6,2024-06-19 04:46:00
6209,1039,963,666.27,9,2024-10-12 22:13:00
6210,1020,378,666.52,31,2024-11-11 19:23:00
6211,1029,133,1587.69,39,2024-09-27 23:53:00
6212,1014,365,110.38,11,2024-10-17 15:24:00
6213,1030,447,1687.2,45,2024-09-05 15:14:00
6214,1049,139,618.97,7,2024-08-04 05:30:00
6215,1049,698,69.63,17,2024-10-22 21:30:00
6216,1016,881,451.04,4,2024-11-28 02:33:00
6217,1031,881,1642.77,21,2024-08-01 21:47:00
6218,1034,780,658.09,38,2024-11-20 23:01:00
6219,1021,965,1596.68,47,2024-09-05 07:01:00
6220,1047,259,583.96,19,2024-07-28 15:46:00
6221,1003,797,360.64,5,2024-06-30 20:41:00
6222,1011,228,1226.58,7,2024-09-06 09:55:00
6223,1042,232,1326.25,12,2024-08-27 02:30:00
6224,1023,939,1619.73,29,2024-11-23 05:36:00
6225,1048,857,585.48,14,2024-10-01 00:17:00
6226,1033,543,242.78,38,2024-07-01 20:22:00
6227,1016,188,1824.92,40,2024-10-21 20:14:00
6228,1042,854,577.18,48,2024-10-31 17:33:00
6229,1042,973,313.22,10,2024-10-26 08:16:00
6230,1005,254,418.39,23,2024-11-20 10:34:00
6231,1045,453,1598.91,14,2024-06-19 15:58:00
6232,1034,4,1902.59,6,2024-06-16 20:02:00
6233,1049,392,1614.83,50,2024-08-19 01:33:00
6234,1007,416,839.4,27,2024-06-14 17:12:00
6235,1028,340,1964.21,31,2024-11-16 08:31:00
6236,1006,198,748.06,19,2024-08-28 10:21:00
6237,1016,969,412.27,17,2024-06-03 23:09:00
6238,1026,302,86.76,24,2024-06-09 08:30:00
6239,1047,512,1635.27,20,2024-11-05 17:09:00
6240,1030,716,1766.35,5,2024-11-26 21:13:00
6241,1029,312,1239.08,29,2024-08-21 09:17:00
6242,1024,453,957.75,1,2024-08-17 04:45:00
6243,1003,122,574.19,30,2024-07-29 20:07:00
6244,1014,235,648.62,26,2024-06-12 03:22:00
6245,1038,570,133.86,27,2024-08-29 13:16:00
6246,1027,657,1771.49,40,2024-09-24 22:23:00
6247,1031,295,266.94,43,2024-08-26 12:55:00
6248,1030,640,1646.56,38,2024-07-04 16:59:00
6249,1012,162,840.69,22,2024-10-14 02:42:00
6250,1047,611,1215.64,48,2024-10-10 01:06:00
6251,1031,150,861.05,8,2024-09-16 22:24:00
6252,1011,502,225.76,31,2024-06-26 19:58:00
6253,1021,855,131.89,16,2024-09-10 00:13:00
6254,1044,502,1792.36,17,2024-08-01 14:56:00
6255,1026,235,592.45,37,2024-06-25 10:12:00
6256,1029,339,853.54,30,2024-09-03 23:46:00
6257,1027,563,906.82,19,2024-09-16 02:08:00
6258,1037,304,264.86,43,2024-08-25 02:40:00
6259,1032,82,754.42,6,2024-07-26 23:15:00
6260,1030,835,910.55,45,2024-11-07 07:31:00
6261,1004,244,2104.69,50,2024-06-19 23:21:00
6262,1022,201,1344.15,40,2024-11-05 11:05:00
6263,1034,842,1664.7,34,2024-08-01 22:15:00
6264,1008,600,1067.14,31,2024-06-16 13:22:00
6265,1006,509,1061.86,38,2024-09-07 03:58:00
6266,1047,804,1250.2,22,2024-08-21 15:23:00
6267,1005,699,1039.78,1,2024-10-19 03:25:00
6268,1003,672,554.58,5,2024-06-30 05:48:00
6269,1009,551,145.55,28,2024-10-18 14:49:00
6270,1007,306,1459.14,45,2024-07-28 03:37:00
6271,1028,215,23179.0,19,2024-07-26 18:01:00
6272,1016,66,301.48,39,2024-09-30 02:02:00
6273,1010,827,1052.35,8,2024-07-09 09:24:00
6274,1030,990,1886.54,43,2024-11-11 19:04:00
6275,1010,876,103.93,6,2024-10-16 09:08:00
6276,1023,338,926.4,32,2024-08-03 06:28:00
6277,1000,130,1570.51,5,2024-08-22 09:10:00
6278,1021,941,1601.05,6,2024-07-16 04:14:00
6279,1031,953,1242.8,40,2024-11-08 20:56:00
6280,1030,531,1258.77,11,2024-07-30 02:54:00
6281,1046,633,758.94,23,2024-11-25 17:35:00
6282,1022,854,1716.29,5,2024-11-06 04:33:00
6283,1047,647,1742.92,1,2024-07-17 04:23:00
6284,1039,218,947.0,12,2024-11-14 14:21:00
6285,1020,707,1204.76,8,2024-11-21 19:08:00
6286,1022,517,162.72,3,2024-07-14 12:33:00
6287,1028,350,1538.69,14,2024-08-19 19:09:00
6288,1046,584,1415.88,41,2024-06-14 13:18:00
6289,1038,741,1812.3,43,2024-08-13 00:52:00
6290,1021,235,1998.0,10,2024-06-16 21:31:00
6291,1033,853,921.1,29,2024-08-11 04:27:00
6292,1017,222,55.99,13,2024-10-22 04:43:00
6293,1023,408,349.77,8,2024-06-22 07:23:00
6294,1037,982,833.14,14,2024-11-03 13:22:00
6295,1043,115,1087.64,11,2024-11-27 18:20:00
6296,1044,747,745.93,11,2024-07-21 11:23:00
6297,1038,569,27898.57,37,2024-07-10 08:16:00
6298,1025,592,1090.52,8,2024-07-27 23:39:00
6299,1028,965,1278.57,19,2024-07-09 03:11:00
6300,1034,503,979.74,35,2024-06-08 16:16:00
6301,1007,727,196.52,22,2024-06-13 11:56:00
6302,1033,248,568.29,2,2024-08-23 21:55:00
6303,1001,205,179.14,5,2024-08-18 22:10:00
6304,1016,918,998.31,26,2024-06-27 04:04:00
6305,1034,118,1427.76,28,2024-08-02 04:52:00
6306,1008,826,409.64,27,2024-07-15 20:53:00
6307,1040,14,1628.74,42,2024-11-26 16:37:00
6308,1008,152,77.15,25,2024-10-30 14:16:00
6309,1039,709,768.82,1,2024-07-04 08:08:00
6310,1047,781,1056.9,19,2024-06-30 02:33:00
6311,1005,999,1499.71,8,2024-07-08 00:31:00
6312,1013,846,1245.86,42,2024-06-26 13:04:00
6313,1033,714,1813.51,20,2024-08-16 07:48:00
6314,1032,132,1234.74,40,2024-06-13 22:58:00
6315,1017,176,518.44,50,2024-06-09 05:46:00
6316,1010,581,182.66,46,2024-06-27 17:06:00
6317,1044,271,1490.9,35,2024-08-18 11:32:00
6318,1037,519,1221.73,27,2024-10-25 10:43:00
6319,1011,484,1220.79,22,2024-09-21 12:21:00
6320,1016,327,271.93,42,2024-08-02 13:50:00
6321,1029,443,655.1,17,2024-10-20 04:02:00
6322,1045,471,418.9,36,2024-06-08 17:09:00
6323,1041,904,798.63,17,2024-10-21 04:46:00
6324,1041,676,1071.62,8,2024-08-05 10:21:00
6325,1002,508,839.85,34,2024-10-01 00:47:00
6326,1001,28,1346.68,38,2024-10-14 01:21:00
6327,1045,318,1384.28,35,2024-07-08 18:01:00
6328,1042,399,1580.44,22,2024-10-26 02:04:00
6329,1025,963,1919.96,43,2024-10-04 11:36:00
6330,1011,109,1716.12,37,2024-10-01 07:05:00
6331,1006,38,424.35,34,2024-09-04 00:12:00
6332,1010,546,860.1,20,2024-07-11 12:47:00
6333,1024,643,1467.62,50,2024-09-18 12:13:00
6334,1023,535,794.76,13,2024-07-05 03:08:00
6335,1007,413,1331.21,39,2024-09-06 16:15:00
6336,1026,424,175.25,12,2024-10-12 13:30:00
6337,1037,880,365.97,9,2024-10-11 10:58:00
6338,1041,673,1660.49,33,2024-08-26 15:04:00
6339,1008,328,909.09,3,2024-09-25 12:09:00
6340,1000,397,271.4,7,2024-09-11 10:34:00
6341,1020,784,761.79,8,2024-09-10 18:59:00
6342,1039,706,148.86,30,2024-07-06 16:58:00
6343,1043,130,153.85,31,2024-09-06 08:34:00
6344,1007,207,1157.54,13,2024-10-30 04:04:00
6345,1024,95,674.05,22,2024-09-28 06:05:00
6346,1032,461,1210.06,38,2024-08-17 02:10:00
6347,1017,892,81.41,1,2024-07-24 03:54:00
6348,1044,705,1979.79,12,2024-06-15 02:50:00
6349,1027,286,332.49,24,2024-10-17 12:40:00
6350,1032,530,50.34,8,2024-08-15 00:46:00
6351,1036,4,718.11,22,2024-09-18 09:55:00
6352,1017,371,1905.94,17,2024-07-01 16:35:00
6353,1024,589,309.82,21,2024-08-23 06:30:00
6354,1043,396,1421.64,50,2024-09-26 13:15:00
6355,1042,965,875.44,44,2024-10-25 09:52:00
6356,1032,692,593.38,14,2024-11-15 18:59:00
6357,1049,440,800.68,13,2024-09-21 22:58:00
6358,1030,913,1090.23,22,2024-10-14 03:12:00
6359,1034,905,1579.16,22,2024-11-04 08:59:00
6360,1023,526,784.01,47,2024-09-02 08:56:00
6361,1007,940,653.54,8,2024-08-12 21:39:00
6362,1033,435,76454.1,39,2024-06-05 00:54:00
6363,1041,23,1888.59,26,2024-07-23 12:02:00
6364,1004,925,437.15,9,2024-11-01 22:46:00
6365,1008,521,306.64,8,2024-06-24 10:43:00
6366,1016,321,88.96,46,2024-06-29 15:40:00
6367,1029,628,1100.38,39,2024-07-22 15:02:00
6368,1000,559,947.76,23,2024-08-24 06:52:00
6369,1002,669,571.28,19,2024-07-10 14:39:00
6370,1002,388,1897.75,23,2024-10-31 20:46:00
6371,1009,904,182.0,10,2024-06-21 15:21:00
6372,1019,656,173.09,2,2024-11-26 01:19:00
6373,1014,643,1246.78,12,2024-11-22 22:44:00
6374,1020,472,549.79,23,2024-08-16 19:56:00
6375,1004,388,1283.52,16,2024-09-21 14:17:00
6376,1003,962,1401.36,48,2024-10-31 03:16:00
6377,1035,511,48019.45,4,2024-10-07 19:02:00
6378,1046,241,569.03,16,2024-11-13 18:40:00
6379,1037,810,1515.16,3,2024-11-04 20:08:00
6380,1045,142,654.91,7,2024-09-26 12:04:00
6381,1030,711,1210.08,7,2024-07-01 06:55:00
6382,1030,680,1098.59,8,2024-11-24 09:16:00
6383,1023,393,54255.61,23,2024-08-29 18:25:00
6384,1004,293,1942.31,14,2024-07-20 21:46:00
6385,1047,313,140.62,30,2024-11-09 19:00:00
6386,1036,663,523.78,33,2024-07-08 01:01:00
6387,1045,838,1464.28,31,2024-08-27 22:06:00
6388,1005,609,1140.76,26,2024-08-23 08:29:00
6389,1011,493,123.57,46,2024-08-18 02:37:00
6390,1000,819,1714.16,11,2024-10-13 20:40:00
6391,1031,197,1671.65,15,2024-09-08 05:27:00
6392,1010,888,645.87,38,2024-06-02 01:11:00
6393,1030,13,1199.95,33,2024-06-05 17:22:00
6394,1047,193,1698.4,39,2024-08-31 20:31:00
6395,1020,885,624.39,18,2024-11-25 15:26:00
6396,1034,231,1141.42,37,2024-09-11 00:17:00
6397,1007,874,1184.5,42,2024-10-15 01:49:00
6398,1029,493,1311.25,25,2024-09-08 02:48:00
6399,1037,373,1360.55,18,2024-11-25 02:51:00
6400,1011,270,934.22,26,2024-07-01 13:00:00
6401,1016,362,308.29,35,2024-07-24 13:06:00
6402,1010,837,1731.03,24,2024-11-23 02:07:00
6403,1037,783,1882.57,18,2024-06-19 12:47:00
6404,1035,826,1734.52,22,2024-08-17 05:07:00
6405,1043,900,1788.54,23,2024-08-26 21:58:00
6406,1004,489,576.55,13,2024-10-30 06:56:00
6407,1008,270,1856.79,2,2024-07-23 10:56:00
6408,1038,448,1055.35,41,2024-11-24 17:22:00
6409,1026,909,1439.15,37,2024-07-06 14:49:00
6410,1020,130,1533.47,10,2024-11-27 00:55:00
6411,1044,858,1183.97,26,2024-07-07 09:54:00
6412,1005,645,950.84,33,2024-07-19 00:54:00
6413,1049,806,893.29,50,2024-06-02 21:16:00
6414,1034,753,143.24,50,2024-11-08 23:30:00
6415,1019,278,959.74,42,2024-08-09 09:45:00
6416,1013,19,1723.36,8,2024-06-09 08:06:00
6417,1020,468,1345.71,38,2024-11-07 05:28:00
6418,1026,348,1008.91,2,2024-10-25 05:46:00
6419,1022,517,1857.78,42,2024-06-24 01:12:00
6420,1025,650,1793.33,31,2024-11-12 13:32:00
6421,1016,372,152.25,2,2024-07-11 02:34:00
6422,1022,370,1429.11,28,2024-07-22 23:08:00
6423,1023,489,239.36,25,2024-07-15 10:39:00
6424,1036,998,61.76,24,2024-10-12 20:31:00
6425,1031,16,1245.23,27,2024-08-03 23:11:00
6426,1033,468,997.14,42,2024-09-05 11:43:00
6427,1016,543,350.68,30,2024-11-03 23:15:00
6428,1025,70,861.17,9,2024-10-14 16:13:00
6429,1026,334,1403.67,32,2024-10-06 19:37:00
6430,1008,804,391.41,5,2024-09-25 12:28:00
6431,1049,188,1688.32,41,2024-09-17 23:33:00
6432,1010,18,182.28,45,2024-07-08 17:40:00
6433,1023,370,883.98,2,2024-10-09 03:48:00
6434,1011,135,1806.53,4,2024-10-16 00:21:00
6435,1025,649,1754.71,42,2024-11-24 20:01:00
6436,1015,896,1342.79,2,2024-09-05 15:43:00
6437,1033,530,1182.62,50,2024-07-14 13:30:00
6438,1025,795,1095.71,37,2024-09-30 14:44:00
6439,1015,378,94.44,15,2024-09-23 11:32:00
6440,1001,848,1610.22,46,2024-08-29 16:50:00
6441,1018,355,795.29,18,2024-07-12 22:00:00
6442,1019,673,1190.17,6,2024-11-04 05:06:00
6443,1044,260,1859.92,25,2024-06-02 04:32:00
6444,1036,713,1159.87,43,2024-09-12 17:19:00
6445,1015,427,1061.66,17,2024-10-30 07:37:00
6446,1012,312,186.29,13,2024-06-01 16:09:00
6447,1025,148,869.49,42,2024-08-23 13:31:00
6448,1028,376,160.47,37,2024-10-18 17:40:00
6449,1003,822,198.52,30,2024-06-04 19:40:00
6450,1002,71,370.4,37,2024-08-17 16:56:00
6451,1046,730,1565.38,49,2024-09-01 18:20:00
6452,1000,955,941.5,30,2024-08-12 12:42:00
6453,1032,335,834.61,9,2024-08-31 03:48:00
6454,1042,832,1291.87,50,2024-10-23 22:50:00
6455,1010,591,359.34,37,2024-11-17 06:22:00
6456,1016,363,1016.29,49,2024-11-15 10:29:00
6457,1010,864,598.45,35,2024-10-04 13:06:00
6458,1023,131,1905.39,27,2024-06-05 16:23:00
6459,1008,873,942.32,15,2024-07-25 09:22:00
6460,1003,743,1059.53,12,2024-07-06 07:48:00
6461,1003,892,1029.07,9,2024-11-03 06:41:00
6462,1034,241,1775.18,14,2024-08-28 20:31:00
6463,1000,273,750.49,27,2024-09-04 11:41:00
6464,1003,401,351.74,19,2024-08-29 20:43:00
6465,1027,750,1412.54,27,2024-11-11 05:02:00
6466,1024,290,359.6,13,2024-07-28 23:45:00
6467,1031,330,1628.54,26,2024-11-12 07:49:00
6468,1030,656,1461.56,43,2024-08-03 10:17:00
6469,1040,266,891.93,23,2024-11-03 12:24:00
6470,1036,342,547.28,9,2024-10-06 12:44:00
6471,1043,914,1652.15,15,2024-11-06 09:23:00
6472,1022,796,1510.65,18,2024-08-23 01:28:00
6473,1033,792,909.49,19,2024-08-11 05:55:00
6474,1001,619,278.6,14,2024-09-13 17:43:00
6475,1005,71,1818.02,48,2024-06-24 00:29:00
6476,1044,488,564.54,46,2024-11-22 22:48:00
6477,1022,618,893.14,42,2024-08-01 11:09:00
6478,1001,293,676.96,20,2024-07-12 14:48:00
6479,1031,379,359.95,16,2024-11-17 00:44:00
6480,1024,819,590.37,49,2024-09-30 16:22:00
6481,1015,245,1288.9,37,2024-07-29 02:32:00
6482,1047,139,823.47,42,2024-09-12 12:52:00
6483,1043,34,1190.37,4,2024-10-21 03:05:00
6484,1026,509,1600.02,29,2024-11-21 04:43:00
6485,1019,680,1688.39,18,2024-11-11 13:22:00
6486,1044,959,1181.33,1,2024-08-16 02:22:00
6487,1026,786,697.16,15,2024-09-13 05:17:00
6488,1036,701,773.53,31,2024-10-13 09:19:00
6489,1012,23,448.68,18,2024-10-14 00:55:00
6490,1049,22,1630.54,32,2024-11-09 03:20:00
6491,1022,859,300.52,30,2024-08-31 02:34:00
6492,1021,485,992.07,14,2024-08-20 03:18:00
6493,1030,127,946.23,42,2024-06-04 11:57:00
6494,1044,203,1286.91,30,2024-07-20 14:59:00
6495,1043,779,80.41,13,2024-10-22 14:23:00
6496,1021,148,428.08,30,2024-06-18 14:29:00
6497,1008,247,1088.19,35,2024-07-12 03:41:00
6498,1044,130,788.65,42,2024-06-26 17:28:00
6499,1035,306,796.75,36,2024-11-14 05:15:00
6500,1043,295,822.05,40,2024-08-18 19:54:00
6501,1002,345,1689.77,26,2024-09-16 09:07:00
6502,1031,129,1937.46,10,2024-07-17 07:52:00
6503,1040,408,1848.25,47,2024-07-12 08:28:00
6504,1039,759,1138.72,42,2024-06-23 16:24:00
6505,1021,918,1997.09,24,2024-09-03 09:18:00
6506,1005,802,234.23,30,2024-07-11 11:39:00
6507,1046,317,54598.26,49,2024-08-06 07:12:00
6508,1039,728,1530.96,5,2024-10-17 12:10:00
6509,1003,690,283.05,4,2024-10-17 10:01:00
6510,1004,536,375.91,27,2024-09-16 16:17:00
6511,1041,63,1039.35,24,2024-07-11 06:05:00
6512,1049,841,61.77,13,2024-08-21 05:41:00
6513,1017,834,1220.91,46,2024-08-12 20:53:00
6514,1041,330,1026.2,19,2024-07-06 13:48:00
6515,1030,301,797.55,47,2024-07-18 21:19:00
6516,1035,819,1305.13,23,2024-09-04 23:37:00
6517,1034,978,1537.69,8,2024-07-12 02:47:00
6518,1016,112,1903.21,14,2024-11-16 05:50:00
6519,1026,219,334.07,12,2024-10-31 18:00:00
6520,1036,318,1265.58,9,2024-06-17 10:43:00
6521,1048,499,1377.88,34,2024-10-17 10:27:00
6522,1015,515,412.71,45,2024-06-14 17:18:00
6523,1033,149,1524.92,34,2024-08-14 13:38:00
6524,1025,907,1696.71,38,2024-09-11 20:08:00
6525,1009,286,319.23,21,2024-08-27 13:26:00
6526,1012,555,1668.01,30,2024-10-16 08:11:00
6527,1047,152,1029.11,27,2024-08-09 05:36:00
6528,1015,858,1090.97,36,2024-06-06 11:11:00
6529,1027,191,913.4,45,2024-06-20 23:54:00
6530,1038,631,408.72,28,2024-11-04 02:16:00
6531,1026,44,1332.75,11,2024-11-10 11:17:00
6532,1044,395,1576.09,37,2024-09-23 13:04:00
6533,1013,367,1156.08,13,2024-10-17 15:49:00
6534,1026,692,1792.81,37,2024-08-11 13:38:00
6535,1030,302,1649.59,32,2024-08-01 04:20:00
6536,1022,356,260.44,26,2024-09-18 12:58:00
6537,1035,251,1548.46,20,2024-08-31 12:14:00
6538,1041,378,1158.77,8,2024-06-03 21:59:00
6539,1028,721,530.8,39,2024-11-13 02:35:00
6540,1002,179,1481.17,46,2024-10-19 17:36:00
6541,1005,77,713.81,12,2024-10-09 03:41:00
6542,1010,856,683.55,40,2024-09-09 11:33:00
6543,1007,856,1837.09,9,2024-10-08 19:00:00
6544,1023,411,1373.19,3,2024-10-04 10:06:00
6545,1020,485,1602.22,31,2024-09-18 02:56:00
6546,1006,642,1802.87,5,2024-06-14 03:26:00
6547,1010,432,280.37,38,2024-07-24 15:22:00
6548,1020,742,946.78,17,2024-11-20 11:35:00
6549,1012,488,119.05,3,2024-06-30 03:40:00
6550,1037,854,660.56,35,2024-08-05 09:13:00
6551,1007,605,971.78,41,2024-06-11 15:46:00
6552,1003,166,418.68,24,2024-11-23 22:25:00
6553,1024,341,221.93,50,2024-10-12 03:56:00
6554,1018,32,1816.14,49,2024-10-10 21:56:00
6555,1031,950,1095.77,46,2024-09-02 23:40:00
6556,1038,221,1423.67,39,2024-07-24 05:22:00
6557,1037,574,1749.98,17,2024-11-04 15:56:00
6558,1026,115,1422.34,27,2024-11-02 06:11:00
6559,1012,545,1964.15,10,2024-06-27 19:17:00
6560,1037,998,1700.63,41,2024-07-12 08:12:00
6561,1039,508,627.82,13,2024-11-05 14:18:00
6562,1021,406,804.86,48,2024-07-28 09:55:00
6563,1017,470,647.75,17,2024-06-08 00:05:00
6564,1027,378,1716.86,18,2024-07-31 20:42:00
6565,1045,332,1406.43,9,2024-09-03 20:53:00
6566,1026,914,1255.77,17,2024-07-24 21:13:00
6567,1003,476,1862.31,23,2024-06-27 03:24:00
6568,1025,64,1278.43,38,2024-06-02 17:21:00
6569,1008,736,816.89,32,2024-11-15 02:44:00
6570,1035,599,395.62,17,2024-11-12 15:45:00
6571,1047,576,838.78,37,2024-08-24 08:43:00
6572,1011,398,413.63,32,2024-07-12 01:27:00
6573,1000,784,1899.84,39,2024-08-07 01:21:00
6574,1037,11,536.52,47,2024-09-29 21:36:00
6575,1039,532,881.96,18,2024-07-12 18:28:00
6576,1018,538,1608.17,49,2024-06-21 05:43:00
6577,1031,54,115.18,44,2024-09-08 22:32:00
6578,1043,869,1087.8,24,2024-07-06 13:01:00
6579,1034,496,1014.56,38,2024-07-26 03:07:00
6580,1016,36,1092.36,3,2024-11-02 20:01:00
6581,1008,725,1407.63,30,2024-06-16 08:18:00
6582,1041,319,1179.97,4,2024-07-21 09:29:00
6583,1023,178,676.88,41,2024-09-24 01:28:00
6584,1018,133,957.07,7,2024-08-13 06:03:00
6585,1027,324,907.92,12,2024-08-05 15:53:00
6586,1002,572,1525.18,38,2024-08-02 18:17:00
6587,1046,843,1903.62,35,2024-07-25 22:26:00
6588,1025,717,1075.71,12,2024-10-19 17:45:00
6589,1027,943,218.36,46,2024-06-28 22:40:00
6590,1024,524,231.55,27,2024-11-21 03:12:00
6591,1004,17,165.43,16,2024-09-11 12:34:00
6592,1032,621,731.71,37,2024-11-11 23:51:00
6593,1046,581,1401.22,44,2024-11-14 09:02:00
6594,1007,900,378.07,30,2024-09-24 14:35:00
6595,1023,92,808.18,25,2024-11-05 10:24:00
6596,1005,757,377.32,15,2024-10-22 04:46:00
6597,1010,386,798.69,21,2024-11-26 01:45:00
6598,1022,141,305.61,2,2024-11-09 04:00:00
6599,1015,826,1422.49,32,2024-07-06 00:17:00
6600,1041,362,248.51,47,2024-10-13 05:43:00
6601,1003,989,689.1,8,2024-08-04 02:18:00
6602,1002,261,1424.48,37,2024-10-11 18:32:00
6603,1032,38,461.69,15,2024-08-10 01:43:00
6604,1027,96,1197.64,3,2024-06-20 08:46:00
6605,1032,818,319.83,13,2024-10-05 02:05:00
6606,1008,868,796.59,45,2024-10-23 13:58:00
6607,1002,206,132.03,18,2024-11-28 06:44:00
6608,1040,784,454.69,17,2024-09-10 04:58:00
6609,1035,621,1018.32,3,2024-08-02 10:26:00
6610,1038,947,693.96,50,2024-11-15 19:16:00
6611,1039,578,1710.46,22,2024-10-05 01:12:00
6612,1021,512,1120.59,25,2024-08-30 18:25:00
6613,1040,994,263.03,2,2024-11-07 20:53:00
6614,1017,702,450.8,25,2024-10-10 15:41:00
6615,1039,890,853.87,36,2024-08-26 11:13:00
6616,1011,974,983.1,5,2024-08-26 14:44:00
6617,1042,324,1023.07,30,2024-08-06 07:03:00
6618,1014,710,783.61,29,2024-11-20 15:55:00
6619,1018,889,143.64,48,2024-09-15 14:48:00
6620,1046,271,483.47,14,2024-10-18 17:59:00
6621,1039,661,1996.37,31,2024-09-04 20:38:00
6622,1015,294,130.39,45,2024-07-06 19:15:00
6623,1000,135,1641.22,29,2024-09-21 07:53:00
6624,1034,797,1827.71,28,2024-11-03 16:59:00
6625,1007,195,1109.46,24,2024-08-10 11:18:00
6626,1019,918,1683.04,5,2024-11-06 19:11:00
6627,1048,322,1410.62,11,2024-09-02 08:17:00
6628,1041,927,1399.81,37,2024-10-15 15:58:00
6629,1033,227,297.63,11,2024-10-18 10:48:00
6630,1040,329,1010.26,11,2024-11-18 20:35:00
6631,1000,428,629.05,34,2024-10-17 19:40:00
6632,1019,2,1659.79,39,2024-08-14 22:44:00
6633,1026,817,38.12,1,2024-06-10 14:12:00
6634,1018,390,881.81,46,2024-08-27 05:08:00
6635,1041,154,1821.94,17,2024-06-09 13:29:00
6636,1030,324,1738.61,2,2024-06-18 08:04:00
6637,1045,778,1375.63,42,2024-08-07 03:28:00
6638,1006,426,1578.84,10,2024-07-16 05:20:00
6639,1000,429,1192.61,14,2024-09-18 12:51:00
6640,1008,627,787.51,25,2024-11-01 14:49:00
6641,1024,418,1728.51,23,2024-11-24 22:42:00
6642,1038,675,1836.48,8,2024-08-02 08:43:00
6643,1049,590,586.4,17,2024-08-18 11:29:00
6644,1029,670,190.12,9,2024-11-03 08:43:00
6645,1021,910,1040.21,7,2024-09-26 08:28:00
6646,1048,481,735.31,35,2024-06-10 10:44:00
6647,1024,420,1657.02,11,2024-10-24 19:57:00
6648,1043,279,199.65,43,2024-06-25 10:03:00
6649,1026,568,1136.7,36,2024-08-20 11:54:00
6650,1017,443,695.37,18,2024-07-19 12:15:00
6651,1032,326,275.01,29,2024-10-24 00:53:00
6652,1029,616,662.26,48,2024-08-02 08:58:00
6653,1027,920,1560.42,25,2024-08-28 13:05:00
6654,1021,941,28741.27,25,2024-08-29 19:27:00
6655,1039,885,1277.6,38,2024-06-19 14:54:00
6656,1041,803,1415.43,24,2024-09-20 08:11:00
6657,1011,601,804.86,13,2024-09-03 07:59:00
6658,1040,492,644.39,32,2024-06-15 04:32:00
6659,1001,355,621.98,35,2024-07-23 17:13:00
6660,1013,709,488.95,38,2024-08-15 06:54:00
6661,1041,176,1690.74,31,2024-06-27 09:08:00
6662,1020,190,837.42,21,2024-10-14 23:56:00
6663,1046,683,162.81,48,2024-07-19 12:00:00
6664,1038,42,1210.3,11,2024-09-19 09:06:00
6665,1036,289,1534.22,24,2024-11-24 06:54:00
6666,1025,251,72.59,14,2024-09-12 16:59:00
6667,1044,36,1394.09,34,2024-10-25 04:41:00
6668,1026,160,377.05,45,2024-09-06 13:13:00
6669,1038,626,642.46,21,2024-09-24 00:18:00
6670,1010,143,649.78,49,2024-09-12 17:14:00
6671,1034,97,1237.63,3,2024-06-25 13:20:00
6672,1027,359,578.56,34,2024-09-04 20:05:00
6673,1049,446,1327.96,15,2024-11-06 10:45:00
6674,1004,248,854.64,12,2024-10-30 20:22:00
6675,1019,683,785.55,23,2024-06-27 23:50:00
6676,1023,537,1924.64,45,2024-11-23 09:16:00
6677,1049,235,188.64,29,2024-08-26 03:33:00
6678,1007,967,1811.31,43,2024-10-07 16:52:00
6679,1034,855,1156.74,31,2024-08-26 22:15:00
6680,1031,889,826.18,2,2024-10-29 23:31:00
6681,1043,611,311.43,21,2024-11-07 10:58:00
6682,1012,769,1666.93,30,2024-10-03 00:34:00
6683,1005,384,1809.59,26,2024-10-04 07:11:00
6684,1022,486,1052.75,48,2024-09-27 19:11:00
6685,1047,829,700.62,45,2024-10-08 12:48:00
6686,1047,385,1305.49,45,2024-07-20 06:14:00
6687,1002,128,1569.65,35,2024-08-19 11:42:00
6688,1035,920,1542.84,49,2024-10-14 23:43:00
6689,1013,991,540.59,48,2024-10-11 16:09:00
6690,1009,762,1948.02,29,2024-11-16 15:32:00
6691,1006,292,420.47,16,2024-07-21 04:48:00
6692,1011,940,747.62,10,2024-06-05 17:27:00
6693,1046,793,104.31,48,2024-08-04 10:08:00
6694,1002,519,310.08,48,2024-06-21 06:12:00
6695,1017,565,1852.6,45,2024-08-27 22:25:00
6696,1004,286,429.67,25,2024-11-09 00:21:00
6697,1046,748,1379.41,36,2024-11-20 19:19:00
6698,1000,89,1031.97,26,2024-11-15 02:00:00
6699,1008,372,1674.35,4,2024-07-07 00:46:00
6700,1044,380,1535.45,3,2024-08-12 09:57:00
6701,1034,751,636.91,43,2024-09-04 04:01:00
6702,1010,781,1227.42,15,2024-08-02 04:19:00
6703,1007,742,937.81,14,2024-07-01 21:45:00
6704,1033,246,1248.66,11,2024-06-11 01:01:00
6705,1009,227,161.99,45,2024-09-01 10:10:00
6706,1002,190,1417.17,24,2024-08-18 06:23:00
6707,1049,919,687.32,44,2024-08-27 05:36:00
6708,1032,280,1285.32,24,2024-11-12 18:07:00
6709,1042,301,1058.15,2,2024-11-16 13:32:00
6710,1043,651,1658.45,31,2024-11-17 08:14:00
6711,1030,110,75.53,15,2024-10-12 14:57:00
6712,1025,515,1154.55,34,2024-09-15 04:53:00
6713,1025,115,848.17,25,2024-11-20 06:42:00
6714,1009,802,181.41,26,2024-07-24 12:29:00
6715,1006,266,1737.18,11,2024-10-29 14:38:00
6716,1035,108,386.59,7,2024-11-11 19:12:00
6717,1025,749,1451.09,40,2024-10-10 19:48:00
6718,1030,680,1887.62,39,2024-07-03 12:24:00
6719,1011,627,48055.78,24,2024-06-19 02:40:00
6720,1026,108,284.59,17,2024-09-15 02:20:00
6721,1021,353,1855.33,2,2024-08-14 09:09:00
6722,1002,773,1563.85,1,2024-11-04 22:37:00
6723,1005,419,155.78,8,2024-09-13 23:43:00
6724,1006,581,1970.42,29,2024-06-21 01:51:00
6725,1016,798,819.26,39,2024-06-04 13:08:00
6726,1030,759,1160.04,21,2024-11-05 22:50:00
6727,1022,9,1555.62,6,2024-09-14 11:12:00
6728,1037,741,562.81,10,2024-08-10 19:41:00
6729,1045,594,1824.22,15,2024-11-06 19:45:00
6730,1011,554,694.27,35,2024-07-24 19:09:00
6731,1014,26,906.32,17,2024-08-04 19:44:00
6732,1006,608,1092.43,8,2024-06-14 06:21:00
6733,1037,938,1454.29,19,2024-09-03 22:57:00
6734,1034,634,1131.91,16,2024-10-08 02:49:00
6735,1015,287,881.0,8,2024-09-18 15:15:00
6736,1028,102,631.7,27,2024-11-27 18:18:00
6737,1008,71,1999.41,23,2024-08-19 10:59:00
6738,1001,131,370.92,27,2024-08-12 12:47:00
6739,1006,336,1244.47,42,2024-10-25 10:04:00
6740,1046,277,725.21,21,2024-07-15 03:18:00
6741,1041,486,1929.7,27,2024-06-19 04:57:00
6742,1049,421,1791.82,16,2024-10-27 07:59:00
6743,1031,531,730.27,42,2024-06-12 02:44:00
6744,1027,738,1053.54,26,2024-08-08 05:57:00
6745,1021,524,236.02,40,2024-09-09 22:17:00
6746,1031,712,473.41,23,2024-10-28 23:37:00
6747,1036,221,1616.55,50,2024-06-29 19:28:00
6748,1040,411,722.61,25,2024-07-14 19:42:00
6749,1006,835,713.14,45,2024-09-16 11:59:00
6750,1013,688,1915.29,46,2024-07-14 17:30:00
6751,1009,498,1919.44,40,2024-10-23 05:27:00
6752,1049,645,603.85,30,2024-08-31 17:42:00
6753,1020,576,915.72,45,2024-11-07 22:55:00
6754,1013,828,928.01,23,2024-10-27 09:50:00
6755,1024,103,1924.96,47,2024-11-18 22:59:00
6756,1016,302,1410.59,31,2024-06-12 16:44:00
6757,1005,11,845.28,16,2024-10-16 01:01:00
6758,1029,639,1505.21,17,2024-08-30 11:09:00
6759,1048,682,1301.86,12,2024-09-20 12:35:00
6760,1017,78,2032.77,47,2024-07-06 05:55:00
6761,1004,393,543.0,16,2024-11-22 13:32:00
6762,1024,351,1299.95,34,2024-09-04 06:35:00
6763,1038,966,146.02,4,2024-06-17 00:57:00
6764,1024,437,153.28,25,2024-08-21 04:47:00
6765,1000,888,1995.25,31,2024-06-12 04:06:00
6766,1040,17,772.0,5,2024-09-19 03:08:00
6767,1036,76,865.95,8,2024-06-18 16:57:00
6768,1024,246,1716.43,10,2024-07-31 16:34:00
6769,1013,40,1862.78,2,2024-11-01 13:45:00
6770,1009,417,1586.37,42,2024-09-15 21:31:00
6771,1002,344,954.08,9,2024-07-07 12:57:00
6772,1027,724,95.31,18,2024-11-14 23:27:00
6773,1026,555,834.22,48,2024-08-11 09:18:00
6774,1038,842,1902.83,9,2024-11-18 09:11:00
6775,1009,728,582.44,11,2024-09-05 04:29:00
6776,1004,965,167.99,13,2024-09-19 21:00:00
6777,1010,211,459.53,5,2024-11-17 11:40:00
6778,1048,433,1236.49,12,2024-09-18 06:06:00
6779,1018,757,147.8,44,2024-07-24 10:12:00
6780,1041,534,787.94,4,2024-11-04 14:39:00
6781,1027,90,1872.2,20,2024-11-14 14:28:00
6782,1041,970,1400.15,16,2024-07-05 15:56:00
6783,1030,116,946.3,12,2024-08-29 04:06:00
6784,1011,199,748.62,16,2024-07-30 07:16:00
6785,1001,907,608.57,15,2024-11-14 22:13:00
6786,1028,549,1170.27,29,2024-09-01 22:54:00
6787,1000,970,1160.64,12,2024-08-28 09:48:00
6788,1029,178,618.46,37,2024-08-25 18:24:00
6789,1005,480,620.25,6,2024-07-15 11:09:00
6790,1027,840,171.8,20,2024-06-22 04:31:00
6791,1015,531,1698.83,12,2024-10-30 04:30:00
6792,1018,682,55.29,44,2024-08-18 19:45:00
6793,1008,602,72.01,43,2024-07-31 13:04:00
6794,1011,728,1776.51,23,2024-10-29 11:39:00
6795,1040,508,788.44,13,2024-07-28 03:09:00
6796,1042,798,973.28,9,2024-06-11 06:01:00
6797,1023,722,274.4,46,2024-10-28 11:56:00
6798,1044,877,326.23,33,2024-08-04 04:10:00
6799,1009,597,719.52,23,2024-06-12 13:56:00
6800,1044,26,781.59,6,2024-08-14 19:10:00
6801,1029,183,1760.89,30,2024-06-30 07:41:00
6802,1040,651,1130.55,2,2024-06-26 18:18:00
6803,1016,117,1107.99,8,2024-06-14 08:03:00
6804,1006,473,1390.33,10,2024-09-22 10:06:00
6805,1040,196,1509.86,25,2024-09-04 16:35:00
6806,1001,552,1395.63,5,2024-11-23 17:43:00
6807,1027,742,541.7,4,2024-06-26 11:13:00
6808,1027,735,302.9,3,2024-11-12 11:20:00
6809,1007,568,1957.29,32,2024-08-16 04:22:00
6810,1027,699,1584.72,42,2024-09-10 21:21:00
6811,1006,728,455.28,40,2024-08-09 15:06:00
6812,1047,274,547.4,49,2024-08-29 01:53:00
6813,1009,686,725.11,14,2024-07-09 22:45:00
6814,1039,313,1781.21,22,2024-08-21 21:23:00
6815,1038,247,1941.17,17,2024-09-13 13:51:00
6816,1016,784,709.78,46,2024-11-15 22:26:00
6817,1016,786,1036.71,27,2024-08-26 09:13:00
6818,1015,966,1123.0,33,2024-09-27 00:35:00
6819,1032,903,137.02,31,2024-10-29 23:48:00
6820,1036,592,794.46,48,2024-07-27 22:17:00
6821,1038,529,1264.85,20,2024-09-25 01:30:00
6822,1041,268,20319.92,17,2024-09-21 10:14:00
6823,1024,924,1894.16,42,2024-11-05 19:38:00
6824,1031,204,233.17,11,2024-07-14 00:24:00
6825,1033,339,1969.8,15,2024-09-14 10:16:00
6826,1026,104,644.11,2,2024-11-25 00:06:00
6827,1013,751,1311.21,23,2024-08-10 12:18:00
6828,1008,364,1086.55,42,2024-06-18 02:25:00
6829,1007,564,1353.5,44,2024-08-16 01:41:00
6830,1010,864,1580.27,19,2024-09-11 21:40:00
6831,1011,821,483.56,13,2024-09-26 03:56:00
6832,1023,648,407.83,50,2024-08-01 17:23:00
6833,1005,94,130.69,25,2024-09-20 17:55:00
6834,1044,906,503.23,32,2024-09-30 11:53:00
6835,1000,462,175.76,27,2024-07-01 05:15:00
6836,1010,460,321.6,31,2024-10-26 13:02:00
6837,1042,495,1742.24,25,2024-08-26 18:47:00
6838,1032,562,138.29,47,2024-08-02 01:19:00
6839,1018,946,804.95,7,2024-08-17 20:16:00
6840,1016,496,46066.78,36,2024-09-15 18:50:00
6841,1026,676,1867.45,21,2024-11-20 17:23:00
6842,1034,898,1278.62,13,2024-11-07 09:19:00
6843,1046,384,560.75,27,2024-11-25 01:08:00
6844,1001,228,1426.97,39,2024-06-10 03:24:00
6845,1000,321,785.93,44,2024-06-24 22:33:00
6846,1007,332,669.2,27,2024-07-08 02:12:00
6847,1016,981,1867.81,7,2024-11-06 15:23:00
6848,1048,759,201.71,19,2024-10-27 12:12:00
6849,1023,989,797.76,33,2024-08-16 22:25:00
6850,1027,108,829.42,35,2024-07-04 20:18:00
6851,1043,441,351.84,8,2024-10-15 05:44:00
6852,1027,191,68.86,1,2024-08-05 14:44:00
6853,1043,828,731.31,15,2024-10-27 06:55:00
6854,1024,331,969.9,27,2024-09-13 00:42:00
6855,1017,46,1439.16,17,2024-11-19 12:04:00
6856,1018,779,392.13,50,2024-07-19 15:54:00
6857,1008,63,368.39,50,2024-08-05 14:06:00
6858,1042,313,99.03,22,2024-11-03 06:39:00
6859,1019,919,1801.81,21,2024-07-04 20:37:00
6860,1009,667,1895.86,1,2024-08-20 18:05:00
6861,1023,300,1606.24,49,2024-07-17 08:47:00
6862,1042,98,1171.87,17,2024-11-17 15:22:00
6863,1043,558,1017.45,34,2024-10-07 11:07:00
6864,1042,650,742.52,23,2024-09-22 01:31:00
6865,1047,732,595.89,15,2024-10-30 09:38:00
6866,1007,589,776.2,27,2024-10-23 08:33:00
6867,1024,199,1899.6,47,2024-07-18 14:33:00
6868,1034,215,1231.43,30,2024-07-27 22:01:00
6869,1020,884,147.03,1,2024-08-20 02:06:00
6870,1032,872,753.68,11,2024-09-26 06:31:00
6871,1018,636,946.01,27,2024-09-24 19:38:00
6872,1039,960,290.28,41,2024-09-08 16:08:00
6873,1039,218,1893.57,9,2024-07-09 18:44:00
6874,1035,990,1506.63,40,2024-10-06 08:51:00
6875,1013,102,654.62,49,2024-09-13 23:36:00
6876,1042,978,1770.01,3,2024-06-08 14:05:00
6877,1047,237,1371.89,23,2024-07-21 03:26:00
6878,1011,322,1035.36,36,2024-11-03 13:34:00
6879,1001,34,539.54,48,2024-09-22 14:28:00
6880,1038,679,954.04,44,2024-07-31 15:00:00
6881,1027,813,804.95,33,2024-06-28 08:09:00
6882,1042,454,1467.7,19,2024-07-27 09:03:00
6883,1045,370,158.39,26,2024-08-24 07:44:00
6884,1025,98,1089.68,42,2024-07-25 11:07:00
6885,1047,133,523.21,30,2024-07-29 06:28:00
6886,1013,320,907.82,18,2024-06-07 10:28:00
6887,1027,558,454.83,45,2024-07-30 20:47:00
6888,1044,686,1671.53,39,2024-11-03 21:08:00
6889,1018,25,1156.79,27,2024-11-02 22:17:00
6890,1040,576,32522.53,11,2024-06-19 18:54:00
6891,1002,779,841.43,2,2024-06-24 03:23:00
6892,1036,327,1775.21,43,2024-09-09 00:00:00
6893,1012,206,550.12,47,2024-08-19 10:40:00
6894,1024,732,481.14,19,2024-08-05 21:37:00
6895,1028,201,1495.99,48,2024-10-01 04:43:00
6896,1014,263,852.36,36,2024-11-06 22:46:00
6897,1018,210,1966.51,19,2024-08-25 03:00:00
6898,1044,877,56.2,17,2024-08-31 03:45:00
6899,1027,122,1504.98,29,2024-07-12 21:34:00
6900,1002,969,354.06,24,2024-07-05 17:05:00
6901,1028,18,363.19,9,2024-06-03 04:46:00
6902,1000,327,1483.45,36,2024-11-03 15:19:00
6903,1027,316,581.11,46,2024-06-26 17:40:00
6904,1045,832,485.11,24,2024-06-18 00:22:00
6905,1014,237,1541.18,48,2024-06-13 20:05:00
6906,1048,428,1513.18,39,2024-08-28 13:37:00
6907,1035,494,1914.83,14,2024-07-23 17:57:00
6908,1038,852,210.16,45,2024-10-30 13:54:00
6909,1021,482,1936.91,38,2024-10-24 19:43:00
6910,1014,599,324.15,19,2024-07-12 19:36:00
6911,1026,390,1461.87,25,2024-07-20 06:00:00
6912,1034,791,526.47,3,2024-07-03 19:20:00
6913,1037,297,1072.04,34,2024-10-18 16:52:00
6914,1036,153,1257.09,8,2024-11-01 13:08:00
6915,1046,194,517.56,12,2024-10-15 14:36:00
6916,1036,303,544.33,8,2024-11-18 08:52:00
6917,1035,309,1610.31,40,2024-08-29 18:53:00
6918,1026,837,1426.84,15,2024-09-11 14:27:00
6919,1040,862,1176.36,12,2024-06-02 04:11:00
6920,1023,234,1558.74,1,2024-10-28 12:58:00
6921,1038,873,90.79,9,2024-07-03 05:13:00
6922,1020,735,1353.52,35,2024-10-01 02:36:00
6923,1027,40,1847.67,46,2024-07-26 07:19:00
6924,1005,101,916.7,46,2024-11-21 10:34:00
6925,1019,855,1334.35,2,2024-07-15 11:40:00
6926,1027,208,963.31,14,2024-06-09 23:24:00
6927,1045,460,1771.94,29,2024-08-25 16:18:00
6928,1038,880,901.79,11,2024-06-26 20:06:00
6929,1001,692,1954.22,22,2024-09-05 05:51:00
6930,1033,436,339.2,7,2024-09-11 09:23:00
6931,1039,346,1601.96,39,2024-07-02 03:42:00
6932,1010,773,1002.84,16,2024-11-14 06:39:00
6933,1048,809,1803.23,18,2024-07-12 16:34:00
6934,1005,663,1486.87,7,2024-07-26 13:18:00
6935,1010,978,892.16,33,2024-06-03 19:01:00
6936,1010,199,880.33,28,2024-08-25 18:49:00
6937,1025,375,806.12,35,2024-11-01 16:05:00
6938,1004,504,1094.44,26,2024-08-24 09:13:00
6939,1002,661,882.33,12,2024-07-14 15:42:00
6940,1036,285,179.73,24,2024-06-07 07:00:00
6941,1028,525,1654.5,25,2024-11-14 05:23:00
6942,1005,577,1243.19,40,2024-06-14 12:33:00
6943,1012,882,197.71,42,2024-09-15 13:16:00
6944,1043,280,1664.78,41,2024-07-24 18:45:00
6945,1045,831,489.37,30,2024-06-13 04:36:00
6946,1016,776,230.87,36,2024-08-11 20:02:00
6947,1001,95,1282.19,4,2024-09-02 18:43:00
6948,1042,252,1484.83,49,2024-06-05 03:08:00
6949,1032,265,1224.13,17,2024-06-02 18:34:00
6950,1006,251,97.79,15,2024-08-31 21:06:00
6951,1008,842,1749.56,5,2024-09-27 19:43:00
6952,1030,193,1486.68,30,2024-11-17 07:40:00
6953,1032,944,1573.03,14,2024-08-07 11:02:00
6954,1040,77,1240.95,32,2024-08-27 06:04:00
6955,1042,841,1772.69,40,2024-09-23 15:16:00
6956,1010,325,1598.64,8,2024-07-24 05:51:00
6957,1037,808,1599.27,47,2024-08-08 19:33:00
6958,1026,454,492.8,18,2024-10-24 09:54:00
6959,1043,835,564.09,4,2024-10-08 04:33:00
6960,1005,234,1650.6,22,2024-06-06 13:47:00
6961,1005,769,1846.91,8,2024-11-20 22:57:00
6962,1043,215,1881.19,36,2024-10-05 04:25:00
6963,1042,32,633.91,28,2024-10-18 15:37:00
6964,1046,235,1715.31,28,2024-11-05 14:40:00
6965,1040,695,723.4,43,2024-09-18 02:57:00
6966,1027,186,1069.85,47,2024-06-16 12:10:00
6967,1047,28,1867.64,49,2024-08-19 12:47:00
6968,1036,376,819.93,48,2024-06-30 06:05:00
6969,1007,684,141.84,41,2024-06-20 23:37:00
6970,1027,737,1541.75,28,2024-06-07 16:10:00
6971,1024,494,1017.69,9,2024-08-22 22:08:00
6972,1007,489,1366.74,19,2024-07-14 22:56:00
6973,1043,618,1322.56,11,2024-09-21 08:06:00
6974,1012,536,1038.57,43,2024-08-06 02:09:00
6975,1015,23,792.29,16,2024-08-30 07:14:00
6976,1027,76,342.84,12,2024-11-09 06:33:00
6977,1048,197,110.56,40,2024-09-06 03:24:00
6978,1004,79,1785.82,13,2024-09-22 13:32:00
6979,1037,461,1963.8,10,2024-08-12 16:41:00
6980,1005,817,363.53,7,2024-07-20 15:08:00
6981,1006,971,275.6,7,2024-11-04 19:59:00
6982,1031,234,1462.36,8,2024-08-14 13:03:00
6983,1009,877,1169.42,41,2024-11-09 18:04:00
6984,1013,114,103.07,26,2024-07-22 16:00:00
6985,1012,127,1200.24,23,2024-10-23 03:37:00
6986,1001,857,90.7,44,2024-09-28 15:03:00
6987,1016,959,1636.67,47,2024-10-07 23:41:00
6988,1024,208,1139.92,43,2024-09-24 04:26:00
6989,1018,777,1170.9,6,2024-11-10 06:34:00
6990,1044,902,1788.9,32,2024-09-16 13:50:00
6991,1029,527,1108.3,5,2024-07-06 05:41:00
6992,1030,491,1166.34,6,2024-07-09 13:42:00
6993,1024,643,111.1,49,2024-10-01 15:13:00
6994,1005,748,676.48,37,2024-10-23 17:58:00
6995,1006,735,764.86,15,2024-06-03 10:09:00
6996,1014,734,325.77,10,2024-09-08 01:34:00
6997,1006,972,1323.82,10,2024-06-09 16:02:00
6998,1038,892,1762.34,26,2024-06-30 01:36:00
6999,1026,338,1716.67,16,2024-10-07 05:47:00
7000,1021,745,1764.45,25,2024-06-25 13:08:00
7001,1024,229,652.95,27,2024-09-09 00:40:00
7002,1003,873,1428.12,47,2024-10-03 09:43:00
7003,1034,429,1894.61,6,2024-07-26 19:25:00
7004,1012,450,1969.46,28,2024-09-23 01:35:00
7005,1026,719,994.1,39,2024-06-14 10:00:00
7006,1004,755,1513.64,9,2024-10-23 21:22:00
7007,1040,755,372.22,47,2024-11-15 10:05:00
7008,1033,662,1793.68,41,2024-07-14 04:09:00
7009,1034,201,1392.05,44,2024-10-31 08:28:00
7010,1016,241,71.66,20,2024-09-25 13:29:00
7011,1000,652,1826.74,9,2024-08-11 15:52:00
7012,1039,596,1882.99,8,2024-11-11 23:19:00
7013,1042,785,895.46,29,2024-07-09 02:28:00
7014,1026,515,1875.66,8,2024-06-20 15:10:00
7015,1001,399,481.75,11,2024-09-29 18:11:00
7016,1039,543,337.33,18,2024-11-28 04:04:00
7017,1049,777,551.91,16,2024-08-12 20:42:00
7018,1030,194,1506.51,6,2024-11-20 02:36:00
7019,1010,484,128.68,7,2024-11-05 10:28:00
7020,1044,549,223.91,42,2024-10-30 09:41:00
7021,1005,618,1988.93,26,2024-08-19 14:56:00
7022,1002,190,772.49,2,2024-11-05 13:57:00
7023,1046,952,808.53,34,2024-11-10 09:21:00
7024,1019,209,1593.2,4,2024-06-27 12:08:00
7025,1037,890,1204.01,7,2024-07-20 01:30:00
7026,1035,869,1616.78,22,2024-10-07 14:51:00
7027,1029,321,1625.14,49,2024-07-05 01:35:00
7028,1049,554,1098.27,23,2024-08-30 03:01:00
7029,1048,544,1806.02,40,2024-06-21 11:58:00
7030,1031,999,1375.05,7,2024-06-15 00:50:00
7031,1019,279,857.48,2,2024-06-11 15:03:00
7032,1015,452,173.96,39,2024-11-26 12:21:00
7033,1004,910,1948.82,4,2024-11-11 07:26:00
7034,1020,74,1499.88,44,2024-06-20 14:13:00
7035,1008,106,875.86,49,2024-06-03 22:04:00
7036,1043,26,1636.75,45,2024-09-15 21:30:00
7037,1000,675,484.6,18,2024-11-11 11:51:00
7038,1045,77,1787.35,9,2024-06-01 11:43:00
7039,1035,846,891.16,46,2024-08-05 02:16:00
7040,1044,490,1701.78,38,2024-11-21 22:59:00
7041,1006,340,1121.65,22,2024-08-11 11:05:00
7042,1006,377,1834.93,34,2024-06-03 00:01:00
7043,1033,425,567.3,18,2024-11-14 09:40:00
7044,1001,51,1197.09,14,2024-07-31 15:23:00
7045,1013,500,658.13,36,2024-11-09 04:47:00
7046,1032,435,1451.53,47,2024-07-26 21:20:00
7047,1038,827,416.97,43,2024-08-08 16:13:00
7048,1034,394,171.25,1,2024-10-28 10:09:00
7049,1041,801,1710.54,10,2024-09-04 04:12:00
7050,1048,51,359.83,13,2024-07-05 01:29:00
7051,1004,551,1676.03,8,2024-09-13 16:30:00
7052,1017,24,835.54,14,2024-10-05 16:33:00
7053,1027,786,823.33,30,2024-11-10 13:22:00
7054,1038,689,293.68,5,2024-09-21 23:45:00
7055,1033,673,1555.54,39,2024-11-25 21:34:00
7056,1039,782,1258.59,32,2024-10-17 12:12:00
7057,1049,494,1920.22,12,2024-08-30 13:36:00
7058,1040,208,81.05,18,2024-10-03 01:56:00
7059,1048,100,1762.39,9,2024-10-08 08:45:00
7060,1024,542,297.31,34,2024-07-29 09:36:00
7061,1005,766,1204.65,24,2024-08-20 19:12:00
7062,1028,427,1473.76,26,2024-09-28 00:33:00
7063,1034,514,1585.75,6,2024-11-24 08:37:00
7064,1027,884,522.24,31,2024-07-15 06:52:00
7065,1044,334,1451.14,43,2024-08-25 11:04:00
7066,1027,163,643.42,36,2024-10-20 21:47:00
7067,1047,215,1248.36,46,2024-06-16 23:01:00
7068,1010,495,388.18,3,2024-09-22 01:43:00
7069,1018,331,1884.63,46,2024-08-11 09:54:00
7070,1014,156,1505.55,41,2024-07-05 09:15:00
7071,1031,672,1964.58,36,2024-10-13 16:46:00
7072,1022,253,1378.35,49,2024-07-25 07:09:00
7073,1009,151,1933.93,34,2024-11-27 15:43:00
7074,1014,861,1350.68,38,2024-09-24 19:49:00
7075,1048,345,309.82,31,2024-10-22 21:04:00
7076,1021,448,1875.82,5,2024-06-27 09:09:00
7077,1047,678,339.17,8,2024-07-14 11:50:00
7078,1020,48,1962.43,50,2024-06-29 23:52:00
7079,1009,261,111.03,42,2024-07-21 23:44:00
7080,1024,343,1435.89,12,2024-08-11 19:40:00
7081,1001,232,260.4,20,2024-06-05 05:16:00
7082,1027,185,1410.5,21,2024-09-04 00:56:00
7083,1021,311,1112.71,34,2024-06-09 22:16:00
7084,1000,571,1643.24,9,2024-06-29 10:10:00
7085,1001,60,1146.47,32,2024-06-20 12:42:00
7086,1004,748,1480.59,15,2024-11-09 18:36:00
7087,1019,29,342.43,48,2024-10-31 06:42:00
7088,1028,372,1771.07,40,2024-08-27 01:09:00
7089,1048,421,1732.13,25,2024-09-04 00:05:00
7090,1002,354,1267.25,23,2024-06-07 20:49:00
7091,1002,447,1076.81,46,2024-09-02 22:03:00
7092,1044,431,880.19,26,2024-11-02 22:32:00
7093,1007,987,840.49,29,2024-09-28 17:29:00
7094,1034,734,1594.18,43,2024-11-03 10:09:00
7095,1003,696,657.25,45,2024-06-24 10:21:00
7096,1040,700,1822.64,47,2024-08-25 14:05:00
7097,1045,565,706.27,18,2024-07-22 03:04:00
7098,1017,904,185.36,30,2024-08-15 02:52:00
7099,1004,558,1312.92,44,2024-06-01 20:32:00
7100,1002,688,94.74,13,2024-08-27 04:31:00
7101,1030,872,292.53,17,2024-09-10 22:23:00
7102,1048,248,813.2,43,2024-10-11 01:59:00
7103,1037,7,1351.81,44,2024-10-15 10:05:00
7104,1034,571,67.31,2,2024-08-22 09:51:00
7105,1034,8,1630.88,11,2024-06-06 23:49:00
7106,1008,376,604.19,24,2024-07-10 04:45:00
7107,1032,940,954.47,7,2024-11-27 15:28:00
7108,1014,650,249.98,20,2024-10-08 10:01:00
7109,1038,955,783.31,20,2024-07-10 02:59:00
7110,1028,380,533.6,45,2024-10-15 07:44:00
7111,1049,176,1122.87,17,2024-10-03 17:16:00
7112,1049,989,879.01,28,2024-07-23 19:39:00
7113,1001,179,140.21,32,2024-11-07 02:50:00
7114,1003,958,860.48,44,2024-11-06 11:41:00
7115,1025,290,630.34,39,2024-07-02 07:45:00
7116,1001,113,1883.97,9,2024-11-03 21:33:00
7117,1017,11,232.82,28,2024-11-06 01:59:00
7118,1017,732,1092.01,35,2024-09-17 15:10:00
7119,1039,314,1386.03,27,2024-10-25 14:10:00
7120,1024,739,1329.36,9,2024-07-16 16:27:00
7121,1029,131,1244.19,28,2024-10-22 08:06:00
7122,1048,852,711.9,9,2024-09-27 12:38:00
7123,1004,558,934.79,28,2024-10-04 00:16:00
7124,1014,759,365.32,10,2024-06-21 23:57:00
7125,1020,5,1519.07,26,2024-06-10 02:30:00
7126,1024,77,1819.42,48,2024-08-12 03:22:00
7127,1040,174,1405.21,37,2024-08-24 16:51:00
7128,1008,950,1873.93,19,2024-07-06 23:34:00
7129,1001,317,1121.45,41,2024-06-07 00:45:00
7130,1025,774,1274.62,46,2024-06-07 06:34:00
7131,1048,707,264.03,46,2024-09-28 03:16:00
7132,1033,582,278.53,13,2024-07-23 16:39:00
7133,1044,213,1407.34,9,2024-08-09 09:54:00
7134,1042,760,1010.65,19,2024-09-03 16:47:00
7135,1018,824,1609.45,46,2024-07-20 04:08:00
7136,1000,647,198.44,42,2024-06-02 06:58:00
7137,1038,739,750.82,40,2024-09-01 20:50:00
7138,1013,294,126.44,38,2024-08-24 00:01:00
7139,1005,621,1281.52,3,2024-11-17 03:38:00
7140,1010,614,59694.33,8,2024-10-16 07:11:00
7141,1028,14,1286.95,28,2024-08-28 14:03:00
7142,1013,85,1570.67,50,2024-09-29 11:34:00
7143,1041,821,799.48,36,2024-08-05 13:37:00
7144,1009,695,541.36,40,2024-11-04 01:37:00
7145,1048,315,1542.66,29,2024-06-09 11:13:00
7146,1030,831,196.38,27,2024-08-20 01:02:00
7147,1009,878,1037.91,35,2024-11-13 11:18:00
7148,1046,196,199.19,33,2024-06-10 10:32:00
7149,1026,755,1223.62,35,2024-07-19 06:24:00
7150,1011,973,200.7,39,2024-08-11 08:12:00
7151,1034,452,77.58,39,2024-08-04 16:38:00
7152,1029,913,645.49,20,2024-06-28 20:57:00
7153,1034,143,1394.51,16,2024-11-10 01:28:00
7154,1005,42,862.84,44,2024-09-02 23:06:00
7155,1016,890,1583.75,36,2024-08-07 00:51:00
7156,1018,835,192.42,21,2024-10-29 13:56:00
7157,1018,595,496.91,2,2024-07-19 06:23:00
7158,1046,952,402.57,14,2024-06-21 02:41:00
7159,1027,566,1692.53,4,2024-10-10 21:37:00
7160,1024,625,1626.36,29,2024-08-04 19:18:00
7161,1034,695,1385.22,1,2024-08-18 15:26:00
7162,1013,183,1107.1,22,2024-09-09 19:45:00
7163,1026,280,154.83,27,2024-09-14 12:09:00
7164,1027,132,682.99,44,2024-06-20 07:59:00
7165,1009,846,655.75,30,2024-09-01 16:45:00
7166,1015,120,1602.13,36,2024-10-10 12:55:00
7167,1031,456,1875.03,28,2024-11-24 11:08:00
7168,1025,819,1294.25,42,2024-09-03 18:35:00
7169,1005,548,1663.54,4,2024-10-22 12:20:00
7170,1034,535,1747.11,36,2024-07-19 15:16:00
7171,1033,925,1141.16,20,2024-06-23 03:36:00
7172,1005,917,1796.13,3,2024-10-27 14:05:00
7173,1029,249,895.62,22,2024-08-24 16:09:00
7174,1009,513,1714.84,33,2024-08-07 06:17:00
7175,1023,551,1645.14,49,2024-11-12 14:49:00
7176,1004,846,567.86,39,2024-06-23 17:21:00
7177,1013,965,1137.72,30,2024-10-06 09:57:00
7178,1029,473,1589.95,4,2024-08-20 05:59:00
7179,1007,532,50.18,2,2024-09-13 23:49:00
7180,1038,883,1094.84,35,2024-06-04 23:17:00
7181,1028,784,286.06,13,2024-09-20 08:22:00
7182,1009,724,1143.77,18,2024-06-19 00:01:00
7183,1023,267,756.05,18,2024-08-19 00:48:00
7184,1014,978,63.24,35,2024-06-22 01:32:00
7185,1046,635,176.7,14,2024-08-02 15:51:00
7186,1042,802,849.12,3,2024-07-16 11:14:00
7187,1000,88,123.62,3,2024-07-31 08:55:00
7188,1047,680,914.15,45,2024-07-12 04:47:00
7189,1018,604,1627.41,10,2024-09-27 11:52:00
7190,1002,609,515.89,35,2024-08-21 16:29:00
7191,1026,116,104.8,27,2024-08-28 07:13:00
7192,1047,905,658.62,27,2024-10-14 21:41:00
7193,1020,906,1236.76,11,2024-07-24 10:25:00
7194,1030,778,45129.07,50,2024-10-21 22:52:00
7195,1013,761,1571.04,34,2024-11-25 06:41:00
7196,1031,560,1339.37,18,2024-09-07 18:01:00
7197,1044,312,1150.68,42,2024-06-20 07:50:00
7198,1015,341,1234.73,23,2024-07-11 01:31:00
7199,1011,436,1556.65,16,2024-10-13 11:32:00
7200,1004,89,1945.2,14,2024-09-04 18:54:00
7201,1008,251,63.83,43,2024-07-14 13:20:00
7202,1033,973,1167.26,42,2024-10-06 01:03:00
7203,1033,322,1693.62,11,2024-06-02 08:40:00
7204,1017,80,1444.01,11,2024-11-10 12:36:00
7205,1022,740,1352.87,31,2024-10-15 22:40:00
7206,1010,111,544.72,13,2024-06-07 15:22:00
7207,1047,583,1395.48,39,2024-09-06 05:40:00
7208,1037,256,1487.29,46,2024-10-04 17:00:00
7209,1000,23,412.07,10,2024-07-03 23:01:00
7210,1024,638,1605.25,8,2024-06-15 06:23:00
7211,1019,259,1456.83,29,2024-07-05 06:10:00
7212,1007,82,201.38,39,2024-08-11 04:37:00
7213,1017,643,2032.77,47,2024-11-11 11:26:00
7214,1001,641,1597.29,22,2024-09-01 17:09:00
7215,1043,803,1228.69,24,2024-09-06 07:33:00
7216,1019,773,1330.11,14,2024-09-23 02:17:00
7217,1007,672,56885.82,45,2024-08-03 02:43:00
7218,1028,360,1888.73,37,2024-09-11 06:37:00
7219,1019,640,210.8,10,2024-10-20 09:13:00
7220,1035,231,363.9,38,2024-06-15 20:05:00
7221,1004,131,382.71,13,2024-06-24 22:02:00
7222,1045,644,1142.12,27,2024-10-30 16:11:00
7223,1018,163,624.12,48,2024-08-17 01:56:00
7224,1049,393,654.16,47,2024-07-14 08:58:00
7225,1016,837,1935.47,46,2024-07-20 04:16:00
7226,1018,900,1595.05,47,2024-07-04 23:22:00
7227,1019,780,1484.21,26,2024-09-28 16:54:00
7228,1014,453,1435.88,20,2024-08-03 09:38:00
7229,1042,279,549.57,34,2024-06-13 19:24:00
7230,1027,81,356.87,7,2024-06-30 09:34:00
7231,1047,914,1372.15,36,2024-11-27 00:45:00
7232,1026,607,790.62,6,2024-09-02 16:37:00
7233,1006,228,650.49,50,2024-07-27 01:55:00
7234,1048,279,1688.92,44,2024-08-11 22:27:00
7235,1012,425,1586.16,6,2024-08-08 21:27:00
7236,1008,99,409.57,20,2024-06-06 19:56:00
7237,1026,368,75.69,42,2024-08-02 16:53:00
7238,1038,651,1428.38,50,2024-11-11 19:13:00
7239,1017,863,1403.66,3,2024-06-24 06:14:00
7240,1028,342,292.61,6,2024-10-13 03:09:00
7241,1013,415,1507.6,10,2024-10-05 00:26:00
7242,1018,636,262.53,35,2024-11-22 20:37:00
7243,1030,379,1851.23,32,2024-06-25 15:36:00
7244,1012,978,458.2,27,2024-08-23 18:21:00
7245,1003,531,565.71,14,2024-06-05 23:41:00
7246,1005,638,481.11,18,2024-11-06 04:11:00
7247,1028,883,1056.26,33,2024-08-03 18:09:00
7248,1005,435,689.89,36,2024-06-15 18:19:00
7249,1046,273,1626.39,43,2024-08-27 06:27:00
7250,1039,496,530.72,28,2024-10-12 03:43:00
7251,1002,163,816.44,30,2024-07-04 17:42:00
7252,1031,544,167.5,28,2024-11-26 16:36:00
7253,1026,166,1613.21,28,2024-07-04 22:10:00
7254,1024,255,1702.45,49,2024-09-11 19:26:00
7255,1007,484,654.76,40,2024-06-09 00:05:00
7256,1035,555,1803.64,46,2024-09-09 22:44:00
7257,1008,96,1333.71,38,2024-11-17 09:12:00
7258,1000,574,1001.4,25,2024-07-28 00:18:00
7259,1043,265,1618.07,32,2024-06-03 22:40:00
7260,1003,116,883.33,16,2024-11-06 23:28:00
7261,1015,187,359.48,21,2024-11-20 13:56:00
7262,1020,14,1343.67,12,2024-10-09 08:15:00
7263,1023,686,1256.96,8,2024-10-08 18:40:00
7264,1018,995,1348.17,40,2024-07-26 19:31:00
7265,1014,713,365.32,10,2024-08-02 02:06:00
7266,1006,549,1360.82,7,2024-10-14 21:20:00
7267,1032,285,1447.08,43,2024-09-23 23:14:00
7268,1049,965,1577.28,16,2024-10-15 21:16:00
7269,1023,287,220.09,29,2024-10-05 08:41:00
7270,1048,667,1874.82,15,2024-08-05 04:43:00
7271,1037,24,1187.11,18,2024-10-01 17:24:00
7272,1018,815,491.28,1,2024-06-03 14:38:00
7273,1024,583,1338.12,22,2024-09-29 00:39:00
7274,1042,459,538.1,38,2024-09-14 16:31:00
7275,1030,998,838.22,3,2024-07-01 18:03:00
7276,1033,580,207.05,37,2024-09-27 02:02:00
7277,1049,101,1994.04,2,2024-07-05 10:27:00
7278,1029,945,971.61,12,2024-11-25 11:32:00
7279,1038,664,1825.22,50,2024-10-28 22:25:00
7280,1045,598,729.42,19,2024-11-25 19:20:00
7281,1019,474,1560.8,38,2024-10-09 23:57:00
7282,1029,454,450.69,18,2024-09-13 18:39:00
7283,1016,807,1638.48,34,2024-09-17 20:15:00
7284,1019,695,734.23,11,2024-11-14 09:39:00
7285,1039,626,1052.84,22,2024-10-14 06:04:00
7286,1045,717,1354.92,2,2024-07-08 06:07:00
7287,1004,812,1322.0,37,2024-09-28 23:37:00
7288,1003,921,1575.57,43,2024-06-10 14:19:00
7289,1039,245,797.96,38,2024-10-15 19:44:00
7290,1019,431,1031.87,10,2024-10-07 04:35:00
7291,1039,943,1619.88,37,2024-07-29 18:58:00
7292,1046,989,1519.48,44,2024-08-04 22:56:00
7293,1036,399,970.2,35,2024-08-01 05:54:00
7294,1007,289,1627.2,25,2024-08-07 17:17:00
7295,1000,548,1281.61,34,2024-11-19 16:56:00
7296,1031,875,1042.35,41,2024-07-23 11:17:00
7297,1037,530,938.91,44,2024-10-31 22:04:00
7298,1041,23,52.81,32,2024-08-09 11:50:00
7299,1033,455,1273.68,34,2024-11-23 05:07:00
7300,1020,959,1833.02,22,2024-10-08 06:36:00
7301,1000,814,1701.18,27,2024-06-11 17:56:00
7302,1033,402,706.14,26,2024-10-11 07:46:00
7303,1025,73,1980.52,23,2024-08-04 01:41:00
7304,1009,127,156.55,38,2024-06-04 19:30:00
7305,1038,368,481.71,8,2024-07-13 20:20:00
7306,1009,621,269.56,30,2024-11-04 16:57:00
7307,1019,130,1868.82,14,2024-10-03 14:10:00
7308,1048,117,946.81,7,2024-09-17 00:16:00
7309,1030,815,638.78,33,2024-06-05 17:01:00
7310,1038,667,809.9,50,2024-08-30 20:05:00
7311,1035,166,1777.15,21,2024-07-24 20:11:00
7312,1018,583,1724.4,3,2024-10-19 08:17:00
7313,1041,913,368.56,23,2024-08-21 10:37:00
7314,1031,725,1439.63,13,2024-09-12 07:37:00
7315,1044,892,176.74,4,2024-09-23 23:33:00
7316,1042,752,1521.88,1,2024-10-08 21:35:00
7317,1025,953,562.36,2,2024-07-01 16:06:00
7318,1023,176,1806.47,16,2024-09-13 18:44:00
7319,1042,234,1464.02,40,2024-10-14 13:17:00
7320,1022,532,1108.26,5,2024-11-13 23:28:00
7321,1035,635,942.6,4,2024-10-22 14:06:00
7322,1005,699,593.79,42,2024-10-13 11:23:00
7323,1026,695,1162.88,38,2024-07-11 21:01:00
7324,1004,848,965.85,11,2024-06-13 05:38:00
7325,1011,38,1800.88,21,2024-06-03 16:10:00
7326,1001,648,1290.76,11,2024-09-25 21:11:00
7327,1024,546,863.81,11,2024-07-20 00:59:00
7328,1023,611,688.42,17,2024-10-20 01:44:00
7329,1040,765,411.37,20,2024-11-08 14:01:00
7330,1047,982,1366.3,26,2024-06-30 17:55:00
7331,1030,778,1203.56,20,2024-09-14 10:28:00
7332,1027,3,667.98,40,2024-07-11 05:43:00
7333,1027,780,1215.5,5,2024-07-06 20:30:00
7334,1012,251,503.46,34,2024-10-11 20:45:00
7335,1043,514,230.77,48,2024-07-29 14:40:00
7336,1047,312,72.23,49,2024-11-14 22:58:00
7337,1023,400,1384.13,21,2024-08-28 19:08:00
7338,1009,723,1370.84,15,2024-11-04 12:58:00
7339,1009,63,1840.98,36,2024-11-09 13:05:00
7340,1049,458,1847.8,31,2024-10-14 16:45:00
7341,1042,266,1228.57,47,2024-11-17 00:54:00
7342,1028,976,1130.94,28,2024-11-23 16:50:00
7343,1047,877,680.26,25,2024-08-12 00:49:00
7344,1046,662,55.45,40,2024-06-21 04:33:00
7345,1007,272,1369.3,16,2024-11-10 18:03:00
7346,1036,946,427.66,22,2024-11-17 10:27:00
7347,1002,648,1609.11,3,2024-07-22 17:50:00
7348,1028,935,1556.49,29,2024-09-13 06:52:00
7349,1001,31,1711.89,28,2024-10-24 22:12:00
7350,1035,257,479.52,40,2024-11-25 01:32:00
7351,1000,893,1357.58,34,2024-07-24 13:06:00
7352,1003,709,980.5,21,2024-07-11 21:59:00
7353,1027,656,235.59,43,2024-07-07 14:18:00
7354,1030,919,1499.98,7,2024-08-14 05:12:00
7355,1029,534,792.82,12,2024-10-22 08:14:00
7356,1024,115,336.09,30,2024-07-07 19:33:00
7357,1016,321,184.52,13,2024-11-17 14:00:00
7358,1011,32,1849.9,37,2024-08-18 13:20:00
7359,1032,877,408.5,24,2024-09-27 13:05:00
7360,1039,923,220.42,7,2024-09-20 03:14:00
7361,1006,213,763.19,16,2024-06-13 10:36:00
7362,1031,197,1820.49,25,2024-09-21 02:29:00
7363,1015,425,1987.2,5,2024-06-15 01:05:00
7364,1043,780,1196.8,2,2024-11-23 01:28:00
7365,1046,63,677.13,33,2024-08-06 22:43:00
7366,1027,400,727.48,9,2024-07-16 10:16:00
7367,1049,19,1410.53,40,2024-11-08 00:45:00
7368,1011,402,554.41,12,2024-11-12 21:04:00
7369,1031,405,978.7,42,2024-10-24 21:50:00
7370,1012,261,1431.3,11,2024-10-22 21:28:00
7371,1031,349,1416.31,32,2024-06-07 20:41:00
7372,1022,672,306.57,8,2024-09-11 10:23:00
7373,1017,949,626.62,5,2024-09-28 08:04:00
7374,1026,673,1919.95,28,2024-07-24 19:29:00
7375,1000,835,963.15,2,2024-11-22 04:24:00
7376,1017,70,1568.86,31,2024-09-28 14:50:00
7377,1015,793,954.51,2,2024-09-30 09:14:00
7378,1033,654,737.45,47,2024-06-28 18:20:00
7379,1007,440,1648.55,46,2024-06-13 17:38:00
7380,1027,320,1794.17,49,2024-09-06 10:26:00
7381,1029,868,661.51,6,2024-06-30 01:04:00
7382,1027,855,1506.63,15,2024-11-20 10:12:00
7383,1031,70,1424.73,18,2024-08-16 17:53:00
7384,1013,768,1789.57,11,2024-10-11 20:58:00
7385,1002,417,290.86,27,2024-09-18 16:47:00
7386,1029,837,837.63,49,2024-11-26 16:30:00
7387,1030,305,1708.57,46,2024-07-07 01:41:00
7388,1036,593,243.49,27,2024-11-06 01:03:00
7389,1023,619,1092.71,26,2024-09-28 11:36:00
7390,1023,752,643.01,31,2024-08-29 06:33:00
7391,1020,785,1105.36,41,2024-08-10 07:22:00
7392,1044,621,1668.68,37,2024-10-23 06:59:00
7393,1015,971,1115.27,11,2024-11-27 09:10:00
7394,1048,137,350.53,17,2024-11-06 13:33:00
7395,1029,386,1415.85,5,2024-08-20 16:51:00
7396,1016,602,1043.68,6,2024-09-16 03:32:00
7397,1001,21,1363.43,15,2024-07-23 22:11:00
7398,1036,138,423.34,35,2024-07-14 21:58:00
7399,1006,720,942.74,17,2024-09-27 06:47:00
7400,1004,954,991.01,13,2024-06-06 12:37:00
7401,1039,241,212.1,24,2024-07-10 04:04:00
7402,1042,620,1756.08,27,2024-07-28 12:02:00
7403,1032,624,965.39,19,2024-09-13 12:54:00
7404,1034,461,1774.51,7,2024-10-20 02:18:00
7405,1026,824,1278.2,26,2024-06-15 22:07:00
7406,1003,352,70219.92,27,2024-11-14 13:18:00
7407,1028,259,1163.58,34,2024-08-07 09:41:00
7408,1029,524,240.75,35,2024-06-30 11:01:00
7409,1015,503,987.15,4,2024-07-12 16:00:00
7410,1044,138,1676.57,40,2024-09-29 08:09:00
7411,1037,329,511.4,21,2024-08-01 05:41:00
7412,1038,783,910.14,29,2024-08-20 14:16:00
7413,1009,643,1476.11,10,2024-11-27 23:48:00
7414,1034,822,1358.17,45,2024-08-16 18:11:00
7415,1007,842,489.78,25,2024-11-07 10:04:00
7416,1033,285,1791.87,35,2024-07-21 10:57:00
7417,1046,186,1096.19,28,2024-11-04 07:57:00
7418,1019,397,165.84,24,2024-08-16 22:39:00
7419,1044,518,1309.43,50,2024-11-05 16:30:00
7420,1048,431,1453.51,47,2024-07-10 14:57:00
7421,1017,946,58.76,43,2024-09-24 19:52:00
7422,1006,298,1990.18,42,2024-11-09 14:23:00
7423,1018,887,1706.16,18,2024-10-23 19:13:00
7424,1022,707,1723.36,14,2024-06-08 04:37:00
7425,1037,275,1528.57,18,2024-07-11 05:28:00
7426,1032,762,1771.43,47,2024-07-27 15:23:00
7427,1015,219,301.02,23,2024-06-28 02:27:00
7428,1021,361,554.3,38,2024-09-20 15:36:00
7429,1025,988,1617.97,22,2024-11-24 21:35:00
7430,1011,468,1215.21,31,2024-08-25 01:19:00
7431,1013,715,988.02,48,2024-07-29 20:46:00
7432,1032,660,577.9,21,2024-10-05 05:37:00
7433,1020,678,1849.52,31,2024-10-05 17:07:00
7434,1041,286,1429.66,16,2024-11-17 04:19:00
7435,1013,741,868.54,46,2024-09-17 11:42:00
7436,1011,494,1698.24,37,2024-09-11 01:27:00
7437,1012,73,181.32,2,2024-10-04 22:36:00
7438,1026,706,1412.16,38,2024-06-07 17:18:00
7439,1009,163,515.77,48,2024-07-11 23:25:00
7440,1011,223,190.85,8,2024-06-10 20:19:00
7441,1044,918,384.83,27,2024-06-26 14:54:00
7442,1031,546,451.8,24,2024-09-20 17:16:00
7443,1039,404,1398.56,23,2024-11-07 09:48:00
7444,1035,167,143.06,18,2024-07-10 04:52:00
7445,1015,750,1169.69,25,2024-07-16 05:55:00
7446,1007,298,1891.28,10,2024-06-16 14:49:00
7447,1006,801,58404.74,36,2024-06-10 06:49:00
7448,1040,142,1947.86,25,2024-06-24 20:15:00
7449,1023,920,779.21,45,2024-10-02 06:36:00
7450,1034,613,58.26,46,2024-06-27 02:16:00
7451,1041,127,106.55,50,2024-09-17 10:37:00
7452,1008,649,127.48,50,2024-08-09 08:19:00
7453,1030,824,238.22,39,2024-10-07 05:10:00
7454,1024,160,1047.8,44,2024-10-03 03:19:00
7455,1041,546,2028.6,48,2024-10-30 22:51:00
7456,1047,465,512.03,8,2024-08-07 13:06:00
7457,1003,676,402.09,50,2024-07-08 16:45:00
7458,1048,754,1352.17,22,2024-11-14 01:08:00
7459,1025,256,1777.41,31,2024-11-16 10:34:00
7460,1029,720,1793.03,24,2024-11-24 16:07:00
7461,1023,411,1414.54,36,2024-09-20 02:53:00
7462,1035,87,1815.23,25,2024-11-24 05:31:00
7463,1020,220,749.21,47,2024-08-24 07:17:00
7464,1048,966,949.97,38,2024-10-21 05:24:00
7465,1018,619,345.88,9,2024-10-21 10:32:00
7466,1045,309,136.14,14,2024-07-09 15:23:00
7467,1025,412,1603.47,37,2024-10-08 05:39:00
7468,1044,777,470.48,34,2024-07-07 14:39:00
7469,1016,139,151.65,13,2024-06-23 15:44:00
7470,1015,605,464.81,46,2024-10-05 02:21:00
7471,1033,657,554.66,26,2024-06-08 05:00:00
7472,1031,234,1520.17,19,2024-09-04 06:47:00
7473,1036,671,1373.7,21,2024-11-02 14:44:00
7474,1012,453,1064.8,31,2024-11-24 20:43:00
7475,1041,776,1688.49,5,2024-07-17 03:00:00
7476,1046,846,468.87,1,2024-07-05 18:09:00
7477,1013,994,1451.89,31,2024-09-06 01:35:00
7478,1007,392,1850.8,19,2024-09-06 08:47:00
7479,1032,973,1654.64,19,2024-08-06 18:10:00
7480,1031,850,1221.04,20,2024-09-02 05:41:00
7481,1014,493,555.1,49,2024-06-15 09:51:00
7482,1026,389,114.37,3,2024-07-16 17:48:00
7483,1013,378,1034.27,14,2024-07-14 22:04:00
7484,1016,318,358.06,47,2024-10-08 20:22:00
7485,1034,846,365.01,25,2024-07-18 11:00:00
7486,1027,634,1044.53,45,2024-10-24 14:08:00
7487,1034,290,1836.47,33,2024-08-12 02:51:00
7488,1021,544,1978.65,13,2024-10-16 07:41:00
7489,1005,928,1059.77,31,2024-06-19 20:54:00
7490,1014,256,187.6,33,2024-06-17 20:44:00
7491,1039,430,381.43,35,2024-07-31 10:10:00
7492,1000,233,1050.33,48,2024-06-30 08:16:00
7493,1000,923,82.41,2,2024-06-02 20:38:00
7494,1005,677,1385.82,40,2024-07-07 08:28:00
7495,1033,861,1470.51,14,2024-11-21 15:04:00
7496,1027,396,1557.98,36,2024-09-18 01:29:00
7497,1047,459,1258.66,46,2024-11-22 06:10:00
7498,1021,200,468.17,34,2024-08-20 18:42:00
7499,1047,840,630.15,20,2024-06-20 21:46:00
7500,1012,772,957.02,49,2024-11-04 05:35:00
7501,1020,67,1159.22,15,2024-09-05 15:07:00
7502,1032,468,1756.29,31,2024-06-17 20:54:00
7503,1024,642,747.86,20,2024-07-09 13:11:00
7504,1022,836,1863.81,43,2024-10-01 02:03:00
7505,1042,370,1431.6,26,2024-09-29 13:43:00
7506,1019,171,624.33,40,2024-08-24 10:29:00
7507,1035,146,509.96,3,2024-07-20 08:06:00
7508,1027,121,1769.59,24,2024-10-06 05:55:00
7509,1043,159,51.62,18,2024-11-26 12:52:00
7510,1010,673,326.84,30,2024-09-27 12:36:00
7511,1030,73,1027.32,15,2024-08-04 22:25:00
7512,1013,201,662.4,12,2024-09-11 16:32:00
7513,1031,456,414.14,10,2024-06-15 18:04:00
7514,1011,295,700.19,44,2024-09-04 08:38:00
7515,1036,875,177.17,37,2024-06-10 15:46:00
7516,1020,905,794.01,14,2024-09-23 20:15:00
7517,1004,889,1787.45,24,2024-08-09 21:00:00
7518,1005,475,1945.27,13,2024-06-17 15:12:00
7519,1031,344,1048.17,1,2024-07-15 05:26:00
7520,1028,563,329.08,36,2024-09-12 10:46:00
7521,1038,473,399.31,32,2024-07-25 01:17:00
7522,1043,40,527.77,12,2024-11-21 04:42:00
7523,1048,433,1091.63,3,2024-07-26 02:10:00
7524,1046,338,1043.84,24,2024-10-20 18:13:00
7525,1004,372,200.43,33,2024-10-06 23:09:00
7526,1023,219,293.94,18,2024-08-29 23:20:00
7527,1006,53,433.22,13,2024-07-22 15:52:00
7528,1030,684,770.89,25,2024-11-09 09:03:00
7529,1017,64,1731.22,33,2024-07-18 06:56:00
7530,1040,604,584.52,39,2024-10-22 16:58:00
7531,1027,254,1269.04,22,2024-11-04 13:50:00
7532,1016,491,99.87,5,2024-08-07 14:02:00
7533,1000,306,1963.78,10,2024-06-14 11:28:00
7534,1011,981,473.6,38,2024-10-08 09:12:00
7535,1021,36,199.57,28,2024-09-04 21:30:00
7536,1009,256,1880.28,17,2024-06-28 04:59:00
7537,1022,672,1963.96,39,2024-07-16 17:16:00
7538,1042,574,1773.38,48,2024-11-19 23:48:00
7539,1008,496,198.77,6,2024-09-22 17:28:00
7540,1033,313,1523.44,19,2024-09-22 00:28:00
7541,1006,989,146.77,18,2024-09-06 23:31:00
7542,1014,67,1354.1,27,2024-06-16 03:56:00
7543,1029,570,1375.87,45,2024-07-23 17:27:00
7544,1039,183,1296.8,6,2024-07-05 05:49:00
7545,1026,907,1721.69,11,2024-11-02 05:25:00
7546,1040,948,1218.27,20,2024-11-27 04:34:00
7547,1020,79,1112.54,40,2024-06-04 10:19:00
7548,1047,14,1519.16,23,2024-10-17 05:28:00
7549,1032,687,360.14,20,2024-08-13 03:10:00
7550,1010,304,1824.35,7,2024-09-04 02:09:00
7551,1013,187,1576.36,28,2024-06-25 20:46:00
7552,1046,480,197.07,50,2024-08-16 20:41:00
7553,1036,394,412.99,50,2024-08-12 06:51:00
7554,1028,378,215.15,27,2024-08-09 05:06:00
7555,1049,725,834.45,27,2024-09-02 16:05:00
7556,1027,875,96.32,32,2024-07-02 02:07:00
7557,1029,243,897.3,35,2024-10-22 10:06:00
7558,1003,702,706.36,46,2024-06-05 14:38:00
7559,1008,832,1841.06,4,2024-11-07 07:10:00
7560,1026,736,801.58,19,2024-07-04 03:18:00
7561,1048,680,1333.75,17,2024-07-21 23:51:00
7562,1016,365,1838.02,30,2024-09-09 13:08:00
7563,1027,14,1739.55,38,2024-07-02 00:35:00
7564,1033,432,239.31,6,2024-10-26 11:24:00
7565,1032,393,292.74,23,2024-10-02 10:12:00
7566,1014,755,1877.53,46,2024-09-23 04:41:00
7567,1000,59,1302.87,37,2024-09-24 13:41:00
7568,1018,873,745.9,47,2024-09-09 02:50:00
7569,1037,257,788.28,28,2024-11-05 13:50:00
7570,1046,353,1726.68,50,2024-11-02 23:23:00
7571,1020,318,824.73,4,2024-06-12 18:15:00
7572,1008,129,1884.22,16,2024-07-09 19:42:00
7573,1031,965,298.99,40,2024-08-19 07:39:00
7574,1012,2,1088.2,49,2024-08-07 21:32:00
7575,1046,241,1317.13,5,2024-09-19 06:03:00
7576,1048,622,840.84,27,2024-09-28 16:27:00
7577,1034,529,1762.63,36,2024-11-26 13:03:00
7578,1034,42,269.77,9,2024-09-08 07:14:00
7579,1025,622,765.19,31,2024-06-20 14:18:00
7580,1005,24,1192.33,30,2024-08-22 20:32:00
7581,1047,772,1890.65,22,2024-08-26 23:01:00
7582,1032,835,296.29,49,2024-07-22 00:35:00
7583,1009,773,1090.13,8,2024-11-19 10:32:00
7584,1024,415,58.97,23,2024-06-13 00:44:00
7585,1006,700,162.35,1,2024-06-13 03:25:00
7586,1014,20,1883.67,28,2024-10-31 23:08:00
7587,1043,371,500.14,3,2024-08-14 11:42:00
7588,1036,243,744.57,22,2024-09-11 04:10:00
7589,1033,967,1625.32,37,2024-09-28 08:53:00
7590,1013,407,852.31,18,2024-09-17 17:58:00
7591,1046,654,1642.06,20,2024-10-11 15:24:00
7592,1048,663,753.91,30,2024-07-09 23:53:00
7593,1001,138,1313.55,36,2024-11-15 18:34:00
7594,1035,606,1275.82,44,2024-08-28 01:38:00
7595,1010,864,962.53,32,2024-06-04 06:48:00
7596,1010,475,804.84,25,2024-09-30 21:14:00
7597,1000,264,1607.07,39,2024-09-25 15:42:00
7598,1022,350,1528.92,44,2024-06-03 10:36:00
7599,1005,352,701.5,24,2024-07-31 10:04:00
7600,1006,728,1463.85,22,2024-08-31 06:37:00
7601,1033,677,1362.27,17,2024-06-27 13:09:00
7602,1032,354,1992.06,47,2024-06-16 06:44:00
7603,1020,623,443.04,39,2024-11-15 04:46:00
7604,1013,381,674.47,48,2024-09-03 14:51:00
7605,1038,609,111.02,9,2024-09-19 13:18:00
7606,1016,636,1356.89,22,2024-07-19 10:58:00
7607,1020,622,743.37,15,2024-06-17 13:19:00
7608,1022,863,1333.23,32,2024-11-21 09:14:00
7609,1025,372,1277.28,15,2024-08-08 12:08:00
7610,1036,65,143.11,29,2024-07-19 15:59:00
7611,1002,745,1764.3,34,2024-06-15 07:12:00
7612,1048,717,807.55,45,2024-08-03 19:45:00
7613,1039,92,858.72,33,2024-11-16 22:32:00
7614,1015,645,1084.24,34,2024-06-17 07:28:00
7615,1027,465,1895.45,48,2024-08-06 19:47:00
7616,1037,742,1135.44,32,2024-08-25 02:22:00
7617,1036,186,774.54,39,2024-06-25 15:15:00
7618,1019,574,183.74,6,2024-10-01 10:04:00
7619,1042,319,720.16,31,2024-07-22 07:17:00
7620,1023,861,1993.99,17,2024-06-26 14:42:00
7621,1030,306,971.23,17,2024-10-14 19:42:00
7622,1034,607,1454.37,2,2024-06-29 20:46:00
7623,1016,441,1481.62,14,2024-07-19 19:00:00
7624,1016,361,172.63,33,2024-09-06 05:48:00
7625,1021,860,723.58,32,2024-07-11 19:12:00
7626,1027,920,158.29,33,2024-11-15 02:53:00
7627,1045,766,1991.93,17,2024-08-15 02:27:00
7628,1003,132,1942.79,4,2024-07-13 02:49:00
7629,1036,152,1646.52,20,2024-10-18 06:50:00
7630,1048,971,1131.44,3,2024-11-16 12:01:00
7631,1045,778,694.99,28,2024-09-18 06:36:00
7632,1038,757,1253.25,17,2024-09-22 18:59:00
7633,1020,915,181.63,20,2024-09-11 19:48:00
7634,1006,0,1660.51,41,2024-10-25 00:03:00
7635,1032,400,769.19,34,2024-06-21 20:50:00
7636,1000,23,395.07,27,2024-06-08 11:05:00
7637,1006,222,997.04,36,2024-10-22 15:11:00
7638,1005,989,1768.1,6,2024-08-13 09:51:00
7639,1027,235,384.45,1,2024-07-14 00:32:00
7640,1048,649,1468.54,11,2024-07-29 06:57:00
7641,1027,713,71.32,9,2024-10-20 23:17:00
7642,1029,118,318.32,40,2024-09-24 07:35:00
7643,1021,149,1669.81,35,2024-09-27 21:16:00
7644,1009,420,1535.97,34,2024-11-04 11:46:00
7645,1029,271,86.58,22,2024-11-16 17:20:00
7646,1036,967,652.38,5,2024-08-11 18:01:00
7647,1021,118,934.22,33,2024-10-10 09:43:00
7648,1027,389,1071.71,28,2024-09-08 18:28:00
7649,1013,555,638.98,17,2024-07-12 19:34:00
7650,1042,898,1113.02,50,2024-07-14 08:13:00
7651,1001,940,1456.71,14,2024-06-12 12:30:00
7652,1024,969,484.96,20,2024-10-23 08:27:00
7653,1027,800,985.85,41,2024-09-13 16:41:00
7654,1003,469,950.26,38,2024-07-23 17:20:00
7655,1006,56,1437.5,35,2024-08-07 09:59:00
7656,1041,813,787.83,50,2024-09-25 11:55:00
7657,1027,568,207.83,29,2024-07-29 17:50:00
7658,1029,974,1362.54,23,2024-07-28 18:48:00
7659,1007,560,368.86,9,2024-09-21 06:33:00
7660,1049,12,1329.49,50,2024-11-07 03:04:00
7661,1029,922,1393.42,44,2024-11-02 15:36:00
7662,1042,368,881.74,4,2024-07-02 17:42:00
7663,1020,852,1651.66,38,2024-07-23 17:51:00
7664,1025,844,1200.43,21,2024-07-28 20:07:00
7665,1012,685,245.66,23,2024-11-11 00:29:00
7666,1025,226,1458.62,34,2024-06-26 07:26:00
7667,1029,29,1885.14,23,2024-06-14 13:24:00
7668,1034,425,225.17,38,2024-06-10 20:59:00
7669,1029,90,85.11,2,2024-11-28 03:03:00
7670,1009,561,1928.5,17,2024-07-10 05:57:00
7671,1005,802,1772.7,7,2024-06-18 23:36:00
7672,1008,730,479.38,44,2024-06-11 23:37:00
7673,1031,256,937.56,47,2024-11-23 16:46:00
7674,1020,792,1495.29,48,2024-06-23 09:17:00
7675,1029,764,1139.88,28,2024-10-14 19:57:00
7676,1001,786,1199.57,27,2024-06-07 02:15:00
7677,1049,100,227.72,42,2024-11-07 03:35:00
7678,1014,199,1083.0,40,2024-10-23 01:44:00
7679,1013,492,1452.61,31,2024-06-11 06:43:00
7680,1039,874,392.05,28,2024-07-25 01:07:00
7681,1037,656,1369.61,31,2024-11-09 01:00:00
7682,1036,312,158.43,9,2024-11-17 22:18:00
7683,1011,230,1875.09,13,2024-06-19 08:25:00
7684,1014,41,814.55,1,2024-09-01 23:44:00
7685,1046,717,1604.76,11,2024-09-08 20:12:00
7686,1009,137,204.57,48,2024-07-24 22:45:00
7687,1025,43,426.95,34,2024-06-27 16:52:00
7688,1012,115,701.6,25,2024-07-22 12:01:00
7689,1034,46,393.81,8,2024-08-17 18:54:00
7690,1038,630,762.05,31,2024-10-16 19:57:00
7691,1022,372,1977.19,45,2024-10-09 07:53:00
7692,1038,871,256.13,24,2024-09-18 20:48:00
7693,1029,178,1349.83,40,2024-09-26 05:00:00
7694,1039,475,91.94,27,2024-11-25 07:39:00
7695,1038,864,219.05,19,2024-09-15 07:26:00
7696,1046,801,288.52,13,2024-10-22 20:12:00
7697,1016,242,1986.11,50,2024-08-21 08:42:00
7698,1044,811,991.6,30,2024-06-27 12:25:00
7699,1043,307,800.44,3,2024-11-06 11:50:00
7700,1005,318,311.67,48,2024-06-05 01:07:00
7701,1033,6,1852.5,37,2024-07-09 06:05:00
7702,1044,382,1435.03,20,2024-11-23 00:06:00
7703,1012,707,1600.99,12,2024-11-21 04:32:00
7704,1001,783,673.1,45,2024-08-27 05:18:00
7705,1027,574,1203.67,41,2024-07-20 18:58:00
7706,1016,111,506.39,1,2024-10-13 21:31:00
7707,1049,72,190.37,30,2024-08-15 07:13:00
7708,1048,522,1643.76,25,2024-10-03 09:43:00
7709,1015,118,1208.75,13,2024-10-18 02:38:00
7710,1006,451,1759.26,8,2024-10-10 06:13:00
7711,1033,862,1865.95,40,2024-10-01 09:42:00
7712,1000,484,1141.68,19,2024-10-10 19:51:00
7713,1011,709,1055.08,20,2024-07-26 04:06:00
7714,1049,662,963.74,18,2024-09-15 22:32:00
7715,1026,789,432.82,25,2024-07-28 01:42:00
7716,1019,962,217.5,8,2024-11-05 20:02:00
7717,1007,688,769.14,14,2024-07-25 12:21:00
7718,1005,163,1127.17,9,2024-07-30 06:06:00
7719,1014,736,23728.29,31,2024-07-22 03:11:00
7720,1015,450,217.23,22,2024-10-06 17:47:00
7721,1034,130,1878.24,9,2024-08-25 15:37:00
7722,1010,504,946.9,22,2024-11-19 12:27:00
7723,1036,865,369.26,43,2024-10-07 16:00:00
7724,1048,916,954.56,8,2024-11-27 01:19:00
7725,1029,104,1253.98,4,2024-11-08 10:25:00
7726,1027,104,1864.22,15,2024-10-10 06:10:00
7727,1025,807,115.54,17,2024-09-05 03:11:00
7728,1034,739,1426.08,30,2024-08-06 12:25:00
7729,1045,917,337.84,14,2024-08-02 08:16:00
7730,1049,305,161.73,25,2024-10-15 16:43:00
7731,1044,228,821.63,35,2024-10-17 00:06:00
7732,1021,723,1694.22,43,2024-06-09 14:41:00
7733,1018,543,382.33,2,2024-11-26 05:36:00
7734,1010,446,1747.0,37,2024-06-16 17:14:00
7735,1032,18,1568.22,37,2024-10-05 07:15:00
7736,1036,388,833.46,27,2024-07-06 01:49:00
7737,1043,898,566.99,28,2024-07-19 14:32:00
7738,1032,886,949.57,47,2024-10-07 20:27:00
7739,1038,968,1849.76,18,2024-10-19 08:21:00
7740,1009,453,1182.06,8,2024-09-20 21:44:00
7741,1032,225,1975.16,4,2024-11-03 15:38:00
7742,1023,443,520.94,8,2024-11-23 04:11:00
7743,1027,624,1809.16,38,2024-07-06 07:34:00
7744,1044,367,252.74,30,2024-09-28 14:12:00
7745,1008,72,568.38,5,2024-06-21 13:22:00
7746,1028,568,1680.04,9,2024-07-20 14:29:00
7747,1021,653,600.37,6,2024-11-24 04:05:00
7748,1009,319,1438.34,44,2024-10-13 19:39:00
7749,1047,602,726.91,1,2024-07-28 19:16:00
7750,1015,832,894.15,49,2024-06-01 23:00:00
7751,1031,583,252.22,41,2024-09-16 10:21:00
7752,1048,47,209.1,5,2024-08-29 20:09:00
7753,1013,244,1540.75,22,2024-11-01 07:48:00
7754,1019,84,1019.62,22,2024-07-19 08:39:00
7755,1008,324,1768.45,40,2024-10-15 05:15:00
7756,1010,802,904.37,27,2024-06-10 01:53:00
7757,1005,282,873.73,1,2024-10-13 08:29:00
7758,1041,794,382.89,17,2024-11-20 14:53:00
7759,1008,408,178.45,26,2024-07-02 23:44:00
7760,1019,860,509.59,47,2024-07-11 12:00:00
7761,1032,394,1630.21,31,2024-07-18 22:54:00
7762,1017,342,1686.09,29,2024-08-11 19:12:00
7763,1007,182,1018.93,43,2024-10-13 03:31:00
7764,1024,574,506.01,2,2024-06-14 07:53:00
7765,1031,328,505.09,13,2024-07-29 02:36:00
7766,1010,621,91.96,4,2024-07-13 22:55:00
7767,1015,298,1255.35,47,2024-07-20 23:04:00
7768,1030,914,250.03,3,2024-09-17 11:32:00
7769,1006,998,1128.95,47,2024-09-01 14:36:00
7770,1043,527,1434.87,27,2024-11-06 07:14:00
7771,1014,800,1975.1,46,2024-10-14 05:38:00
7772,1015,718,1216.65,47,2024-07-14 23:28:00
7773,1007,676,1311.85,27,2024-08-05 02:50:00
7774,1034,414,1802.27,36,2024-10-11 13:02:00
7775,1040,853,512.75,25,2024-08-18 23:52:00
7776,1031,929,53149.71,29,2024-07-08 01:31:00
7777,1010,869,1682.31,15,2024-08-26 15:57:00
7778,1027,56,878.19,7,2024-09-03 12:18:00
7779,1046,518,1734.4,17,2024-08-17 03:21:00
7780,1013,972,353.05,7,2024-09-30 04:28:00
7781,1035,265,481.5,14,2024-10-18 21:03:00
7782,1032,214,534.12,16,2024-07-30 00:53:00
7783,1007,27,1288.86,5,2024-06-19 01:57:00
7784,1048,821,1581.2,3,2024-07-20 20:32:00
7785,1029,613,1390.57,25,2024-11-22 20:19:00
7786,1028,828,1872.76,8,2024-07-02 10:09:00
7787,1017,981,1934.39,1,2024-06-01 16:28:00
7788,1010,708,1645.16,29,2024-11-05 06:58:00
7789,1027,875,308.63,28,2024-07-06 02:16:00
7790,1000,318,1912.58,28,2024-06-23 06:28:00
7791,1022,51,291.14,27,2024-06-24 14:54:00
7792,1007,534,1129.01,18,2024-07-20 21:32:00
7793,1037,792,90.92,24,2024-07-15 01:35:00
7794,1024,858,1974.45,40,2024-07-10 02:24:00
7795,1014,986,1174.44,26,2024-11-27 16:47:00
7796,1047,762,974.39,37,2024-08-13 02:02:00
7797,1004,647,883.97,21,2024-10-09 19:09:00
7798,1045,899,876.84,8,2024-07-30 06:46:00
7799,1020,464,1567.14,16,2024-08-24 16:39:00
7800,1023,583,1034.36,23,2024-11-01 19:57:00
7801,1023,451,1552.76,26,2024-06-15 00:56:00
7802,1036,906,304.6,9,2024-06-19 10:22:00
7803,1007,548,1684.94,40,2024-09-27 20:25:00
7804,1002,133,953.77,19,2024-08-08 02:47:00
7805,1004,469,1220.72,29,2024-10-14 11:43:00
7806,1004,428,1603.92,24,2024-06-15 03:56:00
7807,1028,97,121.45,29,2024-11-01 15:14:00
7808,1014,323,545.28,41,2024-06-12 08:39:00
7809,1043,747,943.85,14,2024-11-16 15:02:00
7810,1004,523,703.56,21,2024-10-27 00:35:00
7811,1019,842,92.35,25,2024-06-08 19:49:00
7812,1038,491,1372.2,12,2024-10-13 00:46:00
7813,1011,134,839.24,9,2024-11-05 20:27:00
7814,1012,404,487.45,27,2024-06-05 23:36:00
7815,1008,194,1788.76,8,2024-11-03 23:39:00
7816,1026,523,101.08,21,2024-07-10 22:29:00
7817,1047,570,1321.07,3,2024-06-20 21:23:00
7818,1004,381,1252.4,37,2024-07-31 09:54:00
7819,1030,132,528.76,38,2024-10-25 11:15:00
7820,1004,971,1385.94,31,2024-09-07 03:19:00
7821,1035,599,544.44,17,2024-08-09 10:02:00
7822,1005,51,858.94,3,2024-08-27 18:03:00
7823,1047,881,1573.62,3,2024-09-29 04:44:00
7824,1031,205,739.38,27,2024-07-24 03:15:00
7825,1037,971,1495.33,38,2024-10-23 03:34:00
7826,1000,557,598.91,14,2024-11-20 20:56:00
7827,1048,653,1532.54,12,2024-06-27 12:10:00
7828,1041,259,1941.38,20,2024-09-30 22:43:00
7829,1028,810,740.86,36,2024-08-22 12:01:00
7830,1010,37,395.24,8,2024-11-07 12:18:00
7831,1049,49,719.53,44,2024-07-16 12:17:00
7832,1013,669,1559.61,37,2024-07-21 01:30:00
7833,1010,959,593.23,32,2024-08-20 11:57:00
7834,1037,469,1036.3,46,2024-08-31 14:47:00
7835,1005,78,1203.79,18,2024-06-10 01:42:00
7836,1034,565,1468.85,30,2024-08-16 21:48:00
7837,1008,963,513.78,14,2024-07-27 13:39:00
7838,1027,47,1377.86,20,2024-07-20 05:44:00
7839,1015,561,1881.54,31,2024-06-26 11:17:00
7840,1036,373,1508.35,6,2024-09-16 16:04:00
7841,1012,989,754.01,19,2024-07-03 17:33:00
7842,1013,852,968.35,10,2024-06-22 13:08:00
7843,1018,153,1692.15,15,2024-10-31 04:05:00
7844,1007,143,966.87,38,2024-06-23 05:23:00
7845,1004,306,1123.59,50,2024-10-31 10:46:00
7846,1013,72,1866.13,42,2024-07-05 22:25:00
7847,1031,57,1213.23,29,2024-08-09 16:57:00
7848,1016,194,883.12,23,2024-06-12 03:15:00
7849,1034,578,1419.99,21,2024-11-01 14:01:00
7850,1025,322,1116.85,39,2024-11-22 12:31:00
7851,1010,379,1062.61,14,2024-08-16 16:25:00
7852,1017,895,1629.67,46,2024-09-28 18:27:00
7853,1007,363,1997.65,44,2024-10-08 20:10:00
7854,1036,357,565.4,3,2024-07-27 23:51:00
7855,1010,877,875.62,43,2024-08-01 08:32:00
7856,1009,113,87.57,33,2024-10-07 20:02:00
7857,1023,180,1762.27,17,2024-07-07 01:43:00
7858,1046,958,1495.9,16,2024-09-15 17:12:00
7859,1044,692,379.94,4,2024-10-14 05:08:00
7860,1009,429,516.17,20,2024-11-26 11:29:00
7861,1008,542,272.67,43,2024-09-28 11:18:00
7862,1024,713,527.52,31,2024-09-20 22:48:00
7863,1004,805,728.91,23,2024-10-13 13:20:00
7864,1017,946,265.86,5,2024-08-16 02:13:00
7865,1021,785,518.8,13,2024-09-06 04:28:00
7866,1038,10,334.04,46,2024-11-19 21:20:00
7867,1016,579,126.0,3,2024-08-16 01:46:00
7868,1016,719,1203.57,32,2024-09-05 15:29:00
7869,1012,843,1118.12,46,2024-06-19 23:14:00
7870,1015,148,738.39,24,2024-07-15 03:14:00
7871,1014,951,1947.9,48,2024-06-15 05:57:00
7872,1013,884,1053.89,11,2024-08-11 01:42:00
7873,1002,971,1285.99,20,2024-08-13 22:52:00
7874,1037,876,529.25,32,2024-09-26 23:29:00
7875,1037,332,1076.57,23,2024-06-02 00:15:00
7876,1025,618,976.37,4,2024-07-17 23:58:00
7877,1037,386,1910.24,2,2024-08-17 12:12:00
7878,1042,251,655.02,22,2024-09-14 14:44:00
7879,1045,600,961.12,43,2024-06-30 15:59:00
7880,1042,448,730.94,12,2024-06-18 12:09:00
7881,1038,891,1163.28,10,2024-06-23 03:06:00
7882,1026,755,931.24,12,2024-10-04 17:36:00
7883,1046,510,478.35,27,2024-10-17 13:50:00
7884,1014,586,1272.62,34,2024-11-22 02:00:00
7885,1009,932,794.42,48,2024-11-11 03:58:00
7886,1011,119,1799.74,49,2024-09-02 12:35:00
7887,1012,858,1263.97,11,2024-06-23 23:46:00
7888,1032,765,1119.42,16,2024-11-16 23:56:00
7889,1013,164,1079.59,24,2024-08-02 23:27:00
7890,1028,225,482.7,2,2024-10-18 09:07:00
7891,1017,606,652.63,10,2024-07-10 15:23:00
7892,1035,433,1942.78,18,2024-07-14 10:29:00
7893,1040,769,891.93,23,2024-09-18 16:23:00
7894,1039,90,1918.08,28,2024-10-27 21:31:00
7895,1014,565,74.35,24,2024-07-10 10:56:00
7896,1002,535,77.77,41,2024-08-14 19:31:00
7897,1019,475,1809.24,49,2024-06-22 12:41:00
7898,1013,874,1954.08,19,2024-06-28 22:20:00
7899,1022,846,1368.72,30,2024-07-06 23:19:00
7900,1028,439,1131.16,17,2024-07-30 17:04:00
7901,1009,817,1146.23,37,2024-06-17 13:20:00
7902,1032,996,1271.53,30,2024-09-18 10:18:00
7903,1041,97,912.72,41,2024-07-25 20:29:00
7904,1047,635,1213.56,23,2024-11-09 09:33:00
7905,1032,902,87.44,2,2024-11-08 09:06:00
7906,1014,474,1159.22,16,2024-07-20 01:24:00
7907,1035,618,514.75,36,2024-08-07 08:06:00
7908,1008,487,1713.09,46,2024-08-20 08:41:00
7909,1018,77,1597.84,39,2024-06-06 10:13:00
7910,1031,193,1134.59,33,2024-07-02 22:50:00
7911,1023,780,1102.34,42,2024-10-01 04:33:00
7912,1018,459,442.26,12,2024-06-16 03:32:00
7913,1001,586,1504.74,42,2024-07-01 09:09:00
7914,1002,912,1677.03,10,2024-09-10 05:20:00
7915,1042,439,1673.78,13,2024-10-23 19:28:00
7916,1008,244,268.8,50,2024-06-13 11:37:00
7917,1026,495,1268.76,6,2024-10-21 05:29:00
7918,1033,396,158.71,31,2024-10-02 18:45:00
7919,1000,33,1858.91,35,2024-11-21 03:38:00
7920,1013,905,474.38,2,2024-08-30 12:06:00
7921,1037,566,998.73,14,2024-06-21 02:16:00
7922,1042,151,1432.59,40,2024-07-08 00:15:00
7923,1023,215,1883.95,32,2024-10-18 10:32:00
7924,1045,569,756.94,22,2024-08-26 15:48:00
7925,1024,274,1872.49,17,2024-06-04 18:07:00
7926,1037,158,879.94,3,2024-09-04 15:10:00
7927,1012,41,1007.59,41,2024-06-04 03:53:00
7928,1045,782,1701.11,21,2024-06-08 11:18:00
7929,1026,814,498.22,49,2024-08-05 08:51:00
7930,1005,170,762.89,37,2024-10-02 13:49:00
7931,1021,182,1697.03,28,2024-08-16 23:36:00
7932,1013,121,1420.28,35,2024-11-20 21:57:00
7933,1035,388,518.53,41,2024-06-10 09:20:00
7934,1018,909,1771.5,4,2024-06-18 16:07:00
7935,1020,492,556.21,41,2024-10-26 14:54:00
7936,1007,226,836.84,15,2024-11-21 14:14:00
7937,1012,560,499.97,3,2024-07-03 05:52:00
7938,1015,415,1266.29,25,2024-10-31 23:41:00
7939,1023,243,785.62,42,2024-08-23 14:45:00
7940,1016,780,1036.71,27,2024-11-03 01:23:00
7941,1016,211,989.34,5,2024-08-04 15:48:00
7942,1032,631,1546.73,15,2024-06-27 20:40:00
7943,1015,16,384.5,12,2024-07-28 11:25:00
7944,1045,730,596.33,38,2024-10-22 15:12:00
7945,1037,433,387.67,30,2024-07-09 21:31:00
7946,1008,818,735.47,46,2024-08-06 01:05:00
7947,1003,612,207.36,42,2024-10-25 20:46:00
7948,1019,947,1860.5,50,2024-08-20 14:52:00
7949,1011,517,718.52,14,2024-06-08 01:05:00
7950,1010,12,840.13,22,2024-11-04 02:07:00
7951,1037,672,573.17,22,2024-07-12 07:26:00
7952,1005,493,1765.85,47,2024-10-11 05:26:00
7953,1010,736,764.34,2,2024-09-12 10:09:00
7954,1041,213,552.63,29,2024-08-18 07:37:00
7955,1004,588,1734.45,3,2024-10-16 02:44:00
7956,1028,728,58.07,9,2024-09-12 17:37:00
7957,1037,688,870.47,20,2024-09-11 07:09:00
7958,1037,883,1501.49,14,2024-09-04 11:23:00
7959,1047,751,787.33,3,2024-06-22 16:21:00
7960,1019,757,1787.11,23,2024-07-06 09:59:00
7961,1045,466,1807.41,5,2024-07-26 07:18:00
7962,1012,378,1547.7,39,2024-10-22 04:31:00
7963,1026,46,1135.24,23,2024-06-08 05:47:00
7964,1007,558,139.29,49,2024-07-16 07:27:00
7965,1016,865,437.44,1,2024-08-27 05:32:00
7966,1028,887,385.59,20,2024-09-22 06:20:00
7967,1033,881,1318.55,6,2024-10-05 05:10:00
7968,1048,331,1517.15,45,2024-09-24 11:13:00
7969,1037,494,900.82,41,2024-08-10 02:46:00
7970,1034,460,1676.03,9,2024-06-15 17:35:00
7971,1045,831,964.7,46,2024-07-05 02:40:00
7972,1040,930,917.57,40,2024-06-16 10:07:00
7973,1033,897,1231.9,5,2024-11-09 09:59:00
7974,1041,995,1970.92,39,2024-06-18 21:34:00
7975,1024,24,469.66,39,2024-07-05 21:57:00
7976,1018,732,1184.79,29,2024-09-14 08:25:00
7977,1043,244,1438.85,16,2024-08-18 00:46:00
7978,1029,443,1992.77,39,2024-09-19 04:20:00
7979,1035,485,960.54,31,2024-06-11 23:26:00
7980,1014,28,1589.22,6,2024-06-03 07:26:00
7981,1048,662,878.22,21,2024-07-16 01:35:00
7982,1027,943,1695.6,39,2024-07-22 22:00:00
7983,1035,446,88.27,2,2024-09-14 22:55:00
7984,1035,415,312.38,5,2024-10-30 23:05:00
7985,1014,110,1861.36,2,2024-06-18 03:09:00
7986,1029,51,582.78,30,2024-06-15 09:20:00
7987,1044,280,1204.33,34,2024-07-23 14:56:00
7988,1015,605,268.36,18,2024-06-12 01:52:00
7989,1028,223,1564.85,6,2024-08-06 08:25:00
7990,1013,180,980.16,15,2024-10-05 15:01:00
7991,1007,995,205.59,31,2024-09-16 01:02:00
7992,1004,0,1699.56,23,2024-06-14 13:38:00
7993,1023,846,352.49,33,2024-06-11 03:31:00
7994,1026,579,1079.35,47,2024-11-03 05:53:00
7995,1026,203,695.36,32,2024-10-18 02:12:00
7996,1038,237,1058.63,29,2024-10-30 06:14:00
7997,1021,581,1788.23,13,2024-09-05 06:19:00
7998,1031,371,67.56,1,2024-07-12 05:59:00
7999,1004,780,1929.9,1,2024-06-23 15:14:00
8000,1029,113,994.81,11,2024-09-28 11:54:00
8001,1007,51,825.08,8,2024-09-13 11:09:00
8002,1012,737,584.28,13,2024-09-11 12:17:00
8003,1031,587,1138.24,29,2024-11-02 00:57:00
8004,1022,838,385.68,33,2024-09-23 11:24:00
8005,1048,343,788.26,34,2024-10-19 18:06:00
8006,1039,510,713.13,24,2024-07-11 17:11:00
8007,1004,671,1192.37,22,2024-10-23 00:19:00
8008,1008,109,723.46,28,2024-08-27 15:16:00
8009,1048,802,1465.69,23,2024-07-11 02:19:00
8010,1044,192,1872.09,16,2024-07-03 04:17:00
8011,1023,704,892.26,7,2024-07-08 00:57:00
8012,1012,67,1033.14,11,2024-11-19 06:30:00
8013,1035,389,1613.45,20,2024-07-17 12:41:00
8014,1018,521,410.12,49,2024-11-03 06:58:00
8015,1030,694,1475.83,23,2024-11-07 22:23:00
8016,1007,790,1660.81,26,2024-11-17 05:45:00
8017,1038,980,182.52,5,2024-06-26 18:21:00
8018,1020,605,232.87,19,2024-10-09 00:55:00
8019,1045,626,179.14,39,2024-09-24 12:49:00
8020,1049,229,899.9,30,2024-11-12 22:19:00
8021,1022,171,1336.05,37,2024-09-23 12:40:00
8022,1029,358,1975.71,47,2024-10-16 17:16:00
8023,1037,709,206.08,7,2024-11-02 20:16:00
8024,1024,955,1894.79,21,2024-10-27 17:32:00
8025,1046,186,848.74,3,2024-11-23 12:41:00
8026,1033,92,768.51,4,2024-11-20 12:21:00
8027,1048,437,164.52,45,2024-06-05 04:41:00
8028,1033,344,1496.2,42,2024-08-01 01:50:00
8029,1005,241,1164.3,30,2024-06-27 03:38:00
8030,1023,707,819.17,26,2024-08-27 22:33:00
8031,1029,136,1829.04,14,2024-07-23 00:42:00
8032,1025,593,1916.05,21,2024-08-27 12:51:00
8033,1007,738,318.13,31,2024-06-23 22:46:00
8034,1011,294,242.27,6,2024-06-17 12:53:00
8035,1000,432,974.49,43,2024-09-19 14:43:00
8036,1034,816,1478.25,19,2024-10-04 04:32:00
8037,1004,510,378.8,27,2024-07-28 16:08:00
8038,1043,644,1000.6,5,2024-11-01 10:05:00
8039,1005,451,842.24,2,2024-09-16 07:17:00
8040,1004,281,1767.94,42,2024-11-24 11:04:00
8041,1033,375,1576.06,13,2024-09-18 04:25:00
8042,1042,855,861.08,8,2024-11-24 02:19:00
8043,1008,688,554.23,40,2024-08-10 22:09:00
8044,1025,60,291.61,46,2024-07-06 02:23:00
8045,1041,176,681.83,27,2024-10-19 15:15:00
8046,1043,996,1651.36,28,2024-08-26 06:16:00
8047,1005,973,1244.18,28,2024-08-22 00:00:00
8048,1030,199,1636.81,35,2024-11-18 02:33:00
8049,1040,95,850.15,27,2024-10-22 13:36:00
8050,1029,284,60.48,10,2024-10-28 07:19:00
8051,1017,830,1452.51,16,2024-07-04 13:37:00
8052,1021,863,1345.0,12,2024-08-08 22:23:00
8053,1027,54,1447.33,11,2024-08-12 11:20:00
8054,1008,921,179.14,12,2024-06-12 01:07:00
8055,1029,463,1013.82,48,2024-06-17 00:04:00
8056,1043,676,1835.19,29,2024-06-09 06:00:00
8057,1021,164,1557.73,50,2024-10-01 03:52:00
8058,1038,471,1065.84,41,2024-06-09 20:45:00
8059,1009,157,946.19,19,2024-09-21 00:02:00
8060,1008,702,51.86,19,2024-11-04 14:15:00
8061,1043,764,1038.22,38,2024-10-17 03:30:00
8062,1029,911,882.44,11,2024-10-25 13:17:00
8063,1015,806,1302.84,14,2024-10-28 11:46:00
8064,1002,739,826.62,7,2024-09-05 13:37:00
8065,1035,252,199.96,47,2024-07-25 22:15:00
8066,1011,732,1771.15,31,2024-11-27 17:31:00
8067,1007,481,620.74,29,2024-06-01 22:58:00
8068,1008,431,386.74,47,2024-10-11 03:15:00
8069,1022,968,691.08,37,2024-09-10 20:49:00
8070,1039,435,905.42,34,2024-11-26 23:54:00
8071,1037,534,50389.23,4,2024-11-23 18:35:00
8072,1008,961,931.03,25,2024-10-11 13:35:00
8073,1026,861,1009.47,29,2024-08-05 15:35:00
8074,1037,518,975.3,24,2024-10-16 03:29:00
8075,1001,332,1944.23,30,2024-06-22 22:21:00
8076,1035,233,485.5,11,2024-10-15 06:37:00
8077,1008,886,1936.1,8,2024-06-06 18:55:00
8078,1032,328,1958.18,35,2024-11-14 22:41:00
8079,1040,411,1851.24,47,2024-06-24 05:04:00
8080,1036,68,280.74,32,2024-10-01 15:47:00
8081,1004,831,2062.6,49,2024-10-03 19:08:00
8082,1036,407,1917.98,38,2024-06-18 18:58:00
8083,1000,644,886.62,16,2024-09-30 07:29:00
8084,1011,589,881.12,49,2024-07-22 19:36:00
8085,1047,736,1433.59,39,2024-08-24 19:50:00
8086,1012,529,994.57,48,2024-08-11 08:56:00
8087,1008,564,898.65,16,2024-06-15 21:51:00
8088,1032,281,750.31,33,2024-10-12 07:45:00
8089,1027,422,79783.4,28,2024-10-16 23:16:00
8090,1023,412,686.16,36,2024-09-15 04:45:00
8091,1013,83,98.64,28,2024-08-17 13:16:00
8092,1049,735,1396.49,19,2024-07-14 15:06:00
8093,1036,220,900.06,36,2024-06-08 22:47:00
8094,1014,16,95.31,47,2024-10-19 08:18:00
8095,1011,185,831.92,43,2024-08-19 04:47:00
8096,1003,219,1603.74,2,2024-09-05 05:35:00
8097,1027,792,622.5,48,2024-11-07 08:59:00
8098,1010,882,1133.11,34,2024-10-24 10:38:00
8099,1015,252,1108.77,15,2024-10-28 18:50:00
8100,1034,489,1768.44,11,2024-10-29 09:45:00
8101,1045,992,1905.45,34,2024-11-05 02:28:00
8102,1001,812,471.31,42,2024-09-03 16:40:00
8103,1023,503,1333.19,44,2024-10-13 14:12:00
8104,1014,378,1073.37,42,2024-10-14 15:07:00
8105,1047,640,858.67,45,2024-10-06 22:42:00
8106,1016,25,652.74,17,2024-09-09 05:36:00
8107,1016,977,437.33,34,2024-11-18 03:57:00
8108,1001,53,441.12,3,2024-09-12 19:09:00
8109,1010,133,1254.22,13,2024-07-01 06:32:00
8110,1014,294,1132.75,12,2024-07-31 01:01:00
8111,1019,626,654.14,23,2024-07-11 05:17:00
8112,1034,494,1430.63,20,2024-08-26 19:49:00
8113,1030,94,714.44,8,2024-10-09 01:01:00
8114,1008,244,865.13,4,2024-10-08 08:56:00
8115,1045,53,1612.51,17,2024-09-17 01:13:00
8116,1001,653,583.55,31,2024-10-13 04:21:00
8117,1042,80,953.35,30,2024-09-09 11:53:00
8118,1027,393,535.99,45,2024-06-23 13:58:00
8119,1022,311,1091.02,25,2024-10-30 03:11:00
8120,1042,187,478.18,36,2024-07-21 20:31:00
8121,1017,458,962.31,13,2024-11-14 18:01:00
8122,1020,581,877.37,48,2024-11-25 22:44:00
8123,1002,721,515.01,23,2024-10-25 00:04:00
8124,1035,240,830.66,43,2024-08-20 10:25:00
8125,1031,217,1081.27,30,2024-08-16 10:45:00
8126,1029,952,1049.78,44,2024-09-13 11:40:00
8127,1036,623,1773.59,13,2024-09-27 06:34:00
8128,1001,42,1066.81,3,2024-09-19 10:37:00
8129,1039,604,1147.58,39,2024-11-18 23:10:00
8130,1026,538,1745.64,45,2024-10-16 13:25:00
8131,1048,887,599.23,25,2024-06-21 16:55:00
8132,1006,206,906.78,31,2024-06-12 01:09:00
8133,1017,62,1217.49,30,2024-10-04 21:06:00
8134,1042,337,100.52,42,2024-06-03 07:02:00
8135,1013,213,1910.75,50,2024-11-25 17:15:00
8136,1003,663,346.97,6,2024-08-01 14:40:00
8137,1038,388,908.6,41,2024-11-10 22:16:00
8138,1046,350,890.56,32,2024-10-07 10:00:00
8139,1047,915,215.05,12,2024-09-05 16:32:00
8140,1029,901,1762.65,12,2024-09-17 06:58:00
8141,1005,360,1270.3,13,2024-08-20 20:44:00
8142,1022,566,305.85,26,2024-09-05 09:38:00
8143,1032,110,2076.83,49,2024-07-13 14:25:00
8144,1016,644,375.64,25,2024-06-12 06:12:00
8145,1031,127,1224.23,36,2024-10-09 15:22:00
8146,1009,835,1396.42,30,2024-11-09 18:01:00
8147,1027,971,362.07,39,2024-07-05 17:07:00
8148,1047,338,530.17,21,2024-08-08 23:11:00
8149,1034,62,498.72,13,2024-10-06 12:08:00
8150,1048,102,968.0,8,2024-09-07 11:06:00
8151,1019,318,1356.52,21,2024-09-15 22:37:00
8152,1020,651,1662.87,32,2024-07-30 13:52:00
8153,1033,917,1054.73,33,2024-08-25 12:11:00
8154,1047,843,1338.31,13,2024-09-28 11:26:00
8155,1018,879,916.72,7,2024-10-22 09:45:00
8156,1027,794,164.06,37,2024-08-22 11:58:00
8157,1006,564,1010.03,18,2024-11-12 18:37:00
8158,1011,469,632.87,21,2024-10-26 22:17:00
8159,1031,902,1824.13,32,2024-09-04 08:42:00
8160,1035,908,402.75,4,2024-09-10 05:01:00
8161,1008,295,1541.76,17,2024-07-08 19:31:00
8162,1028,636,262.27,26,2024-11-28 00:28:00
8163,1018,843,149.01,12,2024-11-03 13:04:00
8164,1047,476,759.04,27,2024-11-24 01:36:00
8165,1009,498,1455.88,17,2024-09-01 06:43:00
8166,1029,592,1765.77,43,2024-08-22 16:11:00
8167,1024,218,728.94,9,2024-11-02 20:59:00
8168,1005,548,1291.85,38,2024-06-15 13:31:00
8169,1042,400,53.25,5,2024-09-12 15:39:00
8170,1008,761,1266.2,34,2024-11-17 11:27:00
8171,1038,122,1638.32,23,2024-10-31 03:12:00
8172,1021,684,1642.17,50,2024-06-29 20:32:00
8173,1010,675,1830.6,22,2024-11-25 16:27:00
8174,1010,82,1737.41,30,2024-09-25 14:28:00
8175,1010,987,1806.21,35,2024-07-25 02:44:00
8176,1009,576,1730.05,44,2024-06-07 14:51:00
8177,1029,349,432.01,37,2024-07-31 17:51:00
8178,1033,672,1546.5,21,2024-08-24 05:31:00
8179,1005,671,869.75,23,2024-09-04 05:41:00
8180,1047,812,1091.14,12,2024-09-10 10:22:00
8181,1031,857,84.86,37,2024-09-22 01:35:00
8182,1015,778,1795.39,45,2024-09-07 02:33:00
8183,1048,653,1226.28,5,2024-07-20 19:56:00
8184,1044,250,1617.26,4,2024-10-05 05:06:00
8185,1043,255,580.23,7,2024-09-21 23:50:00
8186,1020,2,1244.16,47,2024-08-19 07:02:00
8187,1045,168,1272.44,4,2024-11-26 04:29:00
8188,1010,145,1490.83,17,2024-09-19 14:24:00
8189,1006,318,226.17,23,2024-06-10 05:31:00
8190,1034,129,1428.44,42,2024-06-29 19:08:00
8191,1023,604,240.93,14,2024-06-05 04:38:00
8192,1020,951,252.42,35,2024-07-13 08:54:00
8193,1002,8,436.18,31,2024-06-06 01:05:00
8194,1002,137,1844.74,39,2024-10-30 19:07:00
8195,1022,892,1368.66,50,2024-08-02 15:02:00
8196,1028,993,107.01,9,2024-08-11 10:59:00
8197,1021,622,1550.37,6,2024-08-30 21:08:00
8198,1023,384,1091.1,34,2024-06-21 08:36:00
8199,1012,193,901.78,26,2024-07-03 01:50:00
8200,1008,225,606.4,38,2024-07-21 12:07:00
8201,1047,319,1812.39,40,2024-07-22 01:28:00
8202,1031,924,902.76,32,2024-07-18 08:10:00
8203,1003,769,98.02,21,2024-06-26 22:11:00
8204,1003,199,820.3,36,2024-11-11 07:14:00
8205,1010,128,1845.3,21,2024-10-25 05:52:00
8206,1020,168,765.05,11,2024-10-24 09:42:00
8207,1040,831,1066.8,26,2024-11-18 12:47:00
8208,1042,130,216.77,27,2024-10-20 23:32:00
8209,1028,774,729.25,40,2024-10-11 01:42:00
8210,1027,521,917.15,21,2024-11-15 07:48:00
8211,1029,494,887.16,35,2024-06-30 14:49:00
8212,1011,177,1265.33,31,2024-06-17 12:18:00
8213,1000,909,1560.1,18,2024-10-19 18:24:00
8214,1013,384,1050.92,29,2024-08-05 08:49:00
8215,1030,361,238.25,1,2024-11-27 18:47:00
8216,1027,823,217.36,45,2024-07-18 01:25:00
8217,1046,865,1938.51,5,2024-09-17 11:48:00
8218,1012,870,379.46,1,2024-06-11 08:39:00
8219,1014,483,181.16,37,2024-06-25 16:19:00
8220,1029,349,1079.3,32,2024-11-17 21:32:00
8221,1000,402,437.63,14,2024-07-30 22:56:00
8222,1045,372,1736.3,34,2024-10-05 12:32:00
8223,1018,614,2048.51,50,2024-09-26 10:19:00
8224,1035,608,1607.73,1,2024-06-07 00:40:00
8225,1033,693,374.68,19,2024-10-24 12:04:00
8226,1038,471,1556.85,40,2024-07-15 00:16:00
8227,1042,98,512.21,2,2024-11-09 18:02:00
8228,1018,232,1445.77,28,2024-10-30 21:11:00
8229,1019,336,205.37,5,2024-10-29 16:39:00
8230,1008,2,849.46,1,2024-09-17 02:53:00
8231,1048,980,411.96,40,2024-06-09 08:12:00
8232,1015,945,1665.11,14,2024-11-11 20:41:00
8233,1033,173,1479.7,24,2024-07-23 13:17:00
8234,1015,998,1514.47,25,2024-08-04 17:30:00
8235,1003,10,1544.81,19,2024-07-17 00:44:00
8236,1015,215,1240.17,50,2024-11-16 01:51:00
8237,1029,755,1653.17,39,2024-06-06 12:11:00
8238,1004,695,448.38,49,2024-07-05 12:57:00
8239,1017,611,701.15,50,2024-06-11 03:23:00
8240,1040,955,1110.82,1,2024-07-20 06:58:00
8241,1033,590,989.11,10,2024-08-04 03:34:00
8242,1005,581,168.63,14,2024-09-07 00:34:00
8243,1002,741,770.52,47,2024-09-22 02:11:00
8244,1046,6,1473.1,21,2024-10-05 03:40:00
8245,1026,654,1393.21,33,2024-07-10 15:16:00
8246,1017,153,1273.57,9,2024-10-29 23:03:00
8247,1008,157,1261.23,34,2024-08-28 20:00:00
8248,1031,207,534.32,19,2024-10-14 21:20:00
8249,1019,516,1616.19,1,2024-11-09 10:46:00
8250,1030,808,1961.98,28,2024-10-01 23:08:00
8251,1016,375,1683.45,5,2024-08-21 17:33:00
8252,1001,36,753.97,21,2024-07-15 16:01:00
8253,1030,459,486.68,32,2024-08-17 21:34:00
8254,1034,237,1077.16,22,2024-07-30 06:16:00
8255,1026,795,123.37,15,2024-06-22 00:38:00
8256,1020,829,1775.68,30,2024-11-06 00:57:00
8257,1038,499,657.71,38,2024-08-11 00:20:00
8258,1028,510,1942.1,25,2024-09-20 14:31:00
8259,1012,980,1050.39,19,2024-10-28 09:47:00
8260,1013,637,152.03,13,2024-06-03 04:07:00
8261,1008,949,1517.14,45,2024-11-22 16:56:00
8262,1013,217,951.02,42,2024-06-19 16:08:00
8263,1043,368,1641.21,9,2024-07-28 10:41:00
8264,1045,127,1414.66,13,2024-06-27 06:56:00
8265,1031,105,328.19,24,2024-07-18 09:27:00
8266,1006,440,1538.55,30,2024-06-06 09:35:00
8267,1001,89,1176.38,22,2024-11-04 19:53:00
8268,1043,732,1824.1,33,2024-08-05 06:08:00
8269,1025,454,1230.75,24,2024-10-08 16:26:00
8270,1011,641,1508.95,10,2024-06-09 05:44:00
8271,1045,38,708.39,12,2024-11-01 02:03:00
8272,1025,695,1787.09,19,2024-09-12 09:21:00
8273,1012,861,508.8,7,2024-10-19 23:54:00
8274,1022,531,349.13,8,2024-09-15 06:13:00
8275,1011,956,828.64,40,2024-06-07 20:14:00
8276,1029,226,1832.89,43,2024-07-30 10:11:00
8277,1037,476,1499.11,24,2024-08-19 13:29:00
8278,1027,603,1907.16,3,2024-11-07 07:50:00
8279,1046,17,776.58,16,2024-08-15 16:40:00
8280,1042,205,1739.35,6,2024-09-05 09:08:00
8281,1024,219,1434.25,40,2024-08-12 12:08:00
8282,1021,313,1516.49,38,2024-08-07 21:03:00
8283,1036,655,314.67,47,2024-06-30 23:43:00
8284,1002,74,1092.09,44,2024-11-06 00:38:00
8285,1003,518,205.53,7,2024-10-17 14:05:00
8286,1046,645,1465.56,5,2024-06-06 20:09:00
8287,1004,941,559.49,44,2024-08-31 14:27:00
8288,1000,193,856.59,7,2024-08-16 13:18:00
8289,1034,153,1894.2,33,2024-09-10 18:49:00
8290,1021,676,233.66,16,2024-07-17 09:01:00
8291,1000,412,165.05,43,2024-06-08 08:04:00
8292,1011,203,1704.21,23,2024-09-18 20:12:00
8293,1042,858,1647.45,47,2024-08-27 04:05:00
8294,1049,207,778.98,32,2024-10-22 20:54:00
8295,1048,261,1771.96,38,2024-06-18 10:22:00
8296,1049,111,862.35,25,2024-08-17 08:17:00
8297,1045,367,1378.07,38,2024-07-06 10:02:00
8298,1009,677,1019.81,27,2024-10-20 07:09:00
8299,1009,43,1473.06,39,2024-09-17 00:58:00
8300,1021,286,1849.3,14,2024-07-14 18:40:00
8301,1026,943,243.3,1,2024-08-01 20:09:00
8302,1044,377,1004.04,30,2024-10-16 02:52:00
8303,1029,705,1427.69,47,2024-06-17 13:33:00
8304,1010,98,767.17,48,2024-08-09 04:33:00
8305,1027,953,219.87,22,2024-08-14 13:31:00
8306,1031,248,1420.42,19,2024-06-27 16:30:00
8307,1038,640,1106.33,11,2024-07-09 00:31:00
8308,1038,446,1353.62,7,2024-11-27 04:17:00
8309,1042,88,1589.8,21,2024-09-23 19:11:00
8310,1043,343,1429.02,3,2024-10-20 07:26:00
8311,1048,985,480.36,45,2024-11-05 09:25:00
8312,1043,680,411.27,4,2024-08-29 15:05:00
8313,1040,641,1498.03,45,2024-11-10 22:08:00
8314,1009,989,1521.32,15,2024-09-03 14:40:00
8315,1037,673,203.32,5,2024-08-06 10:33:00
8316,1019,958,447.04,50,2024-10-09 00:01:00
8317,1031,513,1119.47,50,2024-09-09 22:58:00
8318,1020,826,794.92,23,2024-11-17 13:41:00
8319,1038,67,1833.3,33,2024-08-19 10:07:00
8320,1048,541,684.5,36,2024-09-08 13:27:00
8321,1001,440,106.21,3,2024-07-02 23:25:00
8322,1026,152,538.27,25,2024-11-22 12:06:00
8323,1002,231,1847.99,28,2024-08-15 05:59:00
8324,1040,60,406.1,26,2024-09-24 11:14:00
8325,1005,709,350.98,48,2024-08-30 22:40:00
8326,1036,119,808.46,40,2024-06-11 15:35:00
8327,1041,134,1275.67,20,2024-10-02 00:35:00
8328,1021,948,1554.78,32,2024-09-23 12:03:00
8329,1047,768,271.22,15,2024-07-19 03:32:00
8330,1037,261,699.67,21,2024-08-23 11:59:00
8331,1038,279,602.37,21,2024-08-07 03:15:00
8332,1035,458,758.06,16,2024-08-10 11:10:00
8333,1010,380,1215.13,29,2024-10-12 16:10:00
8334,1047,402,965.23,3,2024-07-08 01:58:00
8335,1004,971,1807.39,50,2024-08-18 21:35:00
8336,1035,749,159.72,32,2024-11-07 23:29:00
8337,1015,741,1094.57,3,2024-08-06 16:40:00
8338,1042,292,1808.78,4,2024-06-22 05:37:00
8339,1034,736,1132.58,23,2024-11-21 22:26:00
8340,1026,938,1408.55,16,2024-06-21 02:07:00
8341,1039,886,918.6,10,2024-11-16 16:56:00
8342,1017,891,1157.47,13,2024-11-17 04:47:00
8343,1033,255,1464.81,15,2024-06-22 03:00:00
8344,1038,523,1413.38,15,2024-09-18 00:17:00
8345,1002,730,1242.21,8,2024-11-20 16:33:00
8346,1007,726,1785.33,43,2024-08-08 05:59:00
8347,1047,366,1341.36,43,2024-07-12 21:48:00
8348,1026,187,1273.88,25,2024-10-03 12:37:00
8349,1037,222,623.84,10,2024-11-09 07:04:00
8350,1001,831,296.33,46,2024-07-01 02:43:00
8351,1001,111,1845.93,11,2024-07-21 02:51:00
8352,1028,63,1020.91,42,2024-11-25 08:02:00
8353,1011,701,1292.92,30,2024-11-01 05:55:00
8354,1006,278,1653.6,42,2024-06-08 00:55:00
8355,1040,555,1914.91,1,2024-09-01 21:24:00
8356,1036,558,1423.21,3,2024-11-20 09:48:00
8357,1037,510,1628.35,13,2024-09-21 13:47:00
8358,1035,698,420.15,47,2024-07-10 04:04:00
8359,1032,908,1944.69,22,2024-11-23 06:58:00
8360,1048,791,1285.59,24,2024-09-08 22:13:00
8361,1043,4,1160.52,21,2024-06-01 22:58:00
8362,1037,653,679.03,49,2024-08-14 11:17:00
8363,1039,850,1139.18,30,2024-08-19 05:26:00
8364,1046,354,869.83,19,2024-08-03 10:29:00
8365,1003,51,1667.15,3,2024-08-12 07:34:00
8366,1011,54,215.5,23,2024-06-27 11:36:00
8367,1048,819,1719.83,23,2024-11-15 13:14:00
8368,1015,204,398.27,5,2024-08-03 04:37:00
8369,1023,618,1524.06,7,2024-09-04 01:09:00
8370,1042,792,1351.99,17,2024-06-06 10:35:00
8371,1049,951,1150.89,29,2024-08-11 12:11:00
8372,1046,524,865.16,28,2024-11-15 21:37:00
8373,1027,194,1334.68,33,2024-06-19 04:54:00
8374,1038,394,515.08,11,2024-08-03 12:29:00
8375,1047,179,1059.61,7,2024-10-02 19:12:00
8376,1034,181,1996.57,13,2024-10-31 08:20:00
8377,1023,732,179.2,33,2024-06-06 03:23:00
8378,1021,662,400.29,26,2024-09-28 10:51:00
8379,1003,695,1501.68,46,2024-09-11 22:52:00
8380,1012,149,931.82,9,2024-06-19 01:04:00
8381,1046,661,982.02,13,2024-10-12 03:54:00
8382,1039,731,497.65,37,2024-10-24 12:26:00
8383,1044,23,849.01,41,2024-11-14 03:58:00
8384,1012,128,1011.29,31,2024-08-15 09:14:00
8385,1046,193,1224.54,6,2024-10-29 21:25:00
8386,1026,334,1048.54,28,2024-06-10 22:16:00
8387,1047,517,1038.72,26,2024-11-01 19:36:00
8388,1017,822,960.83,14,2024-10-21 12:24:00
8389,1024,74,1721.59,2,2024-07-11 12:33:00
8390,1024,370,624.93,23,2024-07-12 12:06:00
8391,1017,187,1491.46,40,2024-06-12 13:09:00
8392,1025,658,1087.53,19,2024-07-03 10:02:00
8393,1003,47,1762.06,35,2024-11-05 08:33:00
8394,1007,709,1482.87,13,2024-06-28 04:27:00
8395,1043,616,675.76,8,2024-06-25 11:22:00
8396,1006,494,77.37,46,2024-09-25 10:44:00
8397,1013,45,1973.8,1,2024-10-19 00:30:00
8398,1049,712,674.09,7,2024-08-23 12:28:00
8399,1010,169,1637.37,34,2024-08-10 16:38:00
8400,1010,888,1989.84,6,2024-11-05 18:47:00
8401,1002,629,1436.71,43,2024-10-03 08:24:00
8402,1039,780,1921.07,26,2024-07-05 02:40:00
8403,1006,48,368.08,19,2024-09-23 11:50:00
8404,1003,272,1999.81,49,2024-09-26 05:00:00
8405,1009,733,1376.15,7,2024-06-22 02:18:00
8406,1037,280,806.89,12,2024-08-01 03:43:00
8407,1004,555,855.61,7,2024-08-15 02:22:00
8408,1022,958,1137.01,18,2024-06-30 20:58:00
8409,1048,48,524.38,33,2024-09-17 02:56:00
8410,1004,856,1643.19,4,2024-09-04 23:24:00
8411,1045,441,1218.18,28,2024-11-21 04:17:00
8412,1025,23,1205.56,27,2024-08-29 11:30:00
8413,1024,279,1404.32,6,2024-10-06 13:39:00
8414,1017,791,1086.64,8,2024-11-09 15:42:00
8415,1033,906,1176.54,20,2024-08-20 05:02:00
8416,1045,656,1259.01,44,2024-09-19 11:43:00
8417,1042,516,1455.64,49,2024-11-17 04:36:00
8418,1025,468,431.66,26,2024-07-05 00:56:00
8419,1042,124,314.96,15,2024-11-08 01:13:00
8420,1001,315,1269.8,29,2024-08-12 23:54:00
8421,1022,493,807.6,49,2024-11-07 08:01:00
8422,1033,835,195.78,42,2024-08-18 18:25:00
8423,1041,44,594.04,24,2024-06-30 08:14:00
8424,1042,366,972.05,19,2024-06-12 00:24:00
8425,1002,393,1849.13,11,2024-08-13 19:25:00
8426,1044,734,310.46,21,2024-07-20 04:57:00
8427,1011,43,846.87,4,2024-10-29 08:51:00
8428,1032,863,1427.39,50,2024-06-15 05:52:00
8429,1016,652,1535.45,29,2024-09-22 00:42:00
8430,1041,225,158.19,42,2024-10-16 11:54:00
8431,1010,395,1351.7,11,2024-06-08 00:36:00
8432,1005,751,1421.92,32,2024-09-06 22:08:00
8433,1041,993,1087.5,41,2024-10-12 00:02:00
8434,1028,131,98.88,25,2024-10-13 18:43:00
8435,1048,674,50.32,8,2024-09-21 16:42:00
8436,1014,221,637.39,20,2024-10-19 07:01:00
8437,1003,654,1606.39,42,2024-07-05 13:13:00
8438,1037,112,378.7,37,2024-08-04 15:05:00
8439,1003,130,833.83,28,2024-11-23 09:09:00
8440,1047,337,1762.51,50,2024-11-14 10:07:00
8441,1014,653,741.2,3,2024-08-27 23:12:00
8442,1021,469,1180.65,20,2024-09-28 07:03:00
8443,1039,678,324.59,3,2024-09-13 21:10:00
8444,1026,723,674.42,48,2024-09-27 16:16:00
8445,1002,353,1280.47,39,2024-11-14 16:53:00
8446,1015,118,1835.78,44,2024-10-05 19:39:00
8447,1012,321,1200.25,1,2024-07-20 15:29:00
8448,1019,788,680.04,31,2024-08-21 06:44:00
8449,1027,629,1549.67,17,2024-10-28 07:41:00
8450,1010,39,598.72,22,2024-10-11 02:06:00
8451,1038,673,1561.41,19,2024-07-15 08:23:00
8452,1029,419,1326.05,29,2024-09-16 14:10:00
8453,1031,904,1118.15,9,2024-08-16 05:24:00
8454,1044,974,1519.55,13,2024-07-10 10:27:00
8455,1033,356,814.47,20,2024-09-17 14:45:00
8456,1039,85,1935.5,24,2024-08-20 20:05:00
8457,1005,15,396.96,1,2024-11-23 08:19:00
8458,1038,847,1648.19,50,2024-08-15 20:20:00
8459,1029,405,1827.26,14,2024-09-06 00:23:00
8460,1018,993,1702.05,36,2024-08-10 18:32:00
8461,1035,514,1766.18,49,2024-10-30 20:19:00
8462,1012,970,851.8,48,2024-08-14 13:03:00
8463,1018,676,875.36,23,2024-07-09 07:04:00
8464,1035,928,1234.48,23,2024-09-04 17:10:00
8465,1032,965,773.96,49,2024-11-14 06:35:00
8466,1043,497,1178.48,36,2024-07-08 03:09:00
8467,1043,486,784.08,4,2024-11-14 21:12:00
8468,1022,640,1878.87,31,2024-09-08 16:42:00
8469,1017,959,695.84,43,2024-06-03 21:47:00
8470,1027,603,1566.33,18,2024-07-27 20:26:00
8471,1009,298,343.23,31,2024-10-16 02:37:00
8472,1016,390,1157.02,42,2024-06-12 14:55:00
8473,1028,531,749.14,19,2024-10-04 07:25:00
8474,1024,868,1729.56,16,2024-06-15 07:20:00
8475,1008,552,1344.89,17,2024-06-28 02:36:00
8476,1041,167,1037.27,21,2024-06-15 13:19:00
8477,1026,750,1517.14,27,2024-08-02 12:31:00
8478,1011,988,1159.77,4,2024-06-05 02:20:00
8479,1045,356,1874.98,17,2024-09-14 06:47:00
8480,1002,978,106.42,35,2024-10-17 05:34:00
8481,1015,879,1293.52,4,2024-08-17 18:42:00
8482,1049,773,1201.6,15,2024-08-08 23:00:00
8483,1011,478,517.55,28,2024-10-24 17:45:00
8484,1019,0,966.9,32,2024-10-04 02:34:00
8485,1045,183,1245.83,27,2024-06-26 19:17:00
8486,1014,806,1683.58,30,2024-08-22 21:30:00
8487,1008,848,937.98,13,2024-08-24 01:58:00
8488,1008,294,926.18,35,2024-11-10 08:33:00
8489,1020,279,782.1,18,2024-10-27 05:01:00
8490,1025,732,1675.11,5,2024-11-07 08:17:00
8491,1034,909,1974.69,41,2024-07-06 23:53:00
8492,1037,353,1657.61,42,2024-10-05 16:56:00
8493,1040,606,1047.05,27,2024-08-11 06:38:00
8494,1033,86,359.59,45,2024-07-22 07:18:00
8495,1028,418,822.21,46,2024-08-28 05:45:00
8496,1008,654,1338.89,26,2024-10-13 18:57:00
8497,1031,797,309.14,7,2024-07-20 02:30:00
8498,1030,965,1520.05,27,2024-09-28 14:49:00
8499,1001,692,863.05,43,2024-07-05 07:54:00
8500,1003,781,1497.32,9,2024-10-15 12:12:00
8501,1012,820,1483.05,24,2024-11-13 15:36:00
8502,1025,826,491.3,2,2024-09-08 02:49:00
8503,1009,765,1409.61,40,2024-10-15 14:42:00
8504,1018,271,565.28,3,2024-09-30 12:09:00
8505,1040,234,736.81,19,2024-11-25 04:25:00
8506,1045,23,360.1,9,2024-08-18 19:42:00
8507,1013,336,478.18,34,2024-11-26 16:22:00
8508,1012,60,213.08,39,2024-11-22 16:23:00
8509,1002,556,1800.59,41,2024-07-03 08:43:00
8510,1006,468,1458.41,45,2024-10-13 06:01:00
8511,1014,915,192.48,31,2024-09-07 10:24:00
8512,1000,717,612.48,31,2024-09-23 08:04:00
8513,1036,968,1759.52,9,2024-07-13 15:32:00
8514,1008,261,535.77,5,2024-06-13 12:56:00
8515,1011,532,868.96,47,2024-08-14 01:18:00
8516,1036,818,757.26,40,2024-07-10 23:45:00
8517,1025,931,864.29,17,2024-09-19 03:43:00
8518,1017,712,1733.35,22,2024-07-24 02:01:00
8519,1034,910,1005.4,30,2024-11-07 13:37:00
8520,1033,682,1613.6,4,2024-08-11 10:01:00
8521,1031,384,1529.61,24,2024-06-10 17:03:00
8522,1036,402,472.48,38,2024-08-01 18:50:00
8523,1003,721,1520.4,46,2024-06-16 13:19:00
8524,1001,164,1793.02,18,2024-07-04 06:28:00
8525,1016,518,408.09,30,2024-10-24 01:34:00
8526,1005,65,351.25,29,2024-09-08 10:28:00
8527,1023,900,385.15,44,2024-06-29 08:08:00
8528,1024,851,249.72,47,2024-06-05 13:16:00
8529,1021,812,1278.98,29,2024-07-16 14:01:00
8530,1017,289,206.05,30,2024-09-16 21:26:00
8531,1041,429,63960.01,11,2024-11-24 22:30:00
8532,1008,308,811.89,9,2024-09-09 23:03:00
8533,1024,448,1324.85,9,2024-09-10 09:40:00
8534,1016,940,198.46,47,2024-11-05 04:32:00
8535,1000,244,239.86,29,2024-11-10 16:42:00
8536,1000,982,1418.93,50,2024-08-27 01:34:00
8537,1024,724,442.51,6,2024-09-17 04:09:00
8538,1037,133,146.2,21,2024-10-06 15:17:00
8539,1038,352,239.99,2,2024-06-21 00:13:00
8540,1023,734,1526.53,2,2024-06-21 09:17:00
8541,1037,87,1411.65,4,2024-07-10 18:15:00
8542,1036,861,1839.6,23,2024-07-30 06:02:00
8543,1015,629,1475.71,33,2024-10-05 15:05:00
8544,1017,544,1362.39,32,2024-11-20 17:23:00
8545,1034,666,979.24,20,2024-11-16 07:59:00
8546,1001,102,511.23,45,2024-11-13 00:20:00
8547,1032,508,1588.07,48,2024-08-04 21:51:00
8548,1024,716,1749.58,30,2024-11-03 06:40:00
8549,1046,212,1816.77,43,2024-09-09 02:44:00
8550,1004,635,990.71,20,2024-10-07 13:42:00
8551,1025,79,1687.0,6,2024-08-07 10:55:00
8552,1044,150,366.99,26,2024-06-27 15:17:00
8553,1049,476,1799.8,50,2024-06-05 10:17:00
8554,1030,232,1475.57,45,2024-09-05 17:04:00
8555,1014,414,650.25,10,2024-06-29 12:12:00
8556,1003,881,93.01,40,2024-08-17 15:20:00
8557,1040,90,1798.7,37,2024-10-11 00:53:00
8558,1008,897,1625.87,43,2024-07-07 02:04:00
8559,1048,464,543.7,36,2024-07-07 12:46:00
8560,1012,633,170.65,21,2024-10-10 20:39:00
8561,1015,434,1608.03,37,2024-11-17 18:35:00
8562,1040,67,897.07,18,2024-10-29 03:02:00
8563,1026,898,188.15,9,2024-07-21 13:34:00
8564,1006,189,1354.9,8,2024-06-25 13:52:00
8565,1028,775,464.88,48,2024-09-04 21:03:00
8566,1013,166,1901.87,17,2024-08-21 05:49:00
8567,1020,371,1974.43,42,2024-08-22 12:52:00
8568,1032,739,593.77,30,2024-11-16 22:54:00
8569,1002,605,1560.2,9,2024-06-05 18:11:00
8570,1030,154,52221.74,5,2024-06-12 19:13:00
8571,1038,753,1175.75,36,2024-06-22 20:19:00
8572,1041,12,936.55,45,2024-09-02 10:33:00
8573,1029,345,1235.21,17,2024-07-26 11:54:00
8574,1008,886,873.7,14,2024-10-30 01:37:00
8575,1040,515,558.98,17,2024-09-26 02:41:00
8576,1030,195,1565.24,17,2024-11-05 20:14:00
8577,1015,828,1221.66,19,2024-08-21 20:46:00
8578,1021,30,129.65,10,2024-07-15 01:31:00
8579,1016,421,1061.48,40,2024-08-20 10:20:00
8580,1030,596,296.44,29,2024-08-01 22:16:00
8581,1047,234,1239.99,29,2024-08-23 15:49:00
8582,1006,64,659.84,27,2024-11-19 18:26:00
8583,1042,9,466.59,9,2024-09-06 23:57:00
8584,1032,570,1168.65,19,2024-11-20 21:56:00
8585,1043,315,1847.18,42,2024-11-22 22:33:00
8586,1033,3,1293.01,50,2024-10-28 07:06:00
8587,1012,574,660.59,13,2024-06-15 09:20:00
8588,1026,339,171.02,50,2024-09-16 21:26:00
8589,1000,756,172.46,24,2024-09-21 19:03:00
8590,1039,625,1005.2,23,2024-10-16 22:17:00
8591,1022,371,828.39,6,2024-07-24 09:00:00
8592,1015,946,1724.37,17,2024-07-26 07:57:00
8593,1041,515,507.15,12,2024-11-27 04:40:00
8594,1005,993,838.61,4,2024-09-06 21:41:00
8595,1005,393,355.48,8,2024-11-13 03:03:00
8596,1009,549,1133.79,49,2024-08-01 09:12:00
8597,1007,451,1848.85,34,2024-07-12 08:56:00
8598,1003,790,381.67,43,2024-11-26 08:30:00
8599,1039,468,261.85,41,2024-07-30 18:56:00
8600,1033,178,1379.31,29,2024-06-23 18:05:00
8601,1020,307,706.93,8,2024-06-22 04:47:00
8602,1033,889,1615.36,4,2024-10-20 17:00:00
8603,1004,5,1277.88,42,2024-09-20 04:12:00
8604,1018,251,1816.04,12,2024-09-26 15:46:00
8605,1011,207,177.45,34,2024-07-03 17:37:00
8606,1039,887,1631.35,22,2024-07-16 04:01:00
8607,1008,942,114.09,33,2024-06-11 14:31:00
8608,1026,898,1791.74,47,2024-08-14 11:19:00
8609,1018,565,95.81,22,2024-11-26 20:40:00
8610,1019,645,1282.31,7,2024-10-05 15:24:00
8611,1031,63,1282.28,33,2024-08-07 11:26:00
8612,1035,299,997.33,42,2024-09-20 06:39:00
8613,1046,361,1548.4,31,2024-11-21 22:15:00
8614,1013,791,292.87,1,2024-09-13 10:44:00
8615,1000,326,1743.25,7,2024-09-16 07:56:00
8616,1021,917,877.97,22,2024-08-23 04:51:00
8617,1013,156,1762.51,41,2024-10-28 12:35:00
8618,1042,339,1452.85,35,2024-10-23 13:46:00
8619,1009,836,365.28,46,2024-10-21 15:44:00
8620,1029,558,398.02,44,2024-08-06 23:16:00
8621,1011,417,1470.83,11,2024-09-18 12:43:00
8622,1013,372,176.15,48,2024-09-06 12:45:00
8623,1014,245,1891.8,9,2024-10-30 16:31:00
8624,1043,361,1475.71,18,2024-08-03 04:09:00
8625,1036,923,817.46,28,2024-09-22 18:29:00
8626,1044,263,1341.19,48,2024-08-31 00:18:00
8627,1006,221,438.07,1,2024-08-01 15:36:00
8628,1028,299,1961.77,2,2024-07-11 10:45:00
8629,1045,621,749.78,8,2024-06-05 17:04:00
8630,1007,76,1590.61,15,2024-09-11 16:14:00
8631,1049,419,837.03,13,2024-06-24 05:08:00
8632,1008,200,131.67,4,2024-08-19 11:38:00
8633,1033,960,117.43,31,2024-11-14 04:14:00
8634,1027,54,1269.25,16,2024-07-18 19:38:00
8635,1014,184,278.41,45,2024-10-31 06:18:00
8636,1004,955,1841.19,24,2024-07-20 12:02:00
8637,1021,708,1326.58,41,2024-06-10 23:37:00
8638,1045,300,1455.71,43,2024-10-23 10:45:00
8639,1041,949,312.88,43,2024-11-19 19:11:00
8640,1014,158,1348.56,18,2024-10-12 17:00:00
8641,1007,738,1700.33,11,2024-07-10 23:07:00
8642,1034,294,1233.09,19,2024-06-22 16:32:00
8643,1037,187,937.71,39,2024-09-15 10:47:00
8644,1007,663,874.26,7,2024-11-02 06:02:00
8645,1021,228,1031.65,34,2024-09-26 00:38:00
8646,1013,89,457.42,15,2024-07-04 04:45:00
8647,1014,427,751.42,5,2024-07-28 19:50:00
8648,1013,954,380.36,14,2024-11-13 20:35:00
8649,1007,728,1084.47,27,2024-06-20 03:12:00
8650,1011,36,816.95,4,2024-11-17 22:05:00
8651,1006,812,1614.39,29,2024-11-03 07:58:00
8652,1029,993,581.48,17,2024-11-11 01:04:00
8653,1024,114,946.75,34,2024-09-15 11:07:00
8654,1001,200,287.69,25,2024-07-20 10:12:00
8655,1034,821,169.56,18,2024-08-19 21:28:00
8656,1024,611,1679.75,30,2024-09-10 15:08:00
8657,1010,34,1666.02,40,2024-06-09 16:27:00
8658,1002,125,1697.2,1,2024-07-07 21:23:00
8659,1040,714,1977.1,22,2024-07-31 02:39:00
8660,1038,521,428.89,30,2024-07-13 03:31:00
8661,1021,66,1596.31,40,2024-10-02 18:31:00
8662,1040,159,180.59,36,2024-09-05 09:45:00
8663,1038,848,463.65,28,2024-11-06 09:28:00
8664,1033,232,287.54,4,2024-07-09 15:59:00
8665,1023,831,1716.56,47,2024-10-02 15:09:00
8666,1002,138,1260.2,20,2024-08-29 20:23:00
8667,1000,835,739.93,15,2024-10-04 06:34:00
8668,1045,11,675.71,46,2024-10-20 17:53:00
8669,1023,136,1488.32,8,2024-11-11 01:59:00
8670,1002,538,880.39,35,2024-08-22 15:11:00
8671,1048,472,1256.36,28,2024-07-27 16:23:00
8672,1044,848,1519.67,47,2024-06-07 22:29:00
8673,1025,544,1636.03,29,2024-09-07 04:50:00
8674,1048,592,430.71,18,2024-11-13 21:25:00
8675,1027,319,457.61,6,2024-08-29 19:56:00
8676,1006,882,972.38,26,2024-08-31 00:04:00
8677,1028,695,1821.78,13,2024-10-13 00:00:00
8678,1027,274,1244.51,37,2024-07-31 10:45:00
8679,1038,605,796.23,26,2024-10-30 03:14:00
8680,1018,133,1075.6,35,2024-10-30 05:57:00
8681,1040,142,410.44,25,2024-06-08 16:51:00
8682,1022,199,1982.74,28,2024-11-07 08:40:00
8683,1010,349,220.12,49,2024-07-19 20:50:00
8684,1034,388,762.19,14,2024-08-18 14:08:00
8685,1042,910,1488.49,50,2024-08-26 12:23:00
8686,1031,337,1215.73,33,2024-06-16 02:32:00
8687,1004,67,725.75,27,2024-11-22 16:52:00
8688,1003,917,1100.71,27,2024-09-13 17:12:00
8689,1040,674,1847.7,31,2024-06-10 19:38:00
8690,1032,162,1734.91,15,2024-10-24 19:00:00
8691,1027,876,1085.92,22,2024-06-28 04:52:00
8692,1000,954,1717.59,4,2024-10-26 19:51:00
8693,1022,369,603.74,2,2024-06-27 20:47:00
8694,1012,48,362.39,30,2024-09-12 17:22:00
8695,1049,69,714.35,8,2024-08-11 07:37:00
8696,1048,914,98.48,18,2024-11-01 06:48:00
8697,1031,540,1403.54,12,2024-09-10 09:36:00
8698,1018,709,1510.42,4,2024-07-24 13:15:00
8699,1004,639,1912.71,8,2024-07-04 00:48:00
8700,1036,269,378.29,43,2024-06-16 10:17:00
8701,1035,219,926.03,12,2024-09-29 13:22:00
8702,1024,173,606.47,16,2024-09-04 20:40:00
8703,1007,618,653.64,25,2024-06-08 17:11:00
8704,1049,972,1672.64,10,2024-08-16 21:32:00
8705,1002,194,680.44,31,2024-07-20 01:36:00
8706,1026,338,1517.76,43,2024-09-09 05:49:00
8707,1036,795,1255.4,44,2024-07-28 06:44:00
8708,1000,301,1540.09,45,2024-07-10 07:21:00
8709,1003,824,1970.6,44,2024-06-18 02:29:00
8710,1038,265,562.55,15,2024-07-02 07:57:00
8711,1013,440,562.29,37,2024-09-17 23:31:00
8712,1018,105,223.42,44,2024-06-13 10:25:00
8713,1007,263,835.98,10,2024-11-12 16:21:00
8714,1012,799,551.37,31,2024-06-22 07:45:00
8715,1045,564,1144.87,22,2024-10-29 15:05:00
8716,1017,716,588.97,27,2024-09-24 20:54:00
8717,1012,560,1068.16,47,2024-08-15 13:56:00
8718,1046,743,1342.62,16,2024-11-04 00:37:00
8719,1019,345,1460.61,49,2024-11-14 06:08:00
8720,1005,6,1981.45,9,2024-07-02 06:36:00
8721,1011,309,461.1,11,2024-10-25 21:17:00
8722,1013,426,1610.46,42,2024-10-25 21:22:00
8723,1024,886,950.99,48,2024-06-22 12:12:00
8724,1026,865,1932.95,14,2024-11-07 20:38:00
8725,1026,790,291.2,26,2024-11-03 14:29:00
8726,1014,729,694.11,19,2024-11-23 00:05:00
8727,1016,894,1651.05,43,2024-07-09 06:47:00
8728,1042,709,1952.73,31,2024-06-07 00:21:00
8729,1000,488,1171.69,49,2024-08-13 01:21:00
8730,1040,794,192.62,18,2024-07-28 04:31:00
8731,1021,125,720.03,26,2024-06-10 23:16:00
8732,1011,794,981.95,27,2024-08-25 07:57:00
8733,1047,517,124.68,24,2024-11-19 22:15:00
8734,1035,862,1605.94,1,2024-10-24 16:46:00
8735,1029,148,841.4,5,2024-10-29 09:58:00
8736,1020,331,465.81,11,2024-10-05 08:01:00
8737,1037,436,1222.55,13,2024-10-13 06:41:00
8738,1013,946,602.0,42,2024-09-27 09:35:00
8739,1049,426,172.47,5,2024-11-05 19:08:00
8740,1027,598,1131.72,6,2024-11-13 04:17:00
8741,1001,105,317.65,15,2024-06-21 06:38:00
8742,1016,372,245.83,14,2024-08-01 12:42:00
8743,1032,270,1204.87,50,2024-06-22 13:21:00
8744,1000,827,606.91,28,2024-09-21 07:32:00
8745,1035,431,1701.57,24,2024-08-01 16:10:00
8746,1043,215,1789.18,47,2024-09-18 22:58:00
8747,1012,475,1893.37,15,2024-09-29 10:48:00
8748,1036,657,1182.72,7,2024-11-11 08:06:00
8749,1021,130,889.45,30,2024-07-25 19:17:00
8750,1005,497,1109.49,40,2024-07-29 01:59:00
8751,1045,742,384.54,20,2024-08-28 15:52:00
8752,1002,378,1435.59,26,2024-07-26 04:13:00
8753,1022,898,549.12,50,2024-07-13 22:41:00
8754,1033,870,1034.16,49,2024-06-05 08:08:00
8755,1035,911,775.5,50,2024-11-24 23:04:00
8756,1021,593,710.92,27,2024-09-30 02:59:00
8757,1035,523,942.58,44,2024-11-26 04:10:00
8758,1023,87,1594.22,23,2024-10-09 01:04:00
8759,1014,11,627.84,15,2024-09-08 07:00:00
8760,1044,668,1470.32,23,2024-09-26 05:56:00
8761,1031,626,192.0,2,2024-09-12 17:10:00
8762,1040,417,512.95,24,2024-11-03 00:39:00
8763,1041,332,169.05,4,2024-07-31 18:34:00
8764,1026,751,1358.49,49,2024-06-21 18:54:00
8765,1028,378,726.37,18,2024-09-06 05:23:00
8766,1012,787,860.0,28,2024-06-19 13:30:00
8767,1021,972,824.09,35,2024-06-06 23:01:00
8768,1040,426,1614.31,30,2024-06-19 06:36:00
8769,1014,209,1342.45,29,2024-08-25 07:19:00
8770,1021,723,1241.09,40,2024-09-16 14:26:00
8771,1004,446,991.82,22,2024-10-06 13:41:00
8772,1029,699,1136.35,42,2024-07-20 14:25:00
8773,1016,17,197.54,12,2024-10-05 16:22:00
8774,1024,495,1823.54,12,2024-06-12 22:31:00
8775,1031,161,846.0,31,2024-10-18 15:29:00
8776,1003,709,1432.35,50,2024-06-26 10:14:00
8777,1043,230,213.93,6,2024-07-19 23:54:00
8778,1022,978,1874.2,2,2024-07-29 08:49:00
8779,1026,625,1246.3,18,2024-09-17 20:54:00
8780,1036,700,1658.37,49,2024-06-28 10:07:00
8781,1043,479,793.26,21,2024-10-27 20:33:00
8782,1012,381,595.58,3,2024-07-02 11:30:00
8783,1032,405,944.7,19,2024-07-26 17:58:00
8784,1037,146,1099.21,8,2024-06-29 21:53:00
8785,1001,286,394.1,11,2024-11-17 18:13:00
8786,1041,57,810.69,35,2024-07-30 21:29:00
8787,1000,557,1495.31,34,2024-08-15 13:55:00
8788,1023,27,1415.27,47,2024-08-05 15:08:00
8789,1015,107,496.77,22,2024-10-21 21:42:00
8790,1002,891,87.91,2,2024-08-13 10:45:00
8791,1034,177,1175.08,24,2024-06-15 21:36:00
8792,1011,940,1835.6,28,2024-09-08 12:30:00
8793,1040,697,1296.15,13,2024-09-03 01:23:00
8794,1046,351,204.99,37,2024-07-22 03:19:00
8795,1007,746,1124.5,15,2024-11-09 14:13:00
8796,1028,66,1331.68,33,2024-06-21 17:31:00
8797,1015,127,1871.8,43,2024-10-24 23:26:00
8798,1038,967,1625.89,10,2024-06-23 03:47:00
8799,1035,633,880.49,8,2024-11-15 13:08:00
8800,1010,506,1026.09,2,2024-11-09 08:26:00
8801,1017,858,1731.9,22,2024-07-22 16:17:00
8802,1019,18,1403.02,1,2024-08-03 18:41:00
8803,1029,491,856.04,12,2024-09-08 00:39:00
8804,1033,437,965.15,17,2024-10-31 15:07:00
8805,1022,881,1810.3,39,2024-07-16 13:45:00
8806,1049,623,598.42,45,2024-08-07 15:51:00
8807,1008,881,869.64,14,2024-11-26 14:55:00
8808,1040,923,483.24,2,2024-09-25 02:14:00
8809,1049,955,1573.42,41,2024-07-02 13:17:00
8810,1012,914,1232.29,28,2024-08-21 12:36:00
8811,1005,484,1245.71,4,2024-10-01 07:59:00
8812,1035,111,71.61,35,2024-10-22 10:43:00
8813,1027,108,1923.87,33,2024-10-18 23:38:00
8814,1018,838,1034.38,40,2024-07-15 09:48:00
8815,1010,387,1934.95,12,2024-09-22 12:31:00
8816,1001,148,655.31,47,2024-07-29 10:57:00
8817,1035,914,1549.46,9,2024-09-28 17:40:00
8818,1030,30,738.45,36,2024-09-11 22:11:00
8819,1001,9,386.82,35,2024-09-21 18:46:00
8820,1012,426,791.4,34,2024-06-08 09:55:00
8821,1036,519,555.58,19,2024-08-30 14:21:00
8822,1013,85,1298.63,3,2024-08-16 01:52:00
8823,1011,532,1414.99,30,2024-08-03 16:11:00
8824,1035,27,1412.37,32,2024-08-12 14:58:00
8825,1009,123,1962.78,11,2024-08-13 13:13:00
8826,1013,529,506.96,32,2024-09-20 01:58:00
8827,1039,71,410.44,15,2024-11-27 15:26:00
8828,1003,746,1578.67,16,2024-06-26 16:13:00
8829,1029,194,1076.58,22,2024-08-19 06:07:00
8830,1036,15,1145.23,35,2024-11-05 19:23:00
8831,1020,196,1152.94,19,2024-09-27 12:33:00
8832,1022,750,1462.21,44,2024-09-06 04:20:00
8833,1037,816,894.23,8,2024-09-04 15:36:00
8834,1042,61,1624.34,9,2024-07-03 08:39:00
8835,1013,437,460.62,42,2024-06-12 19:29:00
8836,1010,537,1333.55,28,2024-07-09 14:50:00
8837,1043,735,1119.42,11,2024-07-08 14:06:00
8838,1008,862,65.2,45,2024-06-26 05:04:00
8839,1001,349,1212.61,35,2024-06-16 03:25:00
8840,1004,823,297.95,29,2024-06-14 23:40:00
8841,1024,897,1298.03,21,2024-10-09 17:50:00
8842,1030,28,982.19,14,2024-11-24 02:38:00
8843,1015,423,562.67,24,2024-06-28 03:28:00
8844,1015,584,1336.64,30,2024-11-13 20:14:00
8845,1047,117,92.31,47,2024-11-09 20:11:00
8846,1039,558,854.16,37,2024-08-05 01:26:00
8847,1035,527,1541.23,35,2024-09-10 19:28:00
8848,1001,272,1659.04,49,2024-06-28 23:17:00
8849,1035,711,1976.13,33,2024-09-26 06:37:00
8850,1013,608,1810.94,36,2024-08-12 10:20:00
8851,1003,381,1998.5,34,2024-06-14 00:56:00
8852,1011,805,1687.37,28,2024-06-30 20:35:00
8853,1023,746,1477.74,47,2024-08-04 09:17:00
8854,1021,863,1895.37,46,2024-11-20 07:04:00
8855,1027,576,158.83,3,2024-07-13 17:37:00
8856,1047,363,810.43,32,2024-10-30 16:43:00
8857,1021,26,59.59,44,2024-07-15 23:59:00
8858,1046,177,1548.32,2,2024-08-29 18:06:00
8859,1037,476,1314.68,28,2024-10-29 06:04:00
8860,1008,20,1899.4,36,2024-10-11 10:24:00
8861,1048,803,1153.03,18,2024-06-23 03:00:00
8862,1032,1,803.59,5,2024-11-18 21:05:00
8863,1014,336,1534.88,32,2024-10-21 04:31:00
8864,1046,855,974.86,47,2024-10-03 02:39:00
8865,1046,822,678.76,44,2024-06-23 04:30:00
8866,1048,808,1291.87,34,2024-07-19 07:51:00
8867,1028,468,1523.59,50,2024-06-03 04:13:00
8868,1044,332,1384.9,1,2024-07-29 09:46:00
8869,1006,560,135.69,7,2024-10-24 19:37:00
8870,1011,709,717.61,4,2024-09-15 21:46:00
8871,1044,846,1861.6,9,2024-09-10 07:44:00
8872,1022,761,277.23,9,2024-06-03 06:09:00
8873,1009,153,456.28,8,2024-08-03 14:04:00
8874,1023,145,268.6,7,2024-11-18 06:25:00
8875,1030,430,1286.21,13,2024-10-31 03:23:00
8876,1046,428,1518.57,17,2024-10-24 23:25:00
8877,1027,39,1543.59,31,2024-08-09 10:46:00
8878,1043,59,214.69,26,2024-10-18 09:52:00
8879,1031,468,512.25,17,2024-07-27 07:20:00
8880,1013,989,1426.98,40,2024-11-23 08:17:00
8881,1018,822,1171.61,15,2024-06-02 16:17:00
8882,1038,997,103.3,50,2024-09-13 11:52:00
8883,1008,290,67.32,50,2024-08-31 02:28:00
8884,1045,235,191.95,5,2024-07-25 23:38:00
8885,1013,23,950.24,15,2024-09-15 21:42:00
8886,1036,806,1005.53,34,2024-11-16 04:06:00
8887,1035,989,686.99,30,2024-08-16 01:19:00
8888,1048,58,753.49,24,2024-07-14 21:00:00
8889,1042,827,1764.54,37,2024-10-08 11:36:00
8890,1042,626,1338.72,8,2024-10-07 02:59:00
8891,1042,344,1372.89,40,2024-10-03 04:02:00
8892,1019,953,1009.53,13,2024-06-29 23:49:00
8893,1026,517,505.74,12,2024-09-07 02:41:00
8894,1028,456,1913.72,42,2024-06-17 15:44:00
8895,1022,469,359.8,1,2024-07-03 22:41:00
8896,1036,214,988.29,28,2024-09-25 13:49:00
8897,1040,531,1104.69,5,2024-07-18 19:46:00
8898,1024,606,458.66,49,2024-11-13 04:28:00
8899,1014,809,1669.35,1,2024-06-23 09:29:00
8900,1000,261,1971.48,21,2024-10-17 23:00:00
8901,1029,430,612.22,44,2024-10-29 12:46:00
8902,1038,592,716.04,2,2024-06-28 01:08:00
8903,1007,707,87.47,50,2024-07-08 11:37:00
8904,1003,458,740.71,44,2024-09-06 20:44:00
8905,1030,965,860.79,23,2024-06-20 18:21:00
8906,1002,739,1561.6,34,2024-10-21 09:16:00
8907,1034,653,758.55,14,2024-11-15 20:39:00
8908,1049,269,536.89,7,2024-10-04 14:49:00
8909,1024,935,1643.81,42,2024-08-21 18:10:00
8910,1037,924,1983.31,10,2024-07-01 13:15:00
8911,1038,146,1997.39,6,2024-09-28 16:55:00
8912,1007,142,168.97,32,2024-08-28 00:08:00
8913,1003,433,938.69,23,2024-08-15 12:33:00
8914,1017,184,1074.6,24,2024-09-06 06:39:00
8915,1026,854,1986.05,1,2024-10-31 01:17:00
8916,1009,561,691.93,37,2024-11-14 15:50:00
8917,1038,907,151.14,15,2024-07-31 20:45:00
8918,1009,344,916.69,50,2024-08-14 00:33:00
8919,1033,65,266.64,20,2024-06-22 09:48:00
8920,1020,621,238.92,12,2024-07-08 10:53:00
8921,1036,742,1599.82,25,2024-08-05 17:00:00
8922,1031,222,441.0,18,2024-09-01 15:24:00
8923,1025,220,438.78,17,2024-10-10 17:44:00
8924,1001,534,1223.81,44,2024-08-19 11:39:00
8925,1032,460,1140.73,20,2024-06-07 10:00:00
8926,1030,380,198.16,33,2024-06-10 11:27:00
8927,1017,755,213.61,14,2024-07-29 14:35:00
8928,1042,651,639.15,25,2024-10-03 17:09:00
8929,1009,544,1635.08,50,2024-07-10 16:28:00
8930,1040,172,1107.96,10,2024-08-12 11:36:00
8931,1030,95,1426.25,29,2024-08-02 14:12:00
8932,1027,256,1300.92,49,2024-11-13 14:45:00
8933,1010,275,1895.12,8,2024-08-03 17:19:00
8934,1014,610,303.64,48,2024-08-28 01:30:00
8935,1026,787,1332.71,31,2024-09-14 06:14:00
8936,1000,85,300.88,40,2024-11-08 09:35:00
8937,1013,262,1089.26,4,2024-07-24 17:13:00
8938,1008,747,552.71,18,2024-10-08 10:56:00
8939,1045,115,196.43,11,2024-09-21 11:53:00
8940,1027,796,1968.03,26,2024-09-15 20:53:00
8941,1010,490,1412.39,47,2024-10-15 16:06:00
8942,1010,267,1365.87,26,2024-11-03 13:59:00
8943,1029,486,171.54,27,2024-07-03 15:08:00
8944,1002,2,228.33,6,2024-06-20 01:38:00
8945,1048,499,1690.95,13,2024-08-20 00:30:00
8946,1017,108,1836.18,10,2024-10-13 01:54:00
8947,1041,531,1946.33,14,2024-06-26 23:12:00
8948,1038,595,1885.52,12,2024-08-30 21:37:00
8949,1038,63,1914.74,16,2024-08-15 16:44:00
8950,1033,17,311.63,14,2024-11-27 02:06:00
8951,1020,127,1879.96,47,2024-06-28 08:33:00
8952,1000,555,1029.16,48,2024-06-27 12:35:00
8953,1035,869,353.28,2,2024-10-03 04:41:00
8954,1042,470,169.03,44,2024-10-19 13:06:00
8955,1022,602,237.32,14,2024-06-01 22:08:00
8956,1000,742,1662.9,45,2024-10-20 22:38:00
8957,1048,214,778.06,36,2024-09-13 01:42:00
8958,1001,292,1269.85,10,2024-10-18 01:11:00
8959,1046,742,256.95,39,2024-11-11 07:36:00
8960,1036,141,652.94,36,2024-10-06 21:23:00
8961,1021,488,1253.79,48,2024-07-26 21:32:00
8962,1046,695,1231.09,43,2024-06-12 03:18:00
8963,1002,491,1606.13,14,2024-11-12 14:25:00
8964,1045,764,959.66,30,2024-10-10 09:36:00
8965,1039,932,766.03,45,2024-10-17 20:57:00
8966,1007,121,231.1,14,2024-10-19 19:25:00
8967,1028,909,1302.24,21,2024-06-01 11:44:00
8968,1018,882,1405.57,38,2024-06-28 07:55:00
8969,1031,233,1025.37,6,2024-06-06 05:12:00
8970,1005,886,434.91,2,2024-08-04 02:58:00
8971,1022,932,218.2,5,2024-06-06 02:53:00
8972,1047,83,1035.59,14,2024-06-16 19:02:00
8973,1036,861,1714.37,3,2024-07-10 05:27:00
8974,1020,378,1803.32,41,2024-06-29 22:28:00
8975,1039,61,163.05,45,2024-06-11 21:00:00
8976,1025,45,1331.08,38,2024-06-20 14:45:00
8977,1003,480,1049.68,2,2024-08-13 14:28:00
8978,1011,827,1005.73,27,2024-09-15 05:39:00
8979,1035,966,965.61,3,2024-10-12 15:22:00
8980,1043,543,436.05,50,2024-11-07 05:18:00
8981,1004,817,1048.09,22,2024-10-01 15:15:00
8982,1040,471,216.31,19,2024-07-11 07:30:00
8983,1045,742,494.44,9,2024-09-30 01:42:00
8984,1037,690,1054.0,30,2024-07-01 03:14:00
8985,1039,27,190.15,44,2024-06-11 23:26:00
8986,1013,911,1654.63,30,2024-08-15 23:55:00
8987,1030,843,874.02,18,2024-11-25 03:28:00
8988,1029,235,1994.26,35,2024-11-25 12:46:00
8989,1025,294,1734.24,41,2024-11-25 21:04:00
8990,1028,490,546.96,15,2024-10-05 05:24:00
8991,1014,869,188.5,21,2024-08-19 13:33:00
8992,1023,476,545.09,12,2024-11-21 02:45:00
8993,1033,640,544.4,44,2024-11-13 09:13:00
8994,1003,221,386.3,37,2024-08-01 11:13:00
8995,1017,850,201.71,7,2024-06-15 11:21:00
8996,1027,779,1399.01,40,2024-09-27 19:46:00
8997,1009,261,834.01,16,2024-06-09 18:04:00
8998,1011,23,1042.76,10,2024-07-01 22:52:00
8999,1008,565,126.83,11,2024-06-07 04:50:00
9000,1032,161,1504.31,28,2024-11-02 18:34:00
9001,1039,734,699.06,50,2024-07-23 07:34:00
9002,1040,932,1843.98,10,2024-09-10 11:34:00
9003,1033,671,1851.15,48,2024-07-07 03:33:00
9004,1044,471,297.87,33,2024-11-25 17:37:00
9005,1010,727,921.83,22,2024-10-16 08:46:00
9006,1044,858,1572.91,20,2024-09-25 02:54:00
9007,1028,317,519.7,46,2024-06-06 12:08:00
9008,1038,126,77.13,4,2024-11-01 13:01:00
9009,1032,586,1406.86,22,2024-07-27 06:03:00
9010,1037,388,1610.26,40,2024-07-09 18:12:00
9011,1012,136,57.75,4,2024-07-26 16:05:00
9012,1024,517,631.27,30,2024-10-18 00:45:00
9013,1049,852,624.41,29,2024-07-18 18:51:00
9014,1011,604,387.88,9,2024-08-10 22:38:00
9015,1002,910,1193.48,31,2024-08-11 21:57:00
9016,1039,354,1782.45,24,2024-08-11 03:44:00
9017,1024,915,228.62,35,2024-09-22 09:12:00
9018,1047,333,774.84,4,2024-07-17 13:32:00
9019,1017,444,1832.89,15,2024-10-24 11:06:00
9020,1037,128,1511.05,10,2024-08-14 03:52:00
9021,1003,519,1389.76,11,2024-11-03 16:30:00
9022,1032,222,1516.4,24,2024-08-14 12:53:00
9023,1021,519,1917.64,9,2024-09-04 14:40:00
9024,1020,363,1632.45,18,2024-11-15 08:05:00
9025,1032,224,114.67,49,2024-10-27 04:19:00
9026,1006,68,1793.79,5,2024-09-23 09:13:00
9027,1034,825,1600.07,31,2024-11-03 10:41:00
9028,1020,73,68.04,32,2024-08-26 04:28:00
9029,1021,803,925.72,16,2024-07-29 22:05:00
9030,1018,625,638.61,45,2024-07-26 23:52:00
9031,1005,141,114.02,26,2024-10-07 09:02:00
9032,1048,161,546.06,38,2024-10-24 11:36:00
9033,1033,624,761.97,10,2024-07-30 00:17:00
9034,1004,669,776.64,47,2024-11-22 00:14:00
9035,1001,416,1315.46,32,2024-10-27 15:04:00
9036,1005,929,1094.54,41,2024-08-30 11:35:00
9037,1003,3,1502.13,31,2024-08-15 20:05:00
9038,1004,516,643.79,15,2024-06-27 16:42:00
9039,1035,236,1706.14,11,2024-10-10 21:24:00
9040,1042,801,1147.82,6,2024-11-12 04:47:00
9041,1007,721,991.35,48,2024-06-16 21:43:00
9042,1031,362,1872.58,6,2024-10-10 14:19:00
9043,1016,169,581.42,45,2024-10-04 20:43:00
9044,1027,663,1744.53,39,2024-11-05 07:32:00
9045,1048,628,168.01,19,2024-10-28 23:35:00
9046,1006,417,218.65,35,2024-07-15 19:15:00
9047,1032,235,1768.94,4,2024-10-08 12:37:00
9048,1047,252,596.36,9,2024-11-22 08:30:00
9049,1037,191,778.59,32,2024-09-18 04:01:00
9050,1044,523,1408.21,20,2024-06-30 14:49:00
9051,1005,146,1821.84,41,2024-08-26 21:01:00
9052,1027,190,294.62,4,2024-07-11 08:47:00
9053,1039,117,255.63,4,2024-10-03 04:42:00
9054,1019,514,1396.51,34,2024-08-23 23:59:00
9055,1023,626,301.28,4,2024-06-22 05:38:00
9056,1029,829,1003.7,48,2024-09-15 20:53:00
9057,1047,208,1245.26,23,2024-10-24 07:15:00
9058,1004,441,1645.28,16,2024-07-04 05:52:00
9059,1031,308,128.67,50,2024-09-29 12:59:00
9060,1014,388,645.44,22,2024-08-22 07:03:00
9061,1012,100,65.72,2,2024-10-02 17:21:00
9062,1034,212,1216.74,19,2024-07-14 10:46:00
9063,1026,676,1169.13,24,2024-07-09 01:58:00
9064,1024,318,742.65,36,2024-09-17 13:04:00
9065,1030,530,1362.28,4,2024-09-16 06:14:00
9066,1012,260,421.08,23,2024-06-14 14:58:00
9067,1010,432,1381.04,19,2024-07-02 01:14:00
9068,1002,862,1697.2,23,2024-10-17 22:20:00
9069,1046,319,1698.95,42,2024-09-21 01:04:00
9070,1047,122,751.71,6,2024-09-11 16:05:00
9071,1047,641,1460.91,44,2024-08-30 22:02:00
9072,1015,884,1199.8,48,2024-06-29 20:49:00
9073,1047,793,72481.55,6,2024-08-27 21:34:00
9074,1035,650,1255.87,22,2024-08-08 10:50:00
9075,1023,862,1687.24,25,2024-09-02 03:23:00
9076,1031,935,800.93,45,2024-06-02 16:42:00
9077,1039,870,777.26,9,2024-08-23 14:32:00
9078,1028,162,1838.28,49,2024-07-09 15:42:00
9079,1021,854,263.03,10,2024-11-14 14:46:00
9080,1011,911,964.29,7,2024-11-15 04:28:00
9081,1049,956,1499.74,44,2024-07-26 04:45:00
9082,1033,511,1318.39,37,2024-10-03 07:11:00
9083,1040,13,1102.6,36,2024-09-16 21:37:00
9084,1006,371,1536.4,38,2024-11-02 16:02:00
9085,1012,331,1295.01,1,2024-08-01 18:56:00
9086,1019,639,387.96,4,2024-06-12 19:29:00
9087,1049,808,1383.29,45,2024-10-18 19:11:00
9088,1044,863,849.37,38,2024-07-13 13:35:00
9089,1036,181,76.27,27,2024-11-22 05:04:00
9090,1039,190,372.36,47,2024-06-20 12:06:00
9091,1042,452,247.99,43,2024-06-02 03:16:00
9092,1008,41,874.66,13,2024-07-11 10:27:00
9093,1003,915,1032.62,41,2024-09-06 10:46:00
9094,1043,117,1462.77,30,2024-08-12 16:49:00
9095,1049,89,901.86,24,2024-10-20 23:36:00
9096,1037,754,534.59,35,2024-08-29 01:02:00
9097,1024,851,1781.52,47,2024-10-23 03:54:00
9098,1041,769,236.57,34,2024-07-08 20:37:00
9099,1016,438,901.36,47,2024-09-03 12:34:00
9100,1031,378,1251.31,10,2024-09-28 14:02:00
9101,1016,515,1413.62,21,2024-10-13 00:55:00
9102,1010,2,1676.05,40,2024-07-07 01:52:00
9103,1008,574,1413.51,5,2024-07-10 21:52:00
9104,1011,484,1947.28,41,2024-11-17 20:14:00
9105,1013,424,935.9,13,2024-07-18 16:50:00
9106,1028,971,1656.39,16,2024-10-03 11:04:00
9107,1011,324,259.18,25,2024-07-31 09:29:00
9108,1035,359,888.93,16,2024-08-03 21:40:00
9109,1035,590,384.91,25,2024-10-24 16:56:00
9110,1001,856,1004.4,46,2024-06-13 06:36:00
9111,1026,6,1149.52,2,2024-06-15 17:10:00
9112,1046,77,244.57,29,2024-06-09 01:24:00
9113,1048,256,943.98,22,2024-08-30 12:41:00
9114,1005,195,1976.87,22,2024-07-25 07:53:00
9115,1044,576,1894.88,5,2024-09-30 06:16:00
9116,1045,106,230.34,6,2024-07-02 20:42:00
9117,1006,329,241.87,36,2024-08-08 04:26:00
9118,1027,489,1177.73,6,2024-10-29 08:20:00
9119,1043,591,1367.43,30,2024-09-23 19:27:00
9120,1043,270,1313.31,15,2024-06-09 07:01:00
9121,1041,496,131.46,37,2024-09-07 02:28:00
9122,1033,240,1871.22,11,2024-06-11 09:00:00
9123,1049,435,374.29,45,2024-07-02 14:09:00
9124,1049,33,713.28,10,2024-09-22 05:16:00
9125,1020,423,232.84,27,2024-08-24 22:12:00
9126,1012,511,1320.66,11,2024-07-12 22:52:00
9127,1011,377,1401.07,21,2024-10-11 03:21:00
9128,1017,780,1855.48,17,2024-06-16 05:39:00
9129,1035,386,1602.12,3,2024-08-18 18:46:00
9130,1011,237,203.37,18,2024-10-11 11:49:00
9131,1017,847,1387.58,43,2024-07-07 01:21:00
9132,1032,426,1057.57,30,2024-07-02 21:38:00
9133,1003,720,905.63,2,2024-08-06 15:30:00
9134,1012,749,340.12,4,2024-07-30 01:03:00
9135,1014,866,351.63,1,2024-11-15 19:32:00
9136,1047,325,842.86,41,2024-10-14 18:24:00
9137,1029,118,632.06,23,2024-11-22 00:52:00
9138,1038,812,658.61,26,2024-06-08 05:18:00
9139,1005,95,266.61,6,2024-08-10 12:38:00
9140,1004,413,216.74,8,2024-09-07 22:48:00
9141,1027,266,351.94,39,2024-10-28 18:02:00
9142,1039,386,1643.48,27,2024-08-06 00:35:00
9143,1036,729,1715.82,44,2024-08-31 19:48:00
9144,1032,702,649.52,18,2024-10-16 06:09:00
9145,1032,641,1081.5,43,2024-07-04 03:24:00
9146,1035,707,817.44,34,2024-11-23 12:17:00
9147,1007,10,1181.29,22,2024-07-03 16:37:00
9148,1049,673,180.88,38,2024-06-08 08:08:00
9149,1040,912,1161.15,25,2024-06-03 23:07:00
9150,1041,855,1182.51,42,2024-08-02 20:15:00
9151,1012,854,225.8,41,2024-08-21 20:19:00
9152,1006,494,186.65,27,2024-07-04 13:45:00
9153,1019,64,1542.45,31,2024-07-06 10:42:00
9154,1029,477,1601.62,19,2024-10-08 23:17:00
9155,1033,275,1851.71,12,2024-08-11 20:56:00
9156,1025,426,1202.52,23,2024-07-29 14:53:00
9157,1027,854,1280.3,13,2024-08-31 08:33:00
9158,1031,558,1942.67,50,2024-07-19 22:21:00
9159,1046,713,893.42,20,2024-11-21 23:51:00
9160,1009,98,99.86,29,2024-09-02 21:27:00
9161,1011,945,1433.32,38,2024-08-31 09:31:00
9162,1048,799,1756.44,42,2024-09-06 16:50:00
9163,1010,323,1535.42,26,2024-10-19 20:28:00
9164,1039,528,1680.97,25,2024-08-04 12:23:00
9165,1048,172,1533.15,11,2024-11-09 06:38:00
9166,1033,767,357.41,30,2024-07-03 21:00:00
9167,1017,665,417.5,5,2024-09-21 01:42:00
9168,1002,321,1154.98,30,2024-10-05 00:32:00
9169,1045,594,1491.24,39,2024-11-18 14:57:00
9170,1043,353,1009.09,30,2024-06-10 10:43:00
9171,1006,561,1676.53,34,2024-07-30 09:53:00
9172,1027,665,639.42,33,2024-07-30 15:25:00
9173,1009,943,1780.28,22,2024-08-23 06:01:00
9174,1029,685,69.86,6,2024-08-26 04:47:00
9175,1036,344,511.93,6,2024-06-08 07:24:00
9176,1001,62,243.79,25,2024-09-11 23:49:00
9177,1030,265,256.04,44,2024-09-29 00:49:00
9178,1044,426,386.18,30,2024-08-02 01:53:00
9179,1043,154,1820.5,17,2024-11-09 19:44:00
9180,1021,87,1055.41,1,2024-06-26 15:01:00
9181,1011,489,658.63,17,2024-07-02 18:00:00
9182,1019,403,1355.43,33,2024-07-06 23:25:00
9183,1049,279,1245.53,34,2024-10-21 09:02:00
9184,1011,694,517.33,18,2024-10-18 00:33:00
9185,1042,683,1693.73,36,2024-11-11 13:13:00
9186,1010,996,294.65,9,2024-11-02 15:20:00
9187,1040,89,646.59,32,2024-11-03 18:35:00
9188,1009,907,691.12,48,2024-07-15 15:00:00
9189,1032,483,1453.99,2,2024-08-15 17:21:00
9190,1002,985,101.1,8,2024-07-03 10:18:00
9191,1033,685,1538.68,12,2024-06-11 18:27:00
9192,1013,28,1648.48,49,2024-07-21 18:12:00
9193,1043,899,747.67,17,2024-10-21 03:30:00
9194,1002,127,650.81,35,2024-06-29 16:27:00
9195,1003,297,847.33,6,2024-09-13 20:31:00
9196,1027,468,122.29,14,2024-11-09 17:20:00
9197,1008,695,1047.7,17,2024-08-21 18:49:00
9198,1007,376,1182.54,9,2024-10-17 06:15:00
9199,1001,503,1253.95,35,2024-08-27 21:26:00
9200,1018,250,1822.33,11,2024-08-07 09:06:00
9201,1004,747,697.7,5,2024-10-20 06:43:00
9202,1038,540,1158.42,28,2024-11-09 02:20:00
9203,1020,717,638.61,6,2024-10-15 01:12:00
9204,1001,855,552.19,12,2024-06-27 13:34:00
9205,1042,757,537.53,19,2024-11-04 22:35:00
9206,1018,438,94.36,40,2024-08-25 00:35:00
9207,1022,400,1194.63,36,2024-08-26 05:33:00
9208,1026,897,1134.76,10,2024-06-19 19:57:00
9209,1049,978,195.62,36,2024-09-05 08:54:00
9210,1047,93,842.47,11,2024-08-15 11:59:00
9211,1031,184,1193.98,8,2024-07-14 05:46:00
9212,1018,976,145.31,34,2024-11-01 07:54:00
9213,1026,785,874.8,14,2024-09-29 23:49:00
9214,1015,953,984.56,46,2024-11-03 22:25:00
9215,1007,486,912.24,19,2024-08-26 14:25:00
9216,1010,538,1047.53,25,2024-11-23 23:08:00
9217,1042,321,1528.7,14,2024-06-06 16:23:00
9218,1025,423,971.08,6,2024-09-24 17:24:00
9219,1029,47,468.58,27,2024-06-10 20:02:00
9220,1003,520,358.64,31,2024-06-20 13:10:00
9221,1047,796,1646.25,43,2024-10-21 11:30:00
9222,1005,144,494.53,16,2024-08-05 12:26:00
9223,1030,437,397.2,46,2024-10-09 10:42:00
9224,1027,234,442.25,3,2024-08-12 11:44:00
9225,1017,738,1299.09,16,2024-07-29 05:08:00
9226,1048,345,524.93,36,2024-08-17 20:15:00
9227,1032,110,1654.34,18,2024-10-05 18:49:00
9228,1015,810,562.24,41,2024-10-04 22:36:00
9229,1040,554,1991.5,14,2024-11-14 18:50:00
9230,1005,207,1564.05,3,2024-09-09 12:13:00
9231,1003,635,1957.6,25,2024-07-11 21:06:00
9232,1000,450,1572.71,32,2024-06-22 01:37:00
9233,1042,733,128.12,31,2024-10-04 05:33:00
9234,1011,945,216.99,17,2024-09-07 17:55:00
9235,1022,20,1309.97,4,2024-11-10 11:24:00
9236,1019,602,1735.92,25,2024-10-26 04:24:00
9237,1040,966,887.24,6,2024-06-26 23:04:00
9238,1005,962,1654.97,12,2024-09-03 05:17:00
9239,1011,654,1871.49,18,2024-11-05 06:33:00
9240,1011,947,895.5,26,2024-07-24 03:58:00
9241,1021,640,811.89,38,2024-08-25 04:22:00
9242,1008,62,1870.5,27,2024-10-06 18:04:00
9243,1047,733,865.85,2,2024-06-01 10:03:00
9244,1049,387,1621.22,47,2024-06-30 04:44:00
9245,1025,453,848.36,19,2024-09-18 18:46:00
9246,1000,238,397.1,8,2024-11-13 01:09:00
9247,1026,780,401.77,15,2024-07-22 22:03:00
9248,1048,516,892.03,38,2024-06-30 23:08:00
9249,1042,192,705.2,38,2024-09-18 21:30:00
9250,1046,219,580.25,1,2024-10-07 17:47:00
9251,1005,127,1313.2,25,2024-11-01 05:45:00
9252,1007,516,1599.76,8,2024-09-12 20:54:00
9253,1044,181,1739.9,9,2024-07-07 05:21:00
9254,1003,555,73591.77,33,2024-10-22 15:13:00
9255,1015,420,914.03,1,2024-07-09 12:03:00
9256,1020,943,1055.6,24,2024-10-21 10:54:00
9257,1031,780,1497.03,50,2024-06-20 00:20:00
9258,1023,397,1003.42,2,2024-06-26 13:47:00
9259,1037,494,1945.51,26,2024-11-27 22:30:00
9260,1010,775,1506.6,12,2024-09-19 15:37:00
9261,1017,849,481.26,32,2024-09-23 21:47:00
9262,1018,681,759.84,30,2024-08-10 21:54:00
9263,1016,404,1464.65,7,2024-07-31 09:32:00
9264,1048,89,1649.91,34,2024-10-01 09:40:00
9265,1046,731,268.58,50,2024-08-30 23:20:00
9266,1036,892,1168.18,25,2024-11-21 16:21:00
9267,1003,958,1681.08,34,2024-07-14 14:55:00
9268,1019,354,1085.25,26,2024-10-15 20:54:00
9269,1048,820,998.82,15,2024-08-10 22:01:00
9270,1009,929,1570.76,40,2024-09-13 04:10:00
9271,1010,115,544.72,13,2024-11-17 07:54:00
9272,1006,985,1557.11,28,2024-06-17 04:50:00
9273,1046,847,767.57,50,2024-08-30 02:43:00
9274,1038,834,1711.87,3,2024-11-04 21:54:00
9275,1009,583,617.21,48,2024-08-25 21:30:00
9276,1032,68,905.33,49,2024-06-18 00:32:00
9277,1019,660,962.64,34,2024-07-07 00:23:00
9278,1038,342,1784.67,36,2024-09-14 13:05:00
9279,1017,908,1898.02,14,2024-07-28 03:31:00
9280,1018,236,1708.72,48,2024-07-15 05:03:00
9281,1042,303,1598.9,39,2024-07-03 18:19:00
9282,1047,58,472.94,45,2024-11-01 10:05:00
9283,1014,372,260.93,23,2024-06-10 10:06:00
9284,1014,382,246.88,40,2024-07-30 21:59:00
9285,1016,910,1147.61,37,2024-08-24 18:50:00
9286,1040,237,439.33,38,2024-11-08 03:17:00
9287,1023,47,1409.93,13,2024-07-04 09:12:00
9288,1017,559,819.62,23,2024-08-02 18:29:00
9289,1009,428,1362.44,4,2024-11-20 18:42:00
9290,1005,400,330.49,39,2024-10-03 06:51:00
9291,1027,22,1367.09,25,2024-11-08 10:54:00
9292,1002,44,1877.3,27,2024-08-01 05:37:00
9293,1009,250,686.23,6,2024-06-14 11:18:00
9294,1033,191,1715.08,43,2024-08-30 06:34:00
9295,1042,596,194.51,44,2024-08-19 17:45:00
9296,1035,556,1821.88,32,2024-09-04 16:41:00
9297,1007,42,1527.97,24,2024-11-23 17:30:00
9298,1008,269,1212.14,30,2024-11-15 23:01:00
9299,1025,695,788.84,46,2024-07-03 18:12:00
9300,1034,877,856.42,13,2024-07-26 00:57:00
9301,1006,890,1218.69,26,2024-08-22 21:12:00
9302,1032,965,1073.65,19,2024-11-25 06:34:00
9303,1020,878,886.39,8,2024-09-30 21:51:00
9304,1010,284,388.05,7,2024-07-22 00:48:00
9305,1029,384,184.44,39,2024-09-16 17:46:00
9306,1023,673,480.18,13,2024-08-18 01:22:00
9307,1049,707,1653.3,39,2024-06-04 01:13:00
9308,1012,394,601.82,41,2024-09-28 06:34:00
9309,1008,686,1222.43,39,2024-07-11 19:05:00
9310,1015,803,304.19,48,2024-06-03 14:00:00
9311,1007,950,1671.36,21,2024-11-12 18:32:00
9312,1049,945,474.7,30,2024-10-16 13:12:00
9313,1040,441,875.19,26,2024-11-14 01:02:00
9314,1033,183,1230.62,15,2024-09-24 21:22:00
9315,1031,84,834.67,24,2024-09-19 01:19:00
9316,1046,219,1125.64,41,2024-07-17 14:05:00
9317,1031,133,506.25,48,2024-06-24 22:53:00
9318,1017,987,454.71,45,2024-08-17 09:09:00
9319,1016,227,385.85,3,2024-08-31 05:51:00
9320,1022,783,1801.88,17,2024-11-03 08:57:00
9321,1017,815,901.9,22,2024-08-30 12:39:00
9322,1013,173,1271.18,24,2024-09-16 06:48:00
9323,1031,891,1251.01,42,2024-06-29 23:04:00
9324,1020,769,1086.95,22,2024-06-02 10:54:00
9325,1035,427,745.16,43,2024-10-08 18:23:00
9326,1022,376,1876.56,43,2024-06-28 06:42:00
9327,1023,805,1774.6,15,2024-07-28 04:45:00
9328,1002,748,1099.76,16,2024-09-25 20:37:00
9329,1037,609,831.36,3,2024-10-19 18:18:00
9330,1041,203,1638.43,33,2024-07-16 00:47:00
9331,1005,780,1496.59,17,2024-08-04 15:26:00
9332,1025,504,992.28,14,2024-11-01 02:25:00
9333,1030,354,401.62,38,2024-09-28 12:27:00
9334,1036,407,1353.77,40,2024-11-14 15:17:00
9335,1045,43,725.8,3,2024-10-29 06:27:00
9336,1039,918,486.42,9,2024-07-08 22:49:00
9337,1049,827,653.68,40,2024-10-18 06:35:00
9338,1001,286,247.16,20,2024-09-27 12:33:00
9339,1006,19,748.06,19,2024-07-30 09:01:00
9340,1044,808,1812.0,1,2024-08-27 06:50:00
9341,1011,127,1204.26,43,2024-08-17 00:57:00
9342,1020,405,1612.85,26,2024-10-15 03:38:00
9343,1025,234,63.85,20,2024-09-06 09:07:00
9344,1035,498,534.6,32,2024-07-30 02:25:00
9345,1016,802,475.38,27,2024-07-21 11:40:00
9346,1023,801,1203.45,3,2024-11-15 09:45:00
9347,1011,187,1003.43,22,2024-08-26 22:07:00
9348,1048,787,612.43,37,2024-09-08 20:08:00
9349,1039,517,1635.29,14,2024-11-14 02:49:00
9350,1034,581,548.04,10,2024-06-13 12:35:00
9351,1049,297,538.66,36,2024-07-19 09:31:00
9352,1046,342,1904.4,30,2024-07-24 12:43:00
9353,1001,257,537.41,15,2024-08-26 15:58:00
9354,1048,760,772.82,11,2024-10-14 09:09:00
9355,1007,638,822.1,13,2024-10-22 12:39:00
9356,1044,802,827.0,37,2024-07-24 08:57:00
9357,1004,813,1855.71,42,2024-07-11 07:22:00
9358,1012,455,1151.39,48,2024-11-26 10:27:00
9359,1033,858,457.66,46,2024-10-31 07:10:00
9360,1021,229,1514.7,33,2024-08-02 22:43:00
9361,1019,779,1807.24,44,2024-06-22 01:02:00
9362,1030,0,269.3,28,2024-11-08 16:20:00
9363,1010,924,1885.55,45,2024-10-01 01:10:00
9364,1029,144,1222.53,20,2024-06-02 17:28:00
9365,1011,77,414.16,19,2024-10-27 01:07:00
9366,1020,314,502.39,2,2024-08-22 02:39:00
9367,1049,352,1862.89,50,2024-07-08 21:34:00
9368,1041,642,947.03,48,2024-11-01 02:35:00
9369,1038,265,714.27,14,2024-10-15 17:03:00
9370,1049,705,482.56,16,2024-11-13 20:31:00
9371,1041,259,298.15,10,2024-08-22 10:53:00
9372,1038,158,1022.12,28,2024-06-15 23:45:00
9373,1011,541,1939.42,25,2024-11-20 01:43:00
9374,1011,871,1276.3,34,2024-06-15 15:34:00
9375,1025,454,1701.32,3,2024-06-19 09:46:00
9376,1008,368,507.93,18,2024-11-15 01:34:00
9377,1010,661,1315.31,29,2024-08-06 19:24:00
9378,1047,19,1941.66,26,2024-11-09 09:50:00
9379,1027,276,522.58,7,2024-11-04 14:32:00
9380,1028,769,1493.1,37,2024-10-25 20:43:00
9381,1003,889,156.83,47,2024-06-25 16:10:00
9382,1040,225,347.27,43,2024-06-11 11:38:00
9383,1019,555,740.17,20,2024-10-17 23:31:00
9384,1002,657,1785.6,21,2024-07-23 16:30:00
9385,1018,216,490.13,23,2024-07-03 05:30:00
9386,1028,696,1347.44,32,2024-08-31 23:59:00
9387,1042,503,1321.8,35,2024-08-12 14:45:00
9388,1010,174,211.15,28,2024-08-26 19:18:00
9389,1003,809,1819.19,21,2024-07-16 17:34:00
9390,1039,826,1339.88,1,2024-11-05 14:46:00
9391,1025,318,1228.95,36,2024-08-10 12:23:00
9392,1001,153,292.13,33,2024-10-24 14:07:00
9393,1031,524,1410.21,50,2024-09-27 00:19:00
9394,1012,524,497.38,48,2024-08-24 19:18:00
9395,1034,261,866.99,23,2024-10-02 10:22:00
9396,1013,400,1266.62,20,2024-10-29 19:17:00
9397,1030,940,726.07,7,2024-11-02 10:36:00
9398,1028,66,1248.85,31,2024-11-23 14:20:00
9399,1006,262,1456.74,37,2024-11-10 11:29:00
9400,1003,439,1469.25,36,2024-08-07 04:35:00
9401,1026,502,837.73,41,2024-06-12 06:05:00
9402,1018,677,1096.45,22,2024-07-27 18:15:00
9403,1033,885,1024.07,8,2024-10-01 05:48:00
9404,1031,952,1206.94,27,2024-11-09 14:09:00
9405,1004,701,771.21,21,2024-06-19 14:09:00
9406,1034,730,1313.04,17,2024-09-14 19:24:00
9407,1035,606,1743.13,23,2024-10-20 19:58:00
9408,1012,621,1696.49,21,2024-06-17 11:01:00
9409,1039,560,1624.44,22,2024-09-15 14:32:00
9410,1029,194,125.51,48,2024-09-10 12:06:00
9411,1014,965,840.24,23,2024-06-07 15:04:00
9412,1015,552,1739.85,22,2024-11-26 16:14:00
9413,1034,392,1909.51,39,2024-09-05 07:31:00
9414,1042,170,1078.66,29,2024-08-25 03:49:00
9415,1016,493,537.13,37,2024-10-18 23:56:00
9416,1048,918,1061.14,37,2024-07-03 08:57:00
9417,1046,280,386.52,17,2024-07-24 19:22:00
9418,1047,832,1959.4,25,2024-07-11 05:52:00
9419,1047,15,182.12,34,2024-11-23 22:46:00
9420,1015,198,1052.9,24,2024-08-17 09:39:00
9421,1044,939,596.36,14,2024-09-30 22:07:00
9422,1017,101,895.02,15,2024-06-24 19:23:00
9423,1022,326,1223.1,34,2024-07-10 08:00:00
9424,1026,803,440.94,33,2024-09-11 23:14:00
9425,1024,108,1876.06,49,2024-11-26 12:35:00
9426,1041,385,959.8,1,2024-09-27 05:11:00
9427,1011,824,733.31,36,2024-09-20 07:08:00
9428,1038,439,1336.13,1,2024-09-05 04:38:00
9429,1023,206,1052.73,37,2024-09-27 08:44:00
9430,1030,760,951.15,13,2024-06-25 02:18:00
9431,1031,229,1958.29,14,2024-08-02 09:36:00
9432,1000,4,1956.31,36,2024-08-18 21:53:00
9433,1015,812,1262.49,41,2024-07-21 16:46:00
9434,1044,301,74.24,30,2024-10-10 07:41:00
9435,1045,853,1987.79,9,2024-06-23 12:22:00
9436,1033,349,1349.54,33,2024-11-07 15:48:00
9437,1044,922,1850.97,45,2024-06-21 11:12:00
9438,1033,338,1951.24,19,2024-06-29 06:01:00
9439,1016,892,1100.11,7,2024-11-12 13:35:00
9440,1045,935,51.96,8,2024-10-14 22:57:00
9441,1037,423,800.26,8,2024-08-10 11:23:00
9442,1040,987,1275.01,37,2024-11-10 07:36:00
9443,1014,701,1072.44,43,2024-08-27 05:27:00
9444,1011,208,1077.46,22,2024-09-27 18:37:00
9445,1034,942,814.56,19,2024-11-03 02:45:00
9446,1048,255,998.24,8,2024-07-06 23:25:00
9447,1040,443,1279.73,33,2024-10-28 08:39:00
9448,1000,534,1610.11,33,2024-08-27 01:18:00
9449,1047,549,1545.8,49,2024-07-09 21:26:00
9450,1002,766,743.65,41,2024-10-15 05:56:00
9451,1044,255,1903.59,36,2024-06-09 16:27:00
9452,1042,714,1710.86,33,2024-09-21 16:05:00
9453,1035,627,1327.95,37,2024-09-15 02:08:00
9454,1004,349,1793.46,23,2024-08-28 16:46:00
9455,1042,265,835.43,25,2024-07-02 19:11:00
9456,1018,113,1835.65,36,2024-08-13 20:43:00
9457,1019,671,118.7,49,2024-11-18 03:48:00
9458,1049,331,487.92,24,2024-11-27 14:58:00
9459,1011,557,1759.95,39,2024-11-16 16:55:00
9460,1011,591,155.48,47,2024-09-16 03:07:00
9461,1026,12,179.79,9,2024-06-30 17:26:00
9462,1001,401,482.98,12,2024-08-18 18:05:00
9463,1002,351,1767.99,41,2024-07-31 23:59:00
9464,1012,700,1011.26,33,2024-07-28 19:51:00
9465,1001,748,1651.44,27,2024-11-16 17:54:00
9466,1014,251,890.62,5,2024-06-08 23:58:00
9467,1033,492,668.76,29,2024-11-13 08:27:00
9468,1011,9,692.56,12,2024-07-05 00:29:00
9469,1009,163,227.76,36,2024-08-05 03:55:00
9470,1019,470,1906.03,7,2024-09-29 02:09:00
9471,1003,111,704.17,15,2024-08-29 08:28:00
9472,1005,852,676.75,19,2024-08-25 01:53:00
9473,1024,395,238.73,47,2024-11-11 01:45:00
9474,1024,144,69.89,1,2024-06-07 18:19:00
9475,1042,86,1507.41,11,2024-06-09 08:09:00
9476,1021,271,1580.14,19,2024-09-09 18:38:00
9477,1015,617,502.47,21,2024-07-07 04:51:00
9478,1047,518,1331.94,26,2024-11-20 10:24:00
9479,1048,668,1031.1,17,2024-06-10 15:18:00
9480,1007,965,603.29,49,2024-08-30 09:13:00
9481,1049,225,1516.66,16,2024-06-12 10:58:00
9482,1002,476,1093.26,8,2024-11-22 14:49:00
9483,1007,406,1735.53,38,2024-07-31 01:47:00
9484,1022,246,738.85,38,2024-11-27 23:04:00
9485,1004,694,1989.26,37,2024-06-12 04:36:00
9486,1021,349,1374.58,4,2024-11-04 18:40:00
9487,1021,757,895.13,17,2024-11-09 17:31:00
9488,1013,822,622.73,24,2024-10-11 01:40:00
9489,1011,852,912.14,13,2024-06-15 01:27:00
9490,1018,409,1075.46,2,2024-07-27 06:49:00
9491,1005,786,758.97,5,2024-08-11 20:21:00
9492,1009,757,1359.99,35,2024-08-18 08:27:00
9493,1013,184,669.42,2,2024-06-30 14:46:00
9494,1000,791,404.78,20,2024-10-13 22:06:00
9495,1020,827,1935.27,44,2024-09-02 16:01:00
9496,1031,344,1519.04,48,2024-08-13 16:17:00
9497,1014,734,373.51,27,2024-10-26 02:24:00
9498,1010,24,1380.16,19,2024-09-20 13:17:00
9499,1039,910,1481.22,48,2024-07-18 19:43:00
9500,1043,641,375.01,22,2024-11-02 17:06:00
9501,1001,699,1742.71,29,2024-11-26 04:19:00
9502,1037,393,716.85,37,2024-10-12 08:58:00
9503,1009,792,150.27,16,2024-11-06 23:51:00
9504,1028,849,423.62,15,2024-11-12 23:49:00
9505,1000,994,1264.02,14,2024-06-19 03:33:00
9506,1039,400,325.06,4,2024-09-27 11:00:00
9507,1023,41,1233.2,38,2024-09-09 22:39:00
9508,1031,897,1247.25,30,2024-07-27 15:00:00
9509,1045,845,181.95,11,2024-10-31 08:06:00
9510,1007,923,844.44,2,2024-10-28 06:06:00
9511,1037,407,1970.62,15,2024-09-13 14:55:00
9512,1000,591,1089.59,46,2024-07-07 10:15:00
9513,1037,234,1694.35,2,2024-09-20 20:01:00
9514,1023,932,1036.02,34,2024-06-13 15:28:00
9515,1022,252,1912.97,21,2024-06-24 18:28:00
9516,1048,225,706.94,11,2024-08-15 12:36:00
9517,1031,129,319.89,36,2024-07-19 12:24:00
9518,1029,989,1006.97,24,2024-08-17 15:57:00
9519,1035,965,1045.4,43,2024-06-15 09:34:00
9520,1027,717,1565.49,2,2024-08-02 19:25:00
9521,1014,916,314.6,10,2024-09-26 14:15:00
9522,1033,932,1271.27,32,2024-08-12 10:37:00
9523,1036,375,1442.4,48,2024-09-13 12:54:00
9524,1024,786,1944.61,2,2024-11-19 19:30:00
9525,1035,91,166.55,15,2024-09-08 06:04:00
9526,1040,749,412.58,43,2024-07-02 02:56:00
9527,1009,519,1470.52,46,2024-08-11 09:47:00
9528,1048,112,1495.04,38,2024-07-09 16:57:00
9529,1041,878,891.23,17,2024-09-24 04:28:00
9530,1001,395,658.74,30,2024-08-06 14:45:00
9531,1035,393,1759.53,41,2024-11-09 10:39:00
9532,1013,222,1618.38,7,2024-07-13 00:20:00
9533,1011,264,607.03,15,2024-09-19 02:55:00
9534,1023,615,1097.01,29,2024-06-05 16:28:00
9535,1004,336,1679.37,14,2024-10-26 21:02:00
9536,1048,361,995.22,19,2024-07-17 09:19:00
9537,1047,637,894.66,5,2024-11-22 19:19:00
9538,1026,473,986.65,6,2024-07-09 21:40:00
9539,1037,205,647.02,7,2024-09-10 05:17:00
9540,1032,921,1915.0,41,2024-06-25 22:36:00
9541,1035,903,1562.14,31,2024-06-21 08:11:00
9542,1046,2,1284.02,41,2024-06-02 05:34:00
9543,1015,510,412.72,18,2024-09-18 00:02:00
9544,1038,30,962.75,5,2024-10-12 07:40:00
9545,1027,938,83.94,36,2024-09-09 20:46:00
9546,1006,919,511.83,13,2024-07-14 16:41:00
9547,1007,723,1306.66,19,2024-10-03 02:17:00
9548,1002,741,520.48,50,2024-07-09 03:51:00
9549,1011,92,1537.79,38,2024-06-28 12:16:00
9550,1009,65,294.5,1,2024-08-29 07:13:00
9551,1009,118,1835.38,14,2024-11-02 08:10:00
9552,1020,388,953.53,4,2024-09-05 22:20:00
9553,1046,100,1324.2,44,2024-07-09 13:32:00
9554,1006,942,1028.95,25,2024-06-13 01:50:00
9555,1026,898,202.45,33,2024-08-03 02:10:00
9556,1032,190,119.85,32,2024-11-27 23:03:00
9557,1048,831,1306.29,41,2024-11-16 21:48:00
9558,1000,577,1420.13,36,2024-08-07 14:26:00
9559,1032,734,91.98,5,2024-06-22 06:57:00
9560,1032,444,912.3,41,2024-07-16 07:12:00
9561,1012,2,330.56,7,2024-08-22 14:28:00
9562,1036,972,976.79,4,2024-11-25 03:29:00
9563,1028,161,550.65,20,2024-06-12 16:29:00
9564,1010,630,920.62,26,2024-09-11 07:06:00
9565,1013,440,1404.94,13,2024-11-10 20:14:00
9566,1017,794,1114.5,22,2024-08-31 14:13:00
9567,1018,219,1609.81,21,2024-11-28 05:55:00
9568,1030,434,1307.88,21,2024-11-08 19:03:00
9569,1013,177,447.94,41,2024-10-18 19:41:00
9570,1023,308,92.7,34,2024-08-03 01:10:00
9571,1009,768,1357.19,22,2024-06-07 13:31:00
9572,1025,640,845.9,39,2024-08-19 00:25:00
9573,1005,174,1950.35,33,2024-09-14 19:11:00
9574,1010,188,293.31,7,2024-08-27 14:08:00
9575,1026,815,599.22,34,2024-07-02 17:42:00
9576,1034,836,1637.67,9,2024-10-22 20:14:00
9577,1027,481,1603.2,33,2024-07-01 21:17:00
9578,1044,163,1402.16,24,2024-06-19 17:58:00
9579,1034,694,1699.74,50,2024-08-24 17:06:00
9580,1002,679,1370.93,2,2024-07-05 16:11:00
9581,1020,820,924.86,20,2024-06-10 15:40:00
9582,1047,194,1550.21,24,2024-10-13 13:03:00
9583,1032,250,1568.22,37,2024-07-31 14:29:00
9584,1021,895,1942.14,11,2024-09-18 06:23:00
9585,1008,261,1433.24,38,2024-11-13 08:38:00
9586,1042,238,1065.78,13,2024-06-04 12:09:00
9587,1027,592,1064.61,10,2024-06-21 12:09:00
9588,1032,909,920.63,25,2024-09-21 15:11:00
9589,1043,10,1195.88,10,2024-10-04 17:08:00
9590,1035,442,195.82,36,2024-08-20 01:14:00
9591,1028,662,486.43,20,2024-07-06 01:00:00
9592,1012,235,1274.63,22,2024-10-30 17:20:00
9593,1016,838,1479.35,32,2024-09-08 12:11:00
9594,1028,71,1574.18,34,2024-10-10 16:55:00
9595,1030,144,61695.49,20,2024-10-11 04:00:00
9596,1010,513,1953.26,17,2024-09-28 08:06:00
9597,1004,264,1214.26,15,2024-07-06 23:22:00
9598,1025,805,1116.26,25,2024-07-13 20:45:00
9599,1040,899,114.95,17,2024-08-21 01:04:00
9600,1042,6,862.11,26,2024-07-08 18:32:00
9601,1035,687,1810.15,7,2024-09-23 12:06:00
9602,1015,98,222.52,5,2024-08-25 05:09:00
9603,1046,340,576.73,37,2024-11-17 02:56:00
9604,1040,312,890.65,38,2024-06-04 18:21:00
9605,1005,656,409.95,25,2024-07-20 07:14:00
9606,1002,91,582.1,16,2024-10-07 16:18:00
9607,1046,48,897.47,20,2024-10-08 09:50:00
9608,1041,334,829.01,28,2024-09-08 04:10:00
9609,1041,891,744.61,7,2024-10-18 04:56:00
9610,1036,790,1854.57,29,2024-07-19 16:07:00
9611,1010,720,462.37,23,2024-10-02 06:45:00
9612,1040,139,759.33,40,2024-06-21 16:50:00
9613,1018,730,1383.43,11,2024-11-06 14:47:00
9614,1000,891,1215.58,16,2024-08-01 00:33:00
9615,1002,653,1106.43,29,2024-08-31 23:17:00
9616,1015,249,1274.45,37,2024-10-28 22:36:00
9617,1008,365,1740.98,28,2024-09-11 03:39:00
9618,1018,959,162.4,19,2024-07-21 06:59:00
9619,1027,174,1576.33,35,2024-10-06 20:12:00
9620,1049,742,479.45,46,2024-11-14 17:32:00
9621,1006,716,1009.1,17,2024-08-26 22:26:00
9622,1044,758,1131.63,14,2024-08-01 19:52:00
9623,1007,155,868.93,47,2024-11-07 04:48:00
9624,1026,165,476.84,24,2024-10-26 07:26:00
9625,1029,412,223.79,42,2024-09-19 06:40:00
9626,1021,162,898.28,43,2024-10-12 07:35:00
9627,1018,861,1273.36,38,2024-09-10 16:13:00
9628,1012,377,888.11,22,2024-09-02 11:07:00
9629,1020,856,1831.22,44,2024-07-16 03:44:00
9630,1000,533,259.19,25,2024-07-05 06:12:00
9631,1049,695,1347.92,25,2024-10-22 22:19:00
9632,1026,334,296.46,48,2024-08-09 00:18:00
9633,1019,678,1994.45,32,2024-09-05 03:52:00
9634,1035,337,1905.62,47,2024-08-10 06:38:00
9635,1041,555,1527.04,40,2024-10-05 19:39:00
9636,1031,561,1699.61,49,2024-10-28 05:43:00
9637,1027,153,1650.25,44,2024-10-06 04:08:00
9638,1005,634,583.24,5,2024-08-15 12:41:00
9639,1033,72,470.63,14,2024-07-02 06:55:00
9640,1031,330,907.14,38,2024-07-30 12:07:00
9641,1041,879,758.56,28,2024-10-02 04:02:00
9642,1004,287,208.55,14,2024-06-24 15:18:00
9643,1022,48,1617.69,3,2024-11-10 22:28:00
9644,1026,979,449.24,29,2024-11-01 17:57:00
9645,1002,504,1931.57,15,2024-06-14 09:25:00
9646,1007,530,62.56,24,2024-09-19 21:28:00
9647,1036,284,83.91,27,2024-06-02 18:30:00
9648,1016,783,1623.13,3,2024-11-25 15:11:00
9649,1013,943,1010.17,4,2024-08-09 08:24:00
9650,1008,515,1327.51,9,2024-11-27 06:54:00
9651,1020,873,1479.58,19,2024-08-12 20:03:00
9652,1034,521,1321.95,50,2024-09-09 11:06:00
9653,1017,611,354.63,7,2024-06-24 04:05:00
9654,1047,491,1106.77,11,2024-06-12 16:56:00
9655,1038,140,1444.65,15,2024-09-03 18:40:00
9656,1047,790,1667.15,4,2024-11-24 21:48:00
9657,1033,391,542.9,28,2024-10-10 18:11:00
9658,1035,742,1169.86,24,2024-06-04 08:53:00
9659,1024,344,1591.99,42,2024-08-26 21:25:00
9660,1017,829,1050.66,44,2024-09-08 20:43:00
9661,1043,49,1030.35,25,2024-07-28 11:11:00
9662,1003,141,1245.86,41,2024-08-24 22:39:00
9663,1003,226,1470.88,36,2024-06-27 17:15:00
9664,1049,971,1445.49,44,2024-07-05 12:40:00
9665,1041,517,560.01,50,2024-11-10 17:40:00
9666,1026,973,884.26,35,2024-09-11 09:27:00
9667,1019,503,934.85,33,2024-06-08 21:09:00
9668,1045,632,1689.19,44,2024-10-28 23:16:00
9669,1046,394,1930.74,8,2024-07-19 15:55:00
9670,1026,988,1367.04,25,2024-09-18 20:31:00
9671,1017,560,199.23,24,2024-08-13 22:40:00
9672,1023,49,575.57,15,2024-07-02 06:02:00
9673,1033,840,111.89,15,2024-06-18 23:07:00
9674,1020,605,617.84,12,2024-09-20 17:56:00
9675,1015,96,1939.07,40,2024-11-08 15:23:00
9676,1045,797,467.99,20,2024-07-17 12:17:00
9677,1008,475,1537.27,25,2024-09-05 13:34:00
9678,1020,588,1051.99,37,2024-11-21 15:02:00
9679,1041,326,735.44,28,2024-08-05 10:20:00
9680,1041,249,1872.41,20,2024-06-04 19:49:00
9681,1041,435,781.64,43,2024-07-25 11:57:00
9682,1022,756,468.68,29,2024-09-06 17:06:00
9683,1041,334,1874.22,40,2024-08-11 07:07:00
9684,1014,604,761.47,3,2024-08-06 21:06:00
9685,1022,68,1351.15,29,2024-08-26 07:50:00
9686,1009,840,664.6,22,2024-07-11 14:07:00
9687,1002,257,1806.68,38,2024-10-01 11:14:00
9688,1009,583,967.1,26,2024-08-11 01:08:00
9689,1023,754,1232.97,13,2024-09-05 06:49:00
9690,1004,207,231.91,20,2024-08-11 08:56:00
9691,1043,579,992.07,26,2024-06-23 11:38:00
9692,1007,171,1372.91,6,2024-10-01 04:17:00
9693,1027,611,1261.06,28,2024-08-31 10:57:00
9694,1038,569,557.89,33,2024-08-29 18:13:00
9695,1005,157,229.93,33,2024-10-07 01:49:00
9696,1004,881,1428.63,14,2024-08-01 23:04:00
9697,1020,980,1589.18,43,2024-08-17 12:37:00
9698,1004,336,307.6,9,2024-06-13 01:33:00
9699,1028,390,1533.45,38,2024-06-10 21:03:00
9700,1010,971,462.93,36,2024-10-19 18:32:00
9701,1006,571,176.77,2,2024-10-01 16:01:00
9702,1019,604,1715.97,38,2024-06-11 08:29:00
9703,1026,493,1253.04,8,2024-09-21 08:32:00
9704,1039,412,1074.77,4,2024-08-03 01:20:00
9705,1039,38,1152.82,27,2024-08-24 20:38:00
9706,1039,945,1225.38,29,2024-09-07 06:20:00
9707,1030,278,214.33,40,2024-06-03 00:38:00
9708,1041,330,1492.08,17,2024-10-10 10:06:00
9709,1033,76,509.68,11,2024-06-16 00:29:00
9710,1021,112,653.97,3,2024-07-10 13:54:00
9711,1047,456,1425.75,22,2024-08-11 10:20:00
9712,1018,26,1024.26,25,2024-10-17 20:44:00
9713,1028,878,1551.22,33,2024-10-26 14:27:00
9714,1014,31,1733.88,39,2024-07-19 18:57:00
9715,1006,208,1143.07,7,2024-07-11 11:29:00
9716,1000,392,712.88,22,2024-10-16 08:52:00
9717,1041,109,376.32,43,2024-08-17 02:33:00
9718,1047,781,1299.37,16,2024-07-22 06:51:00
9719,1010,939,689.36,29,2024-11-15 22:04:00
9720,1002,266,825.58,18,2024-10-30 12:57:00
9721,1007,523,604.0,15,2024-08-17 00:03:00
9722,1022,81,638.61,33,2024-10-09 02:25:00
9723,1028,516,1905.73,48,2024-06-29 16:14:00
9724,1003,379,460.31,29,2024-11-05 00:46:00
9725,1015,471,140.61,48,2024-08-10 03:22:00
9726,1037,525,487.96,12,2024-06-25 15:12:00
9727,1022,312,890.91,41,2024-09-23 22:14:00
9728,1023,143,258.9,20,2024-08-14 06:01:00
9729,1002,201,592.45,13,2024-08-31 01:51:00
9730,1013,576,1367.1,37,2024-10-31 15:52:00
9731,1010,244,453.28,14,2024-06-08 16:15:00
9732,1023,605,1053.85,2,2024-06-20 09:22:00
9733,1007,49,1906.89,11,2024-10-01 23:09:00
9734,1012,640,1367.85,48,2024-08-04 02:33:00
9735,1039,283,1763.11,31,2024-09-29 12:40:00
9736,1030,387,1150.52,42,2024-09-23 05:09:00
9737,1046,90,1984.14,27,2024-08-22 09:09:00
9738,1011,421,1652.22,1,2024-08-12 09:57:00
9739,1015,960,61.26,34,2024-07-20 01:33:00
9740,1028,22,1005.96,16,2024-07-28 02:41:00
9741,1040,646,490.74,42,2024-10-01 14:24:00
9742,1040,494,646.27,28,2024-10-12 01:18:00
9743,1004,176,1374.2,7,2024-11-14 17:02:00
9744,1032,475,1254.93,44,2024-09-24 00:41:00
9745,1048,237,1951.67,24,2024-08-02 03:36:00
9746,1044,686,1021.53,21,2024-08-17 10:56:00
9747,1022,717,665.27,6,2024-09-21 11:57:00
9748,1022,384,1970.74,25,2024-07-11 20:35:00
9749,1020,715,619.03,23,2024-09-23 10:54:00
9750,1030,112,1557.07,7,2024-09-25 17:05:00
9751,1016,553,745.81,48,2024-06-27 22:41:00
9752,1025,638,1026.32,30,2024-07-23 05:25:00
9753,1043,923,1400.2,36,2024-07-30 09:57:00
9754,1044,158,1867.95,1,2024-08-18 02:49:00
9755,1006,131,1191.62,21,2024-11-21 22:27:00
9756,1033,175,1304.78,21,2024-10-29 20:54:00
9757,1032,939,839.71,31,2024-10-18 00:11:00
9758,1009,293,768.09,38,2024-11-26 20:16:00
9759,1041,201,575.1,6,2024-06-12 22:25:00
9760,1042,57,529.03,46,2024-11-15 07:15:00
9761,1014,305,1631.5,19,2024-06-24 01:31:00
9762,1026,835,1910.61,35,2024-09-03 10:51:00
9763,1030,847,810.21,21,2024-10-27 22:10:00
9764,1034,979,523.32,5,2024-07-10 01:07:00
9765,1013,630,1565.07,43,2024-09-07 14:03:00
9766,1049,303,1895.96,32,2024-06-10 00:49:00
9767,1023,656,63.39,6,2024-08-31 19:08:00
9768,1020,488,167.37,30,2024-09-30 12:24:00
9769,1021,673,1919.47,49,2024-10-12 06:59:00
9770,1048,67,1942.76,36,2024-09-11 15:35:00
9771,1018,480,404.81,2,2024-06-23 19:02:00
9772,1045,638,244.45,43,2024-09-29 05:59:00
9773,1043,964,70.04,29,2024-10-24 09:10:00
9774,1048,129,404.18,38,2024-07-06 17:45:00
9775,1013,834,1632.78,34,2024-10-20 20:05:00
9776,1024,63,1468.37,44,2024-08-23 17:55:00
9777,1002,118,1916.33,45,2024-09-11 22:54:00
9778,1045,531,1256.56,13,2024-10-27 08:47:00
9779,1024,341,758.17,6,2024-10-16 11:40:00
9780,1038,416,567.5,39,2024-07-24 12:30:00
9781,1007,840,779.95,46,2024-06-09 06:05:00
9782,1021,935,1556.4,39,2024-06-29 22:00:00
9783,1017,911,573.95,39,2024-11-25 02:31:00
9784,1042,475,1767.53,39,2024-10-27 14:07:00
9785,1034,420,1323.03,35,2024-06-18 14:11:00
9786,1032,102,531.68,29,2024-09-11 04:37:00
9787,1023,695,1744.61,19,2024-10-10 23:43:00
9788,1034,558,1010.18,46,2024-11-13 15:23:00
9789,1043,140,1263.22,12,2024-06-27 11:55:00
9790,1017,802,1664.62,5,2024-10-29 15:53:00
9791,1024,944,321.54,16,2024-07-05 13:16:00
9792,1022,348,1518.81,15,2024-09-17 20:15:00
9793,1037,996,894.63,15,2024-06-18 04:20:00
9794,1034,753,369.93,25,2024-09-08 17:29:00
9795,1012,979,198.42,5,2024-07-06 06:03:00
9796,1037,329,1323.84,10,2024-08-27 19:36:00
9797,1009,821,1924.64,34,2024-06-02 02:26:00
9798,1048,905,1216.37,12,2024-10-02 05:59:00
9799,1034,122,59637.24,29,2024-10-22 00:07:00
9800,1039,431,1297.14,47,2024-07-21 04:36:00
9801,1023,884,1525.76,33,2024-11-20 19:40:00
9802,1012,194,425.05,1,2024-07-19 01:50:00
9803,1009,379,1821.33,6,2024-08-14 19:06:00
9804,1004,830,1282.49,23,2024-07-25 16:02:00
9805,1040,742,890.72,4,2024-07-09 23:27:00
9806,1038,962,749.58,30,2024-08-30 09:29:00
9807,1005,767,254.0,15,2024-08-28 02:35:00
9808,1007,736,1906.43,18,2024-08-31 05:26:00
9809,1047,431,1605.92,17,2024-10-06 09:04:00
9810,1026,318,389.95,12,2024-07-01 09:50:00
9811,1012,426,739.07,45,2024-10-20 18:24:00
9812,1005,372,1143.43,37,2024-09-28 23:17:00
9813,1030,236,1241.57,9,2024-08-12 03:44:00
9814,1027,705,1609.02,25,2024-11-08 13:09:00
9815,1045,635,1612.4,42,2024-08-11 20:16:00
9816,1029,851,937.03,24,2024-07-03 06:25:00
9817,1026,631,1516.8,2,2024-10-24 16:36:00
9818,1033,219,1069.03,32,2024-11-15 14:46:00
9819,1031,537,861.26,12,2024-08-07 10:06:00
9820,1039,51,1558.48,23,2024-09-08 04:30:00
9821,1032,222,793.15,22,2024-11-18 12:07:00
9822,1013,525,955.81,2,2024-11-22 09:46:00
9823,1039,963,1094.38,40,2024-09-14 10:52:00
9824,1021,48,1446.93,3,2024-07-21 20:45:00
9825,1013,780,733.48,2,2024-06-25 16:33:00
9826,1035,389,1142.03,32,2024-06-25 02:49:00
9827,1024,173,1102.1,35,2024-11-19 11:16:00
9828,1041,626,1791.03,4,2024-08-31 18:01:00
9829,1022,150,746.24,13,2024-06-28 08:34:00
9830,1029,766,352.15,50,2024-10-13 23:53:00
9831,1031,676,144.66,24,2024-10-09 04:42:00
9832,1003,189,1141.15,18,2024-10-07 20:23:00
9833,1030,384,493.56,38,2024-08-12 13:03:00
9834,1004,397,685.63,16,2024-08-23 21:55:00
9835,1023,668,505.22,3,2024-09-30 04:19:00
9836,1018,589,1472.6,9,2024-08-05 08:16:00
9837,1045,619,1935.75,30,2024-11-25 18:12:00
9838,1042,950,248.99,32,2024-07-12 09:58:00
9839,1035,27,1710.13,32,2024-08-22 07:48:00
9840,1019,278,1504.44,7,2024-09-18 07:14:00
9841,1015,154,461.49,6,2024-08-30 00:56:00
9842,1038,103,490.85,20,2024-11-13 20:59:00
9843,1003,586,1504.52,24,2024-10-08 03:07:00
9844,1013,389,624.5,31,2024-11-02 04:27:00
9845,1041,483,1858.67,45,2024-10-26 21:26:00
9846,1020,507,113.26,4,2024-09-24 16:50:00
9847,1012,291,1533.9,12,2024-09-08 17:26:00
9848,1048,708,52.8,18,2024-11-19 01:55:00
9849,1033,972,1910.02,39,2024-10-24 15:41:00
9850,1012,424,1167.13,33,2024-06-01 21:17:00
9851,1008,594,452.01,5,2024-10-16 09:26:00
9852,1034,445,868.91,19,2024-07-23 17:26:00
9853,1020,713,1402.09,11,2024-09-04 22:19:00
9854,1030,187,830.08,16,2024-11-24 20:16:00
9855,1011,926,1336.98,30,2024-11-28 01:20:00
9856,1047,69,1566.84,47,2024-09-02 05:54:00
9857,1036,569,362.77,13,2024-08-27 08:31:00
9858,1029,944,906.51,22,2024-11-04 14:05:00
9859,1043,819,428.62,24,2024-11-03 17:40:00
9860,1041,988,1751.99,26,2024-09-30 09:06:00
9861,1013,694,362.12,22,2024-10-07 16:12:00
9862,1005,697,1815.78,26,2024-11-01 21:20:00
9863,1040,43,1682.71,3,2024-07-24 16:26:00
9864,1004,429,1210.87,3,2024-11-27 02:23:00
9865,1033,33,1314.96,15,2024-06-28 08:49:00
9866,1030,666,746.8,23,2024-08-20 00:19:00
9867,1044,113,1727.25,25,2024-11-24 05:42:00
9868,1033,445,112.8,47,2024-11-04 04:45:00
9869,1044,266,998.84,27,2024-08-03 07:13:00
9870,1010,691,833.7,1,2024-09-28 02:48:00
9871,1023,136,1359.31,19,2024-11-27 18:01:00
9872,1031,219,500.92,37,2024-10-17 12:07:00
9873,1034,734,287.21,15,2024-09-28 23:53:00
9874,1032,74,1013.1,33,2024-10-25 10:07:00
9875,1045,116,1295.91,7,2024-07-19 17:43:00
9876,1002,907,342.12,27,2024-06-19 18:58:00
9877,1012,222,1195.76,44,2024-10-17 02:06:00
9878,1023,267,780.75,19,2024-11-24 00:05:00
9879,1024,51,1478.81,43,2024-11-03 03:02:00
9880,1034,914,418.32,38,2024-11-15 15:26:00
9881,1031,400,1137.31,2,2024-09-02 17:17:00
9882,1032,202,1027.4,30,2024-06-25 11:33:00
9883,1014,949,1827.07,25,2024-06-05 07:40:00
9884,1041,367,718.08,12,2024-09-26 07:22:00
9885,1025,950,1703.41,42,2024-11-25 13:37:00
9886,1009,981,91.17,43,2024-09-27 16:54:00
9887,1034,916,1117.11,2,2024-09-19 22:00:00
9888,1002,264,1105.95,5,2024-08-22 16:22:00
9889,1000,518,1975.72,13,2024-06-09 11:36:00
9890,1020,700,665.89,6,2024-11-23 18:07:00
9891,1045,86,1451.51,40,2024-09-06 01:10:00
9892,1015,829,1422.87,18,2024-07-24 10:20:00
9893,1002,207,287.15,19,2024-07-02 11:55:00
9894,1018,583,1820.23,3,2024-07-10 11:02:00
9895,1024,886,1490.41,34,2024-08-10 19:41:00
9896,1001,77,1659.7,48,2024-08-12 02:19:00
9897,1029,618,1662.93,18,2024-08-02 03:07:00
9898,1021,219,157.28,45,2024-07-11 08:51:00
9899,1017,760,1618.4,34,2024-09-25 09:38:00
9900,1029,44,409.41,28,2024-09-16 20:29:00
9901,1010,143,1616.12,33,2024-08-07 05:51:00
9902,1049,647,747.84,35,2024-11-08 22:23:00
9903,1013,881,632.22,3,2024-07-07 01:49:00
9904,1009,764,143.54,47,2024-08-04 22:48:00
9905,1037,132,129.81,36,2024-06-17 11:36:00
9906,1047,714,1159.99,20,2024-06-05 02:07:00
9907,1039,553,147.27,6,2024-11-26 06:54:00
9908,1002,495,1924.97,50,2024-08-13 17:34:00
9909,1031,320,932.48,24,2024-06-24 03:50:00
9910,1038,223,515.85,23,2024-08-01 13:31:00
9911,1004,541,509.06,50,2024-10-18 06:12:00
9912,1031,958,570.4,42,2024-06-27 07:51:00
9913,1043,811,1274.63,21,2024-07-13 04:23:00
9914,1009,518,196.04,45,2024-11-11 14:28:00
9915,1029,605,607.98,44,2024-10-09 06:22:00
9916,1008,732,592.65,8,2024-07-09 11:32:00
9917,1002,657,171.68,4,2024-07-21 03:04:00
9918,1019,302,492.24,18,2024-10-26 17:33:00
9919,1040,320,1047.05,27,2024-08-12 00:15:00
9920,1008,257,1738.58,42,2024-11-02 21:00:00
9921,1030,269,76993.72,22,2024-11-13 02:55:00
9922,1032,370,1568.29,12,2024-06-19 01:19:00
9923,1035,699,951.0,25,2024-07-30 08:00:00
9924,1003,330,979.5,24,2024-06-11 14:40:00
9925,1000,799,1224.83,50,2024-06-01 23:57:00
9926,1021,318,394.28,21,2024-06-12 12:46:00
9927,1017,907,1929.33,26,2024-09-17 00:15:00
9928,1012,857,1375.8,16,2024-11-04 22:46:00
9929,1013,695,583.84,21,2024-06-22 16:08:00
9930,1019,495,145.11,50,2024-11-25 14:11:00
9931,1039,51,77834.11,46,2024-09-11 01:14:00
9932,1018,120,374.23,23,2024-07-10 01:04:00
9933,1025,989,1077.16,42,2024-08-23 13:22:00
9934,1009,140,416.42,22,2024-10-08 03:34:00
9935,1034,470,1487.21,48,2024-07-09 13:59:00
9936,1038,818,1472.89,5,2024-10-24 18:29:00
9937,1003,331,155.1,8,2024-11-17 00:17:00
9938,1008,213,1201.83,17,2024-08-14 09:41:00
9939,1023,544,378.06,34,2024-08-02 14:16:00
9940,1008,308,325.01,31,2024-09-20 06:02:00
9941,1035,652,1131.17,19,2024-08-13 23:16:00
9942,1029,646,732.17,16,2024-09-08 19:22:00
9943,1028,781,1967.61,8,2024-11-23 17:02:00
9944,1021,174,881.28,22,2024-09-01 12:55:00
9945,1018,533,1786.8,33,2024-10-19 13:41:00
9946,1031,209,86.38,27,2024-08-01 01:45:00
9947,1042,172,530.44,50,2024-06-03 12:46:00
9948,1016,710,146.15,18,2024-08-03 15:07:00
9949,1007,560,874.47,50,2024-11-21 14:14:00
9950,1017,635,1521.53,17,2024-07-22 12:36:00
9951,1005,809,27261.56,3,2024-08-06 09:07:00
9952,1044,64,1939.38,30,2024-10-23 14:58:00
9953,1045,482,1036.55,27,2024-10-08 13:03:00
9954,1046,735,152.68,10,2024-07-18 11:29:00
9955,1040,932,967.54,14,2024-08-16 13:57:00
9956,1013,916,1411.7,33,2024-08-27 06:43:00
9957,1013,583,1570.62,2,2024-10-07 23:01:00
9958,1033,175,319.08,8,2024-08-15 04:53:00
9959,1022,918,1859.18,15,2024-10-27 10:11:00
9960,1031,330,1355.14,20,2024-10-28 00:11:00
9961,1047,780,152.46,4,2024-08-27 23:15:00
9962,1007,108,1044.95,23,2024-10-10 02:09:00
9963,1031,656,188.16,2,2024-08-09 14:04:00
9964,1040,732,637.11,5,2024-07-09 20:30:00
9965,1043,260,1961.49,1,2024-09-21 13:06:00
9966,1032,659,1590.25,45,2024-06-05 04:42:00
9967,1027,602,571.49,40,2024-09-28 17:43:00
9968,1016,623,1574.26,41,2024-07-14 00:26:00
9969,1019,194,140.3,20,2024-11-08 02:09:00
9970,1038,434,379.03,16,2024-07-09 01:24:00
9971,1017,141,69.32,14,2024-06-13 14:09:00
9972,1040,698,757.64,15,2024-10-04 23:45:00
9973,1048,305,724.07,13,2024-08-08 06:00:00
9974,1016,874,1770.65,30,2024-07-15 12:34:00
9975,1012,222,238.1,37,2024-06-10 12:21:00
9976,1008,474,1572.03,8,2024-06-26 22:59:00
9977,1042,54,95.9,46,2024-11-28 03:05:00
9978,1013,343,1073.65,9,2024-07-16 18:02:00
9979,1037,180,164.72,1,2024-11-07 03:34:00
9980,1046,565,681.38,38,2024-10-29 05:22:00
9981,1016,955,185.61,1,2024-06-05 13:51:00
9982,1026,221,1553.83,26,2024-08-19 08:32:00
9983,1015,91,694.22,41,2024-09-25 19:56:00
9984,1017,948,1074.43,32,2024-08-01 15:54:00
9985,1001,937,788.2,22,2024-09-13 15:18:00
9986,1039,902,412.92,4,2024-11-24 16:01:00
9987,1032,308,85.78,38,2024-10-15 13:39:00
9988,1000,538,1525.02,10,2024-08-10 12:38:00
9989,1048,517,822.86,46,2024-10-06 18:50:00
9990,1046,350,842.56,33,2024-08-21 07:47:00
9991,1027,233,1668.33,22,2024-09-16 16:21:00
9992,1035,33,1822.85,49,2024-06-07 02:21:00
9993,1043,544,1357.27,29,2024-10-02 22:52:00
